#
# There is insufficient memory for the Java Runtime Environment to continue.
# Native memory allocation (mmap) failed to map 22020096 bytes. Error detail: G1 virtual space
# Possible reasons:
#   The system is out of physical RAM or swap space
#   This process is running with CompressedOops enabled, and the Java Heap may be blocking the growth of the native heap
# Possible solutions:
#   Reduce memory load on the system
#   Increase physical memory or swap space
#   Check if swap backing store is full
#   Decrease Java heap size (-Xmx/-Xms)
#   Decrease number of Java threads
#   Decrease Java thread stack sizes (-Xss)
#   Set larger code cache with -XX:ReservedCodeCacheSize=
#   JVM is running with Unscaled Compressed Oops mode in which the Java heap is
#     placed in the first 4GB address space. The Java Heap base address is the
#     maximum limit for the native heap growth. Please use -XX:HeapBaseMinAddress
#     to set the Java Heap base and to place the Java Heap above 4GB virtual address.
# This output file may be truncated or incomplete.
#
#  Out of Memory Error (os_windows.cpp:3898), pid=6540, tid=25568
#
# JRE version: OpenJDK Runtime Environment (21.0.7) (build 21.0.7+-13880790-b1038.58)
# Java VM: OpenJDK 64-Bit Server VM (21.0.7+-13880790-b1038.58, mixed mode, tiered, compressed oops, compressed class ptrs, g1 gc, windows-amd64)
# No core dump will be written. Minidumps are not enabled by default on client versions of Windows
#

---------------  S U M M A R Y ------------

Command Line: --add-opens=java.base/java.lang=ALL-UNNAMED --add-opens=java.base/java.lang.invoke=ALL-UNNAMED --add-opens=java.base/java.util=ALL-UNNAMED --add-opens=java.prefs/java.util.prefs=ALL-UNNAMED --add-exports=jdk.compiler/com.sun.tools.javac.api=ALL-UNNAMED --add-exports=jdk.compiler/com.sun.tools.javac.util=ALL-UNNAMED --add-opens=java.base/java.util=ALL-UNNAMED --add-opens=java.prefs/java.util.prefs=ALL-UNNAMED --add-opens=java.base/java.nio.charset=ALL-UNNAMED --add-opens=java.base/java.net=ALL-UNNAMED --add-opens=java.base/java.util.concurrent.atomic=ALL-UNNAMED --add-opens=java.xml/javax.xml.namespace=ALL-UNNAMED -Xmx2048m -Dfile.encoding=UTF-8 -Duser.country=US -Duser.language=en -Duser.variant -javaagent:C:\Users\HP\.gradle\wrapper\dists\gradle-8.13-bin\5xuhj0ry160q40clulazy9h7d\gradle-8.13\lib\agents\gradle-instrumentation-agent-8.13.jar org.gradle.launcher.daemon.bootstrap.GradleDaemon 8.13

Host: Intel(R) Core(TM) i5-8365U CPU @ 1.60GHz, 8 cores, 15G,  Windows 11 , 64 bit Build 26100 (10.0.26100.8521)
Time: Thu Jul  9 10:36:19 2026 E. Africa Standard Time elapsed time: 38.360701 seconds (0d 0h 0m 38s)

---------------  T H R E A D  ---------------

Current thread (0x0000020d5efe8cb0):  VMThread "VM Thread"          [id=25568, stack(0x00000088fd300000,0x00000088fd400000) (1024K)]

Stack: [0x00000088fd300000,0x00000088fd400000]
Native frames: (J=compiled Java code, j=interpreted, Vv=VM code, C=native code)
V  [jvm.dll+0x6d25c9]
V  [jvm.dll+0x860923]
V  [jvm.dll+0x862e7e]
V  [jvm.dll+0x863563]
V  [jvm.dll+0x27f156]
V  [jvm.dll+0x6ceee5]
V  [jvm.dll+0x6c29aa]
V  [jvm.dll+0x355ebb]
V  [jvm.dll+0x35db16]
V  [jvm.dll+0x3afb16]
V  [jvm.dll+0x3afde8]
V  [jvm.dll+0x32855c]
V  [jvm.dll+0x32af66]
V  [jvm.dll+0x334ebd]
V  [jvm.dll+0x36c555]
V  [jvm.dll+0x8692e8]
V  [jvm.dll+0x86a664]
V  [jvm.dll+0x86aba0]
V  [jvm.dll+0x86ae33]
V  [jvm.dll+0x808d08]
V  [jvm.dll+0x6d0e1d]
C  [ucrtbase.dll+0x2cd30]
C  [KERNEL32.DLL+0x2e957]
C  [ntdll.dll+0x87c1c]

VM_Operation (0x00000088fceff420): G1PauseRemark, mode: safepoint, requested by thread 0x0000020d478d5490


---------------  P R O C E S S  ---------------

Threads class SMR info:
_java_thread_list=0x0000020d65cf87c0, length=82, elements={
0x0000020d454a6470, 0x0000020d5f034f30, 0x0000020d5f049ee0, 0x0000020d5f04a940,
0x0000020d5f0539d0, 0x0000020d5f064970, 0x0000020d5f0653d0, 0x0000020d5f065e30,
0x0000020d5f04c9c0, 0x0000020d5f08ac90, 0x0000020d5f49b380, 0x0000020d64f44080,
0x0000020d6536c230, 0x0000020d653e1140, 0x0000020d6540e6f0, 0x0000020d653a6910,
0x0000020d65434470, 0x0000020d65434ae0, 0x0000020d654730c0, 0x0000020d65474470,
0x0000020d65473750, 0x0000020d65473de0, 0x0000020d65471d10, 0x0000020d65475190,
0x0000020d654723a0, 0x0000020d65472a30, 0x0000020d66eaa430, 0x0000020d66ea9710,
0x0000020d66eaaac0, 0x0000020d66ea89f0, 0x0000020d66ea9080, 0x0000020d66ea7cd0,
0x0000020d66eab150, 0x0000020d66eab7e0, 0x0000020d66ea8360, 0x0000020d66eadf40,
0x0000020d66eaec60, 0x0000020d66eabe70, 0x0000020d66ead220, 0x0000020d66ead8b0,
0x0000020d68410440, 0x0000020d68411160, 0x0000020d68412ba0, 0x0000020d684138c0,
0x0000020d68414c70, 0x0000020d684117f0, 0x0000020d68415300, 0x0000020d68411e80,
0x0000020d684173d0, 0x0000020d68415990, 0x0000020d68416020, 0x0000020d68417a60,
0x0000020d684166b0, 0x0000020d68416d40, 0x0000020d655652b0, 0x0000020d65564590,
0x0000020d65561e30, 0x0000020d655624c0, 0x0000020d65568730, 0x0000020d73511590,
0x0000020d73510870, 0x0000020d73511c20, 0x0000020d7350ee30, 0x0000020d7350fb50,
0x0000020d735122b0, 0x0000020d73512940, 0x0000020d6a4a3370, 0x0000020d7350f4c0,
0x0000020d73514a10, 0x0000020d73512fd0, 0x0000020d73513660, 0x0000020d73513cf0,
0x0000020d73514380, 0x0000020d735150a0, 0x0000020d72e394f0, 0x0000020d72e3a210,
0x0000020d72e3a8a0, 0x0000020d72e37420, 0x0000020d72e387d0, 0x0000020d72e38e60,
0x0000020d72e39b80, 0x0000020d6a4a8c00
}

Java Threads: ( => current thread )
  0x0000020d454a6470 JavaThread "main"                              [_thread_blocked, id=9976, stack(0x00000088fcc00000,0x00000088fcd00000) (1024K)]
  0x0000020d5f034f30 JavaThread "Common-Cleaner"             daemon [_thread_blocked, id=20580, stack(0x00000088fd400000,0x00000088fd500000) (1024K)]
  0x0000020d5f049ee0 JavaThread "Reference Handler"          daemon [_thread_blocked, id=9512, stack(0x00000088fd500000,0x00000088fd600000) (1024K)]
  0x0000020d5f04a940 JavaThread "Finalizer"                  daemon [_thread_blocked, id=23760, stack(0x00000088fd600000,0x00000088fd700000) (1024K)]
  0x0000020d5f0539d0 JavaThread "Signal Dispatcher"          daemon [_thread_blocked, id=25236, stack(0x00000088fd700000,0x00000088fd800000) (1024K)]
  0x0000020d5f064970 JavaThread "Attach Listener"            daemon [_thread_blocked, id=11808, stack(0x00000088fd800000,0x00000088fd900000) (1024K)]
  0x0000020d5f0653d0 JavaThread "Service Thread"             daemon [_thread_blocked, id=24696, stack(0x00000088fd900000,0x00000088fda00000) (1024K)]
  0x0000020d5f065e30 JavaThread "Monitor Deflation Thread"   daemon [_thread_blocked, id=24540, stack(0x00000088fda00000,0x00000088fdb00000) (1024K)]
  0x0000020d5f04c9c0 JavaThread "C2 CompilerThread0"         daemon [_thread_blocked, id=4956, stack(0x00000088fdb00000,0x00000088fdc00000) (1024K)]
  0x0000020d5f08ac90 JavaThread "C1 CompilerThread0"         daemon [_thread_blocked, id=16968, stack(0x00000088fdc00000,0x00000088fdd00000) (1024K)]
  0x0000020d5f49b380 JavaThread "Notification Thread"        daemon [_thread_blocked, id=23736, stack(0x00000088fdd00000,0x00000088fde00000) (1024K)]
  0x0000020d64f44080 JavaThread "Daemon health stats"               [_thread_blocked, id=2492, stack(0x00000088fe600000,0x00000088fe700000) (1024K)]
  0x0000020d6536c230 JavaThread "Incoming local TCP Connector on port 52460"        [_thread_in_native, id=11008, stack(0x00000088fe700000,0x00000088fe800000) (1024K)]
  0x0000020d653e1140 JavaThread "Daemon periodic checks"            [_thread_blocked, id=4052, stack(0x00000088fe800000,0x00000088fe900000) (1024K)]
  0x0000020d6540e6f0 JavaThread "Daemon"                            [_thread_blocked, id=10768, stack(0x00000088fe900000,0x00000088fea00000) (1024K)]
  0x0000020d653a6910 JavaThread "Handler for socket connection from /127.0.0.1:52460 to /127.0.0.1:52461"        [_thread_in_native, id=26084, stack(0x00000088fea00000,0x00000088feb00000) (1024K)]
  0x0000020d65434470 JavaThread "Cancel handler"                    [_thread_blocked, id=25904, stack(0x00000088feb00000,0x00000088fec00000) (1024K)]
  0x0000020d65434ae0 JavaThread "Daemon worker"                     [_thread_blocked, id=4200, stack(0x00000088fec00000,0x00000088fed00000) (1024K)]
  0x0000020d654730c0 JavaThread "Asynchronous log dispatcher for DefaultDaemonConnection: socket connection from /127.0.0.1:52460 to /127.0.0.1:52461"        [_thread_blocked, id=5596, stack(0x00000088fed00000,0x00000088fee00000) (1024K)]
  0x0000020d65474470 JavaThread "Stdin handler"                     [_thread_blocked, id=25136, stack(0x00000088fee00000,0x00000088fef00000) (1024K)]
  0x0000020d65473750 JavaThread "Daemon client event forwarder"        [_thread_blocked, id=7504, stack(0x00000088fef00000,0x00000088ff000000) (1024K)]
  0x0000020d65473de0 JavaThread "Cache worker for journal cache (C:\Users\HP\.gradle\caches\journal-1)"        [_thread_blocked, id=23968, stack(0x00000088fde00000,0x00000088fdf00000) (1024K)]
  0x0000020d65471d10 JavaThread "File lock request listener"        [_thread_in_native, id=12484, stack(0x00000088ff100000,0x00000088ff200000) (1024K)]
  0x0000020d65475190 JavaThread "Cache worker for file hash cache (C:\Users\HP\.gradle\caches\8.13\fileHashes)"        [_thread_blocked, id=4148, stack(0x00000088ff200000,0x00000088ff300000) (1024K)]
  0x0000020d654723a0 JavaThread "Cache worker for file hash cache (C:\Users\HP\AndroidStudioProjects\linearlayout2\.gradle\8.13\fileHashes)"        [_thread_blocked, id=25752, stack(0x00000088ff500000,0x00000088ff600000) (1024K)]
  0x0000020d65472a30 JavaThread "Cache worker for Build Output Cleanup Cache (C:\Users\HP\AndroidStudioProjects\linearlayout2\.gradle\buildOutputCleanup)"        [_thread_blocked, id=4436, stack(0x00000088ff600000,0x00000088ff700000) (1024K)]
  0x0000020d66eaa430 JavaThread "File watcher server"        daemon [_thread_in_native, id=8724, stack(0x00000088ff700000,0x00000088ff800000) (1024K)]
  0x0000020d66ea9710 JavaThread "File watcher consumer"      daemon [_thread_blocked, id=17580, stack(0x00000088ff800000,0x00000088ff900000) (1024K)]
  0x0000020d66eaaac0 JavaThread "jar transforms"                    [_thread_blocked, id=12636, stack(0x00000088ff900000,0x00000088ffa00000) (1024K)]
  0x0000020d66ea89f0 JavaThread "jar transforms Thread 2"           [_thread_blocked, id=9000, stack(0x00000088ffa00000,0x00000088ffb00000) (1024K)]
  0x0000020d66ea9080 JavaThread "jar transforms Thread 3"           [_thread_blocked, id=24608, stack(0x00000088ffb00000,0x00000088ffc00000) (1024K)]
  0x0000020d66ea7cd0 JavaThread "jar transforms Thread 4"           [_thread_blocked, id=23796, stack(0x00000088ffc00000,0x00000088ffd00000) (1024K)]
  0x0000020d66eab150 JavaThread "jar transforms Thread 5"           [_thread_blocked, id=12132, stack(0x00000088ffd00000,0x00000088ffe00000) (1024K)]
  0x0000020d66eab7e0 JavaThread "jar transforms Thread 6"           [_thread_blocked, id=21376, stack(0x00000088ffe00000,0x00000088fff00000) (1024K)]
  0x0000020d66ea8360 JavaThread "jar transforms Thread 7"           [_thread_blocked, id=18328, stack(0x00000088fff00000,0x0000008900000000) (1024K)]
  0x0000020d66eadf40 JavaThread "jar transforms Thread 8"           [_thread_blocked, id=25712, stack(0x0000008880000000,0x0000008880100000) (1024K)]
  0x0000020d66eaec60 JavaThread "Cache worker for checksums cache (C:\Users\HP\AndroidStudioProjects\linearlayout2\.gradle\8.13\checksums)"        [_thread_blocked, id=22172, stack(0x0000008880200000,0x0000008880300000) (1024K)]
  0x0000020d66eabe70 JavaThread "Cache worker for file content cache (C:\Users\HP\.gradle\caches\8.13\fileContent)"        [_thread_blocked, id=1920, stack(0x0000008880300000,0x0000008880400000) (1024K)]
  0x0000020d66ead220 JavaThread "Cache worker for cache directory md-supplier (C:\Users\HP\.gradle\caches\8.13\md-supplier)"        [_thread_blocked, id=25552, stack(0x0000008880400000,0x0000008880500000) (1024K)]
  0x0000020d66ead8b0 JavaThread "Cache worker for cache directory md-rule (C:\Users\HP\.gradle\caches\8.13\md-rule)"        [_thread_blocked, id=3340, stack(0x0000008880500000,0x0000008880600000) (1024K)]
  0x0000020d68410440 JavaThread "Unconstrained build operations"        [_thread_blocked, id=26448, stack(0x0000008880600000,0x0000008880700000) (1024K)]
  0x0000020d68411160 JavaThread "Unconstrained build operations Thread 2"        [_thread_blocked, id=21152, stack(0x0000008880700000,0x0000008880800000) (1024K)]
  0x0000020d68412ba0 JavaThread "Unconstrained build operations Thread 3"        [_thread_blocked, id=25264, stack(0x0000008880800000,0x0000008880900000) (1024K)]
  0x0000020d684138c0 JavaThread "Unconstrained build operations Thread 4"        [_thread_blocked, id=11516, stack(0x0000008880900000,0x0000008880a00000) (1024K)]
  0x0000020d68414c70 JavaThread "Unconstrained build operations Thread 5"        [_thread_blocked, id=5612, stack(0x0000008880a00000,0x0000008880b00000) (1024K)]
  0x0000020d684117f0 JavaThread "Unconstrained build operations Thread 6"        [_thread_blocked, id=4456, stack(0x0000008880b00000,0x0000008880c00000) (1024K)]
  0x0000020d68415300 JavaThread "Unconstrained build operations Thread 7"        [_thread_blocked, id=1916, stack(0x0000008880c00000,0x0000008880d00000) (1024K)]
  0x0000020d68411e80 JavaThread "Unconstrained build operations Thread 8"        [_thread_blocked, id=21324, stack(0x0000008880d00000,0x0000008880e00000) (1024K)]
  0x0000020d684173d0 JavaThread "Unconstrained build operations Thread 9"        [_thread_blocked, id=19448, stack(0x0000008880e00000,0x0000008880f00000) (1024K)]
  0x0000020d68415990 JavaThread "Unconstrained build operations Thread 10"        [_thread_blocked, id=23080, stack(0x0000008880f00000,0x0000008881000000) (1024K)]
  0x0000020d68416020 JavaThread "Unconstrained build operations Thread 11"        [_thread_blocked, id=6668, stack(0x0000008881000000,0x0000008881100000) (1024K)]
  0x0000020d68417a60 JavaThread "Unconstrained build operations Thread 12"        [_thread_blocked, id=12264, stack(0x0000008881100000,0x0000008881200000) (1024K)]
  0x0000020d684166b0 JavaThread "Unconstrained build operations Thread 13"        [_thread_blocked, id=10736, stack(0x0000008881200000,0x0000008881300000) (1024K)]
  0x0000020d68416d40 JavaThread "Unconstrained build operations Thread 14"        [_thread_blocked, id=22948, stack(0x0000008881300000,0x0000008881400000) (1024K)]
  0x0000020d655652b0 JavaThread "Unconstrained build operations Thread 15"        [_thread_blocked, id=19784, stack(0x0000008881400000,0x0000008881500000) (1024K)]
  0x0000020d65564590 JavaThread "Unconstrained build operations Thread 16"        [_thread_blocked, id=20180, stack(0x0000008881500000,0x0000008881600000) (1024K)]
  0x0000020d65561e30 JavaThread "Unconstrained build operations Thread 17"        [_thread_blocked, id=26040, stack(0x0000008881600000,0x0000008881700000) (1024K)]
  0x0000020d655624c0 JavaThread "Unconstrained build operations Thread 18"        [_thread_blocked, id=992, stack(0x0000008881700000,0x0000008881800000) (1024K)]
  0x0000020d65568730 JavaThread "Kotlin DSL Writer"                 [_thread_blocked, id=15308, stack(0x0000008881800000,0x0000008881900000) (1024K)]
  0x0000020d73511590 JavaThread "Unconstrained build operations Thread 19"        [_thread_blocked, id=9744, stack(0x0000008881a00000,0x0000008881b00000) (1024K)]
  0x0000020d73510870 JavaThread "Unconstrained build operations Thread 20"        [_thread_blocked, id=25916, stack(0x0000008881b00000,0x0000008881c00000) (1024K)]
  0x0000020d73511c20 JavaThread "Unconstrained build operations Thread 21"        [_thread_blocked, id=2424, stack(0x0000008881c00000,0x0000008881d00000) (1024K)]
  0x0000020d7350ee30 JavaThread "Unconstrained build operations Thread 22"        [_thread_blocked, id=12928, stack(0x0000008881d00000,0x0000008881e00000) (1024K)]
  0x0000020d7350fb50 JavaThread "Unconstrained build operations Thread 23"        [_thread_blocked, id=14764, stack(0x0000008881e00000,0x0000008881f00000) (1024K)]
  0x0000020d735122b0 JavaThread "Unconstrained build operations Thread 24"        [_thread_blocked, id=14116, stack(0x0000008881f00000,0x0000008882000000) (1024K)]
  0x0000020d73512940 JavaThread "Unconstrained build operations Thread 25"        [_thread_blocked, id=14976, stack(0x0000008882000000,0x0000008882100000) (1024K)]
  0x0000020d6a4a3370 JavaThread "C2 CompilerThread1"         daemon [_thread_blocked, id=7672, stack(0x0000008881900000,0x0000008881a00000) (1024K)]
  0x0000020d7350f4c0 JavaThread "Unconstrained build operations Thread 26"        [_thread_blocked, id=20764, stack(0x0000008882100000,0x0000008882200000) (1024K)]
  0x0000020d73514a10 JavaThread "Unconstrained build operations Thread 27"        [_thread_blocked, id=6536, stack(0x0000008882200000,0x0000008882300000) (1024K)]
  0x0000020d73512fd0 JavaThread "Unconstrained build operations Thread 28"        [_thread_blocked, id=26564, stack(0x0000008882300000,0x0000008882400000) (1024K)]
  0x0000020d73513660 JavaThread "Unconstrained build operations Thread 29"        [_thread_blocked, id=22916, stack(0x0000008882400000,0x0000008882500000) (1024K)]
  0x0000020d73513cf0 JavaThread "Unconstrained build operations Thread 30"        [_thread_blocked, id=684, stack(0x0000008882500000,0x0000008882600000) (1024K)]
  0x0000020d73514380 JavaThread "Unconstrained build operations Thread 31"        [_thread_blocked, id=15824, stack(0x0000008882600000,0x0000008882700000) (1024K)]
  0x0000020d735150a0 JavaThread "Unconstrained build operations Thread 32"        [_thread_blocked, id=6828, stack(0x0000008882700000,0x0000008882800000) (1024K)]
  0x0000020d72e394f0 JavaThread "Unconstrained build operations Thread 33"        [_thread_blocked, id=23456, stack(0x0000008882800000,0x0000008882900000) (1024K)]
  0x0000020d72e3a210 JavaThread "Unconstrained build operations Thread 34"        [_thread_blocked, id=19608, stack(0x0000008882900000,0x0000008882a00000) (1024K)]
  0x0000020d72e3a8a0 JavaThread "Unconstrained build operations Thread 35"        [_thread_blocked, id=10792, stack(0x0000008882a00000,0x0000008882b00000) (1024K)]
  0x0000020d72e37420 JavaThread "Unconstrained build operations Thread 36"        [_thread_blocked, id=23764, stack(0x0000008882b00000,0x0000008882c00000) (1024K)]
  0x0000020d72e387d0 JavaThread "Unconstrained build operations Thread 37"        [_thread_blocked, id=8944, stack(0x0000008882c00000,0x0000008882d00000) (1024K)]
  0x0000020d72e38e60 JavaThread "Unconstrained build operations Thread 38"        [_thread_blocked, id=24908, stack(0x0000008882d00000,0x0000008882e00000) (1024K)]
  0x0000020d72e39b80 JavaThread "Unconstrained build operations Thread 39"        [_thread_blocked, id=10080, stack(0x0000008882e00000,0x0000008882f00000) (1024K)]
  0x0000020d6a4a8c00 JavaThread "C2 CompilerThread2"         daemon [_thread_blocked, id=26008, stack(0x0000008882f00000,0x0000008883000000) (1024K)]
Total: 82

Other Threads:
=>0x0000020d5efe8cb0 VMThread "VM Thread"                           [id=25568, stack(0x00000088fd300000,0x00000088fd400000) (1024K)]
  0x0000020d5eed3670 WatcherThread "VM Periodic Task Thread"        [id=14604, stack(0x00000088fd200000,0x00000088fd300000) (1024K)]
  0x0000020d47885ed0 WorkerThread "GC Thread#0"                     [id=7136, stack(0x00000088fcd00000,0x00000088fce00000) (1024K)]
  0x0000020d5f766ef0 WorkerThread "GC Thread#1"                     [id=6860, stack(0x00000088fe000000,0x00000088fe100000) (1024K)]
  0x0000020d5f95e6d0 WorkerThread "GC Thread#2"                     [id=17168, stack(0x00000088fe100000,0x00000088fe200000) (1024K)]
  0x0000020d5f95ee70 WorkerThread "GC Thread#3"                     [id=8020, stack(0x00000088fe200000,0x00000088fe300000) (1024K)]
  0x0000020d5f95f210 WorkerThread "GC Thread#4"                     [id=25232, stack(0x00000088fe300000,0x00000088fe400000) (1024K)]
  0x0000020d5f95f9c0 WorkerThread "GC Thread#5"                     [id=23084, stack(0x00000088fe400000,0x00000088fe500000) (1024K)]
  0x0000020d6518aba0 WorkerThread "GC Thread#6"                     [id=19560, stack(0x00000088fdf00000,0x00000088fe000000) (1024K)]
  0x0000020d64f99df0 WorkerThread "GC Thread#7"                     [id=25932, stack(0x00000088fe500000,0x00000088fe600000) (1024K)]
  0x0000020d478d5490 ConcurrentGCThread "G1 Main Marker"            [id=2596, stack(0x00000088fce00000,0x00000088fcf00000) (1024K)]
  0x0000020d478d6d50 WorkerThread "G1 Conc#0"                       [id=19832, stack(0x00000088fcf00000,0x00000088fd000000) (1024K)]
  0x0000020d65423390 WorkerThread "G1 Conc#1"                       [id=2556, stack(0x00000088ff000000,0x00000088ff100000) (1024K)]
  0x0000020d5ee1bf80 ConcurrentGCThread "G1 Refine#0"               [id=23584, stack(0x00000088fd000000,0x00000088fd100000) (1024K)]
  0x0000020d5ee1c7a0 ConcurrentGCThread "G1 Service"                [id=17612, stack(0x00000088fd100000,0x00000088fd200000) (1024K)]
Total: 15

Threads with active compile tasks:
C2 CompilerThread0  38393 14623       4       org.gradle.internal.serialize.AbstractCollectionSerializer::read (47 bytes)
C1 CompilerThread0  38393 14639   !   2       sun.nio.fs.WindowsFileSystemProvider::newByteChannel (71 bytes)
C2 CompilerThread1  38393 14583       4       org.gradle.internal.serialize.HierarchicalNameSerializer::readFirstOccurrenceOfName (60 bytes)
C2 CompilerThread2  38393 14574       4       org.gradle.internal.serialize.HierarchicalNameSerializer::readName (51 bytes)
Total: 4

VM state: at safepoint (normal execution)

VM Mutex/Monitor currently owned by a thread:  ([mutex/lock_event])
[0x00007ffd03701468] Threads_lock - owner thread: 0x0000020d5efe8cb0
[0x00007ffd03701568] Heap_lock - owner thread: 0x0000020d478d5490

Heap address: 0x0000000080000000, size: 2048 MB, Compressed Oops mode: 32-bit

CDS archive(s) not mapped
Compressed class space mapped at: 0x0000000100000000-0x0000000140000000, reserved size: 1073741824
Narrow klass base: 0x0000000000000000, Narrow klass shift: 3, Narrow klass range: 0x140000000

GC Precious Log:
 CardTable entry size: 512
 Card Set container configuration: InlinePtr #cards 5 size 8 Array Of Cards #cards 12 size 40 Howl #buckets 4 coarsen threshold 1843 Howl Bitmap #cards 512 size 80 coarsen threshold 460 Card regions per heap region 1 cards per card region 2048
 CPUs: 8 total, 8 available
 Memory: 16190M
 Large Page Support: Disabled
 NUMA Support: Disabled
 Compressed Oops: Enabled (32-bit)
 Heap Region Size: 1M
 Heap Min Capacity: 8M
 Heap Initial Capacity: 254M
 Heap Max Capacity: 2G
 Pre-touch: Disabled
 Parallel Workers: 8
 Concurrent Workers: 2
 Concurrent Refinement Workers: 8
 Periodic GC: Disabled

Heap:
 garbage-first heap   total 269312K, used 185631K [0x0000000080000000, 0x0000000100000000)
  region size 1024K, 23 young (23552K), 10 survivors (10240K)
 Metaspace       used 160233K, committed 162624K, reserved 1245184K
  class space    used 20896K, committed 22080K, reserved 1048576K

Heap Regions: E=young(eden), S=young(survivor), O=old, HS=humongous(starts), HC=humongous(continues), CS=collection set, F=free, TAMS=top-at-mark-start, PB=parsable bottom
|   0|0x0000000080000000, 0x0000000080100000, 0x0000000080100000|100%|HS|  |TAMS 0x0000000080100000| PB 0x0000000080000000| Complete 
|   1|0x0000000080100000, 0x0000000080200000, 0x0000000080200000|100%|HC|  |TAMS 0x0000000080200000| PB 0x0000000080100000| Complete 
|   2|0x0000000080200000, 0x0000000080300000, 0x0000000080300000|100%|HC|  |TAMS 0x0000000080300000| PB 0x0000000080200000| Complete 
|   3|0x0000000080300000, 0x0000000080400000, 0x0000000080400000|100%| O|  |TAMS 0x0000000080400000| PB 0x0000000080400000| Untracked 
|   4|0x0000000080400000, 0x0000000080500000, 0x0000000080500000|100%| O|  |TAMS 0x0000000080500000| PB 0x0000000080500000| Untracked 
|   5|0x0000000080500000, 0x0000000080600000, 0x0000000080600000|100%| O|  |TAMS 0x0000000080600000| PB 0x0000000080600000| Updating 
|   6|0x0000000080600000, 0x0000000080700000, 0x0000000080700000|100%|HS|  |TAMS 0x0000000080700000| PB 0x0000000080600000| Complete 
|   7|0x0000000080700000, 0x0000000080800000, 0x0000000080800000|100%| O|  |TAMS 0x0000000080800000| PB 0x0000000080800000| Untracked 
|   8|0x0000000080800000, 0x0000000080900000, 0x0000000080900000|100%| O|  |TAMS 0x0000000080900000| PB 0x0000000080900000| Untracked 
|   9|0x0000000080900000, 0x0000000080a00000, 0x0000000080a00000|100%| O|  |TAMS 0x0000000080a00000| PB 0x0000000080a00000| Untracked 
|  10|0x0000000080a00000, 0x0000000080b00000, 0x0000000080b00000|100%| O|  |TAMS 0x0000000080b00000| PB 0x0000000080b00000| Untracked 
|  11|0x0000000080b00000, 0x0000000080c00000, 0x0000000080c00000|100%| O|  |TAMS 0x0000000080c00000| PB 0x0000000080c00000| Untracked 
|  12|0x0000000080c00000, 0x0000000080d00000, 0x0000000080d00000|100%| O|  |TAMS 0x0000000080d00000| PB 0x0000000080d00000| Untracked 
|  13|0x0000000080d00000, 0x0000000080e00000, 0x0000000080e00000|100%| O|  |TAMS 0x0000000080e00000| PB 0x0000000080e00000| Untracked 
|  14|0x0000000080e00000, 0x0000000080f00000, 0x0000000080f00000|100%| O|  |TAMS 0x0000000080f00000| PB 0x0000000080f00000| Untracked 
|  15|0x0000000080f00000, 0x0000000081000000, 0x0000000081000000|100%| O|  |TAMS 0x0000000081000000| PB 0x0000000081000000| Untracked 
|  16|0x0000000081000000, 0x0000000081100000, 0x0000000081100000|100%| O|  |TAMS 0x0000000081100000| PB 0x0000000081100000| Untracked 
|  17|0x0000000081100000, 0x0000000081200000, 0x0000000081200000|100%| O|  |TAMS 0x0000000081200000| PB 0x0000000081200000| Updating 
|  18|0x0000000081200000, 0x0000000081300000, 0x0000000081300000|100%| O|  |TAMS 0x0000000081300000| PB 0x0000000081300000| Untracked 
|  19|0x0000000081300000, 0x0000000081400000, 0x0000000081400000|100%| O|  |TAMS 0x0000000081400000| PB 0x0000000081400000| Untracked 
|  20|0x0000000081400000, 0x0000000081500000, 0x0000000081500000|100%| O|  |TAMS 0x0000000081500000| PB 0x0000000081500000| Updating 
|  21|0x0000000081500000, 0x0000000081600000, 0x0000000081600000|100%| O|  |TAMS 0x0000000081600000| PB 0x0000000081600000| Updating 
|  22|0x0000000081600000, 0x0000000081700000, 0x0000000081700000|100%|HS|  |TAMS 0x0000000081700000| PB 0x0000000081600000| Complete 
|  23|0x0000000081700000, 0x0000000081800000, 0x0000000081800000|100%|HC|  |TAMS 0x0000000081800000| PB 0x0000000081700000| Complete 
|  24|0x0000000081800000, 0x0000000081900000, 0x0000000081900000|100%|HC|  |TAMS 0x0000000081900000| PB 0x0000000081800000| Complete 
|  25|0x0000000081900000, 0x0000000081a00000, 0x0000000081a00000|100%|HC|  |TAMS 0x0000000081a00000| PB 0x0000000081900000| Complete 
|  26|0x0000000081a00000, 0x0000000081b00000, 0x0000000081b00000|100%|HC|  |TAMS 0x0000000081b00000| PB 0x0000000081a00000| Complete 
|  27|0x0000000081b00000, 0x0000000081c00000, 0x0000000081c00000|100%|HC|  |TAMS 0x0000000081c00000| PB 0x0000000081b00000| Complete 
|  28|0x0000000081c00000, 0x0000000081d00000, 0x0000000081d00000|100%|HS|  |TAMS 0x0000000081d00000| PB 0x0000000081c00000| Complete 
|  29|0x0000000081d00000, 0x0000000081e00000, 0x0000000081e00000|100%|HS|  |TAMS 0x0000000081e00000| PB 0x0000000081d00000| Complete 
|  30|0x0000000081e00000, 0x0000000081f00000, 0x0000000081f00000|100%|HC|  |TAMS 0x0000000081f00000| PB 0x0000000081e00000| Complete 
|  31|0x0000000081f00000, 0x0000000082000000, 0x0000000082000000|100%|HC|  |TAMS 0x0000000082000000| PB 0x0000000081f00000| Complete 
|  32|0x0000000082000000, 0x0000000082100000, 0x0000000082100000|100%|HC|  |TAMS 0x0000000082100000| PB 0x0000000082000000| Complete 
|  33|0x0000000082100000, 0x0000000082200000, 0x0000000082200000|100%|HS|  |TAMS 0x0000000082200000| PB 0x0000000082100000| Complete 
|  34|0x0000000082200000, 0x0000000082300000, 0x0000000082300000|100%|HC|  |TAMS 0x0000000082300000| PB 0x0000000082200000| Complete 
|  35|0x0000000082300000, 0x0000000082400000, 0x0000000082400000|100%|HS|  |TAMS 0x0000000082400000| PB 0x0000000082300000| Complete 
|  36|0x0000000082400000, 0x0000000082500000, 0x0000000082500000|100%|HS|  |TAMS 0x0000000082500000| PB 0x0000000082400000| Complete 
|  37|0x0000000082500000, 0x0000000082600000, 0x0000000082600000|100%|HS|  |TAMS 0x0000000082600000| PB 0x0000000082500000| Complete 
|  38|0x0000000082600000, 0x0000000082700000, 0x0000000082700000|100%|HC|  |TAMS 0x0000000082700000| PB 0x0000000082600000| Complete 
|  39|0x0000000082700000, 0x0000000082800000, 0x0000000082800000|100%| O|  |TAMS 0x0000000082800000| PB 0x0000000082800000| Updating 
|  40|0x0000000082800000, 0x0000000082900000, 0x0000000082900000|100%| O|  |TAMS 0x0000000082900000| PB 0x0000000082900000| Untracked 
|  41|0x0000000082900000, 0x0000000082a00000, 0x0000000082a00000|100%| O|  |TAMS 0x0000000082a00000| PB 0x0000000082a00000| Untracked 
|  42|0x0000000082a00000, 0x0000000082b00000, 0x0000000082b00000|100%| O|  |TAMS 0x0000000082b00000| PB 0x0000000082b00000| Updating 
|  43|0x0000000082b00000, 0x0000000082c00000, 0x0000000082c00000|100%| O|  |TAMS 0x0000000082c00000| PB 0x0000000082c00000| Untracked 
|  44|0x0000000082c00000, 0x0000000082d00000, 0x0000000082d00000|100%|HS|  |TAMS 0x0000000082d00000| PB 0x0000000082c00000| Complete 
|  45|0x0000000082d00000, 0x0000000082e00000, 0x0000000082e00000|100%|HC|  |TAMS 0x0000000082e00000| PB 0x0000000082d00000| Complete 
|  46|0x0000000082e00000, 0x0000000082f00000, 0x0000000082f00000|100%|HC|  |TAMS 0x0000000082f00000| PB 0x0000000082e00000| Complete 
|  47|0x0000000082f00000, 0x0000000083000000, 0x0000000083000000|100%|HC|  |TAMS 0x0000000083000000| PB 0x0000000082f00000| Complete 
|  48|0x0000000083000000, 0x0000000083100000, 0x0000000083100000|100%|HC|  |TAMS 0x0000000083100000| PB 0x0000000083000000| Complete 
|  49|0x0000000083100000, 0x0000000083200000, 0x0000000083200000|100%|HC|  |TAMS 0x0000000083200000| PB 0x0000000083100000| Complete 
|  50|0x0000000083200000, 0x0000000083300000, 0x0000000083300000|100%|HS|  |TAMS 0x0000000083300000| PB 0x0000000083200000| Complete 
|  51|0x0000000083300000, 0x0000000083400000, 0x0000000083400000|100%|HC|  |TAMS 0x0000000083400000| PB 0x0000000083300000| Complete 
|  52|0x0000000083400000, 0x0000000083500000, 0x0000000083500000|100%|HC|  |TAMS 0x0000000083500000| PB 0x0000000083400000| Complete 
|  53|0x0000000083500000, 0x0000000083600000, 0x0000000083600000|100%|HC|  |TAMS 0x0000000083600000| PB 0x0000000083500000| Complete 
|  54|0x0000000083600000, 0x0000000083700000, 0x0000000083700000|100%| O|  |TAMS 0x0000000083700000| PB 0x0000000083700000| Untracked 
|  55|0x0000000083700000, 0x0000000083800000, 0x0000000083800000|100%| O|  |TAMS 0x0000000083800000| PB 0x0000000083800000| Updating 
|  56|0x0000000083800000, 0x0000000083900000, 0x0000000083900000|100%| O|  |TAMS 0x0000000083900000| PB 0x0000000083900000| Untracked 
|  57|0x0000000083900000, 0x0000000083a00000, 0x0000000083a00000|100%| O|  |TAMS 0x0000000083a00000| PB 0x0000000083a00000| Updating 
|  58|0x0000000083a00000, 0x0000000083b00000, 0x0000000083b00000|100%| O|  |TAMS 0x0000000083b00000| PB 0x0000000083b00000| Untracked 
|  59|0x0000000083b00000, 0x0000000083c00000, 0x0000000083c00000|100%|HS|  |TAMS 0x0000000083c00000| PB 0x0000000083b00000| Complete 
|  60|0x0000000083c00000, 0x0000000083d00000, 0x0000000083d00000|100%| O|  |TAMS 0x0000000083d00000| PB 0x0000000083d00000| Untracked 
|  61|0x0000000083d00000, 0x0000000083e00000, 0x0000000083e00000|100%| O|  |TAMS 0x0000000083e00000| PB 0x0000000083e00000| Untracked 
|  62|0x0000000083e00000, 0x0000000083f00000, 0x0000000083f00000|100%| O|  |TAMS 0x0000000083f00000| PB 0x0000000083f00000| Untracked 
|  63|0x0000000083f00000, 0x0000000084000000, 0x0000000084000000|100%| O|  |TAMS 0x0000000084000000| PB 0x0000000084000000| Updating 
|  64|0x0000000084000000, 0x0000000084100000, 0x0000000084100000|100%|HS|  |TAMS 0x0000000084100000| PB 0x0000000084000000| Complete 
|  65|0x0000000084100000, 0x0000000084200000, 0x0000000084200000|100%|HC|  |TAMS 0x0000000084200000| PB 0x0000000084100000| Complete 
|  66|0x0000000084200000, 0x0000000084300000, 0x0000000084300000|100%| O|  |TAMS 0x0000000084300000| PB 0x0000000084300000| Untracked 
|  67|0x0000000084300000, 0x0000000084400000, 0x0000000084400000|100%| O|  |TAMS 0x0000000084400000| PB 0x0000000084400000| Updating 
|  68|0x0000000084400000, 0x0000000084500000, 0x0000000084500000|100%| O|  |TAMS 0x0000000084500000| PB 0x0000000084500000| Updating 
|  69|0x0000000084500000, 0x0000000084600000, 0x0000000084600000|100%| O|  |TAMS 0x0000000084600000| PB 0x0000000084600000| Untracked 
|  70|0x0000000084600000, 0x0000000084700000, 0x0000000084700000|100%| O|  |TAMS 0x0000000084700000| PB 0x0000000084700000| Updating 
|  71|0x0000000084700000, 0x0000000084800000, 0x0000000084800000|100%| O|  |TAMS 0x0000000084800000| PB 0x0000000084800000| Untracked 
|  72|0x0000000084800000, 0x0000000084900000, 0x0000000084900000|100%| O|  |TAMS 0x0000000084900000| PB 0x0000000084900000| Untracked 
|  73|0x0000000084900000, 0x0000000084a00000, 0x0000000084a00000|100%| O|  |TAMS 0x0000000084900000| PB 0x0000000084900000| Untracked 
|  74|0x0000000084a00000, 0x0000000084b00000, 0x0000000084b00000|100%|HS|  |TAMS 0x0000000084b00000| PB 0x0000000084a00000| Complete 
|  75|0x0000000084b00000, 0x0000000084c00000, 0x0000000084c00000|100%|HC|  |TAMS 0x0000000084c00000| PB 0x0000000084b00000| Complete 
|  76|0x0000000084c00000, 0x0000000084d00000, 0x0000000084d00000|100%|HC|  |TAMS 0x0000000084d00000| PB 0x0000000084c00000| Complete 
|  77|0x0000000084d00000, 0x0000000084e00000, 0x0000000084e00000|100%|HC|  |TAMS 0x0000000084e00000| PB 0x0000000084d00000| Complete 
|  78|0x0000000084e00000, 0x0000000084f00000, 0x0000000084f00000|100%|HC|  |TAMS 0x0000000084f00000| PB 0x0000000084e00000| Complete 
|  79|0x0000000084f00000, 0x0000000085000000, 0x0000000085000000|100%|HC|  |TAMS 0x0000000085000000| PB 0x0000000084f00000| Complete 
|  80|0x0000000085000000, 0x0000000085100000, 0x0000000085100000|100%| O|  |TAMS 0x0000000085100000| PB 0x0000000085100000| Updating 
|  81|0x0000000085100000, 0x0000000085200000, 0x0000000085200000|100%| O|  |TAMS 0x0000000085200000| PB 0x0000000085200000| Updating 
|  82|0x0000000085200000, 0x0000000085300000, 0x0000000085300000|100%|HS|  |TAMS 0x0000000085300000| PB 0x0000000085200000| Complete 
|  83|0x0000000085300000, 0x0000000085400000, 0x0000000085400000|100%|HS|  |TAMS 0x0000000085400000| PB 0x0000000085300000| Complete 
|  84|0x0000000085400000, 0x0000000085500000, 0x0000000085500000|100%|HC|  |TAMS 0x0000000085500000| PB 0x0000000085400000| Complete 
|  85|0x0000000085500000, 0x0000000085600000, 0x0000000085600000|100%|HC|  |TAMS 0x0000000085600000| PB 0x0000000085500000| Complete 
|  86|0x0000000085600000, 0x0000000085700000, 0x0000000085700000|100%|HC|  |TAMS 0x0000000085700000| PB 0x0000000085600000| Complete 
|  87|0x0000000085700000, 0x0000000085800000, 0x0000000085800000|100%|HC|  |TAMS 0x0000000085800000| PB 0x0000000085700000| Complete 
|  88|0x0000000085800000, 0x0000000085900000, 0x0000000085900000|100%|HC|  |TAMS 0x0000000085900000| PB 0x0000000085800000| Complete 
|  89|0x0000000085900000, 0x0000000085a00000, 0x0000000085a00000|100%|HS|  |TAMS 0x0000000085a00000| PB 0x0000000085900000| Complete 
|  90|0x0000000085a00000, 0x0000000085b00000, 0x0000000085b00000|100%| O|  |TAMS 0x0000000085b00000| PB 0x0000000085b00000| Updating 
|  91|0x0000000085b00000, 0x0000000085c00000, 0x0000000085c00000|100%| O|  |TAMS 0x0000000085c00000| PB 0x0000000085c00000| Updating 
|  92|0x0000000085c00000, 0x0000000085d00000, 0x0000000085d00000|100%| O|  |TAMS 0x0000000085d00000| PB 0x0000000085d00000| Updating 
|  93|0x0000000085d00000, 0x0000000085e00000, 0x0000000085e00000|100%| O|  |TAMS 0x0000000085e00000| PB 0x0000000085e00000| Updating 
|  94|0x0000000085e00000, 0x0000000085f00000, 0x0000000085f00000|100%| O|  |TAMS 0x0000000085f00000| PB 0x0000000085f00000| Updating 
|  95|0x0000000085f00000, 0x0000000086000000, 0x0000000086000000|100%| O|  |TAMS 0x0000000086000000| PB 0x0000000086000000| Untracked 
|  96|0x0000000086000000, 0x0000000086100000, 0x0000000086100000|100%| O|  |TAMS 0x0000000086100000| PB 0x0000000086100000| Updating 
|  97|0x0000000086100000, 0x0000000086200000, 0x0000000086200000|100%| O|  |TAMS 0x0000000086200000| PB 0x0000000086200000| Updating 
|  98|0x0000000086200000, 0x0000000086300000, 0x0000000086300000|100%| O|  |TAMS 0x0000000086300000| PB 0x0000000086300000| Untracked 
|  99|0x0000000086300000, 0x0000000086400000, 0x0000000086400000|100%| O|  |TAMS 0x0000000086400000| PB 0x0000000086400000| Untracked 
| 100|0x0000000086400000, 0x0000000086500000, 0x0000000086500000|100%| O|  |TAMS 0x0000000086500000| PB 0x0000000086500000| Updating 
| 101|0x0000000086500000, 0x0000000086600000, 0x0000000086600000|100%| O|  |TAMS 0x0000000086600000| PB 0x0000000086600000| Updating 
| 102|0x0000000086600000, 0x0000000086700000, 0x0000000086700000|100%|HS|  |TAMS 0x0000000086700000| PB 0x0000000086600000| Complete 
| 103|0x0000000086700000, 0x0000000086800000, 0x0000000086800000|100%|HC|  |TAMS 0x0000000086800000| PB 0x0000000086700000| Complete 
| 104|0x0000000086800000, 0x0000000086900000, 0x0000000086900000|100%|HC|  |TAMS 0x0000000086900000| PB 0x0000000086800000| Complete 
| 105|0x0000000086900000, 0x0000000086a00000, 0x0000000086a00000|100%|HC|  |TAMS 0x0000000086a00000| PB 0x0000000086900000| Complete 
| 106|0x0000000086a00000, 0x0000000086b00000, 0x0000000086b00000|100%|HC|  |TAMS 0x0000000086b00000| PB 0x0000000086a00000| Complete 
| 107|0x0000000086b00000, 0x0000000086c00000, 0x0000000086c00000|100%|HC|  |TAMS 0x0000000086c00000| PB 0x0000000086b00000| Complete 
| 108|0x0000000086c00000, 0x0000000086d00000, 0x0000000086d00000|100%|HS|  |TAMS 0x0000000086d00000| PB 0x0000000086c00000| Complete 
| 109|0x0000000086d00000, 0x0000000086e00000, 0x0000000086e00000|100%| O|  |TAMS 0x0000000086e00000| PB 0x0000000086e00000| Updating 
| 110|0x0000000086e00000, 0x0000000086f00000, 0x0000000086f00000|100%| O|  |TAMS 0x0000000086f00000| PB 0x0000000086f00000| Untracked 
| 111|0x0000000086f00000, 0x0000000087000000, 0x0000000087000000|100%| O|  |TAMS 0x0000000087000000| PB 0x0000000087000000| Untracked 
| 112|0x0000000087000000, 0x0000000087100000, 0x0000000087100000|100%| O|  |TAMS 0x0000000087100000| PB 0x0000000087100000| Untracked 
| 113|0x0000000087100000, 0x0000000087200000, 0x0000000087200000|100%| O|  |TAMS 0x0000000087200000| PB 0x0000000087200000| Untracked 
| 114|0x0000000087200000, 0x0000000087300000, 0x0000000087300000|100%| O|  |TAMS 0x0000000087200000| PB 0x0000000087200000| Untracked 
| 115|0x0000000087300000, 0x0000000087400000, 0x0000000087400000|100%| O|  |TAMS 0x0000000087400000| PB 0x0000000087400000| Untracked 
| 116|0x0000000087400000, 0x0000000087500000, 0x0000000087500000|100%| O|  |TAMS 0x0000000087500000| PB 0x0000000087500000| Untracked 
| 117|0x0000000087500000, 0x0000000087600000, 0x0000000087600000|100%| O|  |TAMS 0x0000000087600000| PB 0x0000000087600000| Untracked 
| 118|0x0000000087600000, 0x0000000087700000, 0x0000000087700000|100%| O|  |TAMS 0x0000000087700000| PB 0x0000000087700000| Untracked 
| 119|0x0000000087700000, 0x0000000087800000, 0x0000000087800000|100%| O|  |TAMS 0x0000000087800000| PB 0x0000000087800000| Untracked 
| 120|0x0000000087800000, 0x0000000087900000, 0x0000000087900000|100%| O|  |TAMS 0x0000000087900000| PB 0x0000000087900000| Untracked 
| 121|0x0000000087900000, 0x0000000087a00000, 0x0000000087a00000|100%| O|  |TAMS 0x0000000087a00000| PB 0x0000000087a00000| Updating 
| 122|0x0000000087a00000, 0x0000000087b00000, 0x0000000087b00000|100%| O|  |TAMS 0x0000000087b00000| PB 0x0000000087b00000| Updating 
| 123|0x0000000087b00000, 0x0000000087c00000, 0x0000000087c00000|100%| O|  |TAMS 0x0000000087c00000| PB 0x0000000087c00000| Untracked 
| 124|0x0000000087c00000, 0x0000000087d00000, 0x0000000087d00000|100%| O|  |TAMS 0x0000000087d00000| PB 0x0000000087d00000| Untracked 
| 125|0x0000000087d00000, 0x0000000087e00000, 0x0000000087e00000|100%| O|  |TAMS 0x0000000087e00000| PB 0x0000000087e00000| Updating 
| 126|0x0000000087e00000, 0x0000000087f00000, 0x0000000087f00000|100%| O|  |TAMS 0x0000000087f00000| PB 0x0000000087f00000| Updating 
| 127|0x0000000087f00000, 0x0000000088000000, 0x0000000088000000|100%| O|  |TAMS 0x0000000088000000| PB 0x0000000088000000| Untracked 
| 128|0x0000000088000000, 0x0000000088100000, 0x0000000088100000|100%| O|  |TAMS 0x0000000088100000| PB 0x0000000088100000| Untracked 
| 129|0x0000000088100000, 0x0000000088200000, 0x0000000088200000|100%| O|  |TAMS 0x0000000088200000| PB 0x0000000088200000| Updating 
| 130|0x0000000088200000, 0x0000000088300000, 0x0000000088300000|100%| O|  |TAMS 0x0000000088300000| PB 0x0000000088300000| Untracked 
| 131|0x0000000088300000, 0x0000000088400000, 0x0000000088400000|100%| O|  |TAMS 0x0000000088300000| PB 0x0000000088300000| Untracked 
| 132|0x0000000088400000, 0x0000000088500000, 0x0000000088500000|100%| O|  |TAMS 0x0000000088400000| PB 0x0000000088400000| Untracked 
| 133|0x0000000088500000, 0x0000000088600000, 0x0000000088600000|100%| O|  |TAMS 0x0000000088600000| PB 0x0000000088600000| Untracked 
| 134|0x0000000088600000, 0x0000000088700000, 0x0000000088700000|100%| O|  |TAMS 0x0000000088700000| PB 0x0000000088700000| Untracked 
| 135|0x0000000088700000, 0x0000000088800000, 0x0000000088800000|100%| O|  |TAMS 0x0000000088800000| PB 0x0000000088800000| Untracked 
| 136|0x0000000088800000, 0x0000000088900000, 0x0000000088900000|100%| O|  |TAMS 0x0000000088900000| PB 0x0000000088900000| Untracked 
| 137|0x0000000088900000, 0x0000000088a00000, 0x0000000088a00000|100%| O|  |TAMS 0x0000000088a00000| PB 0x0000000088a00000| Untracked 
| 138|0x0000000088a00000, 0x0000000088b00000, 0x0000000088b00000|100%| O|  |TAMS 0x0000000088b00000| PB 0x0000000088b00000| Untracked 
| 139|0x0000000088b00000, 0x0000000088c00000, 0x0000000088c00000|100%| O|  |TAMS 0x0000000088c00000| PB 0x0000000088c00000| Untracked 
| 140|0x0000000088c00000, 0x0000000088d00000, 0x0000000088d00000|100%| O|  |TAMS 0x0000000088d00000| PB 0x0000000088d00000| Untracked 
| 141|0x0000000088d00000, 0x0000000088e00000, 0x0000000088e00000|100%| O|  |TAMS 0x0000000088e00000| PB 0x0000000088e00000| Untracked 
| 142|0x0000000088e00000, 0x0000000088f00000, 0x0000000088f00000|100%| O|  |TAMS 0x0000000088f00000| PB 0x0000000088f00000| Updating 
| 143|0x0000000088f00000, 0x0000000089000000, 0x0000000089000000|100%| O|  |TAMS 0x0000000088fc4db0| PB 0x0000000088fc4db0| Updating 
| 144|0x0000000089000000, 0x0000000089100000, 0x0000000089100000|100%| O|  |TAMS 0x0000000089000000| PB 0x0000000089000000| Untracked 
| 145|0x0000000089100000, 0x0000000089200000, 0x0000000089200000|100%| O|  |TAMS 0x0000000089100000| PB 0x0000000089100000| Untracked 
| 146|0x0000000089200000, 0x0000000089200000, 0x0000000089300000|  0%| F|  |TAMS 0x0000000089200000| PB 0x0000000089200000| Untracked 
| 147|0x0000000089300000, 0x0000000089300000, 0x0000000089400000|  0%| F|  |TAMS 0x0000000089300000| PB 0x0000000089300000| Untracked 
| 148|0x0000000089400000, 0x0000000089400000, 0x0000000089500000|  0%| F|  |TAMS 0x0000000089400000| PB 0x0000000089400000| Untracked 
| 149|0x0000000089500000, 0x0000000089500000, 0x0000000089600000|  0%| F|  |TAMS 0x0000000089500000| PB 0x0000000089500000| Untracked 
| 150|0x0000000089600000, 0x0000000089600000, 0x0000000089700000|  0%| F|  |TAMS 0x0000000089600000| PB 0x0000000089600000| Untracked 
| 151|0x0000000089700000, 0x0000000089700000, 0x0000000089800000|  0%| F|  |TAMS 0x0000000089700000| PB 0x0000000089700000| Untracked 
| 152|0x0000000089800000, 0x0000000089800000, 0x0000000089900000|  0%| F|  |TAMS 0x0000000089800000| PB 0x0000000089800000| Untracked 
| 153|0x0000000089900000, 0x0000000089900000, 0x0000000089a00000|  0%| F|  |TAMS 0x0000000089900000| PB 0x0000000089900000| Untracked 
| 154|0x0000000089a00000, 0x0000000089a00000, 0x0000000089b00000|  0%| F|  |TAMS 0x0000000089a00000| PB 0x0000000089a00000| Untracked 
| 155|0x0000000089b00000, 0x0000000089b00000, 0x0000000089c00000|  0%| F|  |TAMS 0x0000000089b00000| PB 0x0000000089b00000| Untracked 
| 156|0x0000000089c00000, 0x0000000089c00000, 0x0000000089d00000|  0%| F|  |TAMS 0x0000000089c00000| PB 0x0000000089c00000| Untracked 
| 157|0x0000000089d00000, 0x0000000089e00000, 0x0000000089e00000|100%| O|  |TAMS 0x0000000089d00000| PB 0x0000000089d00000| Untracked 
| 158|0x0000000089e00000, 0x0000000089f00000, 0x0000000089f00000|100%| O|  |TAMS 0x0000000089e00000| PB 0x0000000089e00000| Untracked 
| 159|0x0000000089f00000, 0x000000008a000000, 0x000000008a000000|100%| O|  |TAMS 0x0000000089f00000| PB 0x0000000089f00000| Untracked 
| 160|0x000000008a000000, 0x000000008a100000, 0x000000008a100000|100%| O|  |TAMS 0x000000008a000000| PB 0x000000008a000000| Untracked 
| 161|0x000000008a100000, 0x000000008a200000, 0x000000008a200000|100%| O|  |TAMS 0x000000008a100000| PB 0x000000008a100000| Untracked 
| 162|0x000000008a200000, 0x000000008a300000, 0x000000008a300000|100%| O|  |TAMS 0x000000008a200000| PB 0x000000008a200000| Untracked 
| 163|0x000000008a300000, 0x000000008a400000, 0x000000008a400000|100%| O|  |TAMS 0x000000008a300000| PB 0x000000008a300000| Untracked 
| 164|0x000000008a400000, 0x000000008a447d20, 0x000000008a500000| 28%| O|  |TAMS 0x000000008a400000| PB 0x000000008a400000| Updating 
| 165|0x000000008a500000, 0x000000008a600000, 0x000000008a600000|100%| S|CS|TAMS 0x000000008a500000| PB 0x000000008a500000| Complete 
| 166|0x000000008a600000, 0x000000008a700000, 0x000000008a700000|100%| S|CS|TAMS 0x000000008a600000| PB 0x000000008a600000| Complete 
| 167|0x000000008a700000, 0x000000008a800000, 0x000000008a800000|100%| S|CS|TAMS 0x000000008a700000| PB 0x000000008a700000| Complete 
| 168|0x000000008a800000, 0x000000008a900000, 0x000000008a900000|100%| S|CS|TAMS 0x000000008a800000| PB 0x000000008a800000| Complete 
| 169|0x000000008a900000, 0x000000008aa00000, 0x000000008aa00000|100%| S|CS|TAMS 0x000000008a900000| PB 0x000000008a900000| Complete 
| 170|0x000000008aa00000, 0x000000008ab00000, 0x000000008ab00000|100%| S|CS|TAMS 0x000000008aa00000| PB 0x000000008aa00000| Complete 
| 171|0x000000008ab00000, 0x000000008ac00000, 0x000000008ac00000|100%| S|CS|TAMS 0x000000008ab00000| PB 0x000000008ab00000| Complete 
| 172|0x000000008ac00000, 0x000000008ad00000, 0x000000008ad00000|100%| S|CS|TAMS 0x000000008ac00000| PB 0x000000008ac00000| Complete 
| 173|0x000000008ad00000, 0x000000008ae00000, 0x000000008ae00000|100%| S|CS|TAMS 0x000000008ad00000| PB 0x000000008ad00000| Complete 
| 174|0x000000008ae00000, 0x000000008af00000, 0x000000008af00000|100%| S|CS|TAMS 0x000000008ae00000| PB 0x000000008ae00000| Complete 
| 175|0x000000008af00000, 0x000000008af00000, 0x000000008b000000|  0%| F|  |TAMS 0x000000008af00000| PB 0x000000008af00000| Untracked 
| 176|0x000000008b000000, 0x000000008b000000, 0x000000008b100000|  0%| F|  |TAMS 0x000000008b000000| PB 0x000000008b000000| Untracked 
| 177|0x000000008b100000, 0x000000008b100000, 0x000000008b200000|  0%| F|  |TAMS 0x000000008b100000| PB 0x000000008b100000| Untracked 
| 178|0x000000008b200000, 0x000000008b200000, 0x000000008b300000|  0%| F|  |TAMS 0x000000008b200000| PB 0x000000008b200000| Untracked 
| 179|0x000000008b300000, 0x000000008b300000, 0x000000008b400000|  0%| F|  |TAMS 0x000000008b300000| PB 0x000000008b300000| Untracked 
| 180|0x000000008b400000, 0x000000008b400000, 0x000000008b500000|  0%| F|  |TAMS 0x000000008b400000| PB 0x000000008b400000| Untracked 
| 181|0x000000008b500000, 0x000000008b500000, 0x000000008b600000|  0%| F|  |TAMS 0x000000008b500000| PB 0x000000008b500000| Untracked 
| 182|0x000000008b600000, 0x000000008b600000, 0x000000008b700000|  0%| F|  |TAMS 0x000000008b600000| PB 0x000000008b600000| Untracked 
| 183|0x000000008b700000, 0x000000008b700000, 0x000000008b800000|  0%| F|  |TAMS 0x000000008b700000| PB 0x000000008b700000| Untracked 
| 184|0x000000008b800000, 0x000000008b800000, 0x000000008b900000|  0%| F|  |TAMS 0x000000008b800000| PB 0x000000008b800000| Untracked 
| 185|0x000000008b900000, 0x000000008b900000, 0x000000008ba00000|  0%| F|  |TAMS 0x000000008b900000| PB 0x000000008b900000| Untracked 
| 186|0x000000008ba00000, 0x000000008ba00000, 0x000000008bb00000|  0%| F|  |TAMS 0x000000008ba00000| PB 0x000000008ba00000| Untracked 
| 187|0x000000008bb00000, 0x000000008bb00000, 0x000000008bc00000|  0%| F|  |TAMS 0x000000008bb00000| PB 0x000000008bb00000| Untracked 
| 188|0x000000008bc00000, 0x000000008bc00000, 0x000000008bd00000|  0%| F|  |TAMS 0x000000008bc00000| PB 0x000000008bc00000| Untracked 
| 189|0x000000008bd00000, 0x000000008bd00000, 0x000000008be00000|  0%| F|  |TAMS 0x000000008bd00000| PB 0x000000008bd00000| Untracked 
| 190|0x000000008be00000, 0x000000008be00000, 0x000000008bf00000|  0%| F|  |TAMS 0x000000008be00000| PB 0x000000008be00000| Untracked 
| 191|0x000000008bf00000, 0x000000008bf00000, 0x000000008c000000|  0%| F|  |TAMS 0x000000008bf00000| PB 0x000000008bf00000| Untracked 
| 192|0x000000008c000000, 0x000000008c000000, 0x000000008c100000|  0%| F|  |TAMS 0x000000008c000000| PB 0x000000008c000000| Untracked 
| 193|0x000000008c100000, 0x000000008c100000, 0x000000008c200000|  0%| F|  |TAMS 0x000000008c100000| PB 0x000000008c100000| Untracked 
| 194|0x000000008c200000, 0x000000008c200000, 0x000000008c300000|  0%| F|  |TAMS 0x000000008c200000| PB 0x000000008c200000| Untracked 
| 195|0x000000008c300000, 0x000000008c300000, 0x000000008c400000|  0%| F|  |TAMS 0x000000008c300000| PB 0x000000008c300000| Untracked 
| 196|0x000000008c400000, 0x000000008c400000, 0x000000008c500000|  0%| F|  |TAMS 0x000000008c400000| PB 0x000000008c400000| Untracked 
| 197|0x000000008c500000, 0x000000008c500000, 0x000000008c600000|  0%| F|  |TAMS 0x000000008c500000| PB 0x000000008c500000| Untracked 
| 198|0x000000008c600000, 0x000000008c600000, 0x000000008c700000|  0%| F|  |TAMS 0x000000008c600000| PB 0x000000008c600000| Untracked 
| 199|0x000000008c700000, 0x000000008c700000, 0x000000008c800000|  0%| F|  |TAMS 0x000000008c700000| PB 0x000000008c700000| Untracked 
| 200|0x000000008c800000, 0x000000008c800000, 0x000000008c900000|  0%| F|  |TAMS 0x000000008c800000| PB 0x000000008c800000| Untracked 
| 201|0x000000008c900000, 0x000000008c900000, 0x000000008ca00000|  0%| F|  |TAMS 0x000000008c900000| PB 0x000000008c900000| Untracked 
| 202|0x000000008ca00000, 0x000000008ca00000, 0x000000008cb00000|  0%| F|  |TAMS 0x000000008ca00000| PB 0x000000008ca00000| Untracked 
| 203|0x000000008cb00000, 0x000000008cb00000, 0x000000008cc00000|  0%| F|  |TAMS 0x000000008cb00000| PB 0x000000008cb00000| Untracked 
| 204|0x000000008cc00000, 0x000000008cc00000, 0x000000008cd00000|  0%| F|  |TAMS 0x000000008cc00000| PB 0x000000008cc00000| Untracked 
| 205|0x000000008cd00000, 0x000000008cd00000, 0x000000008ce00000|  0%| F|  |TAMS 0x000000008cd00000| PB 0x000000008cd00000| Untracked 
| 206|0x000000008ce00000, 0x000000008ce00000, 0x000000008cf00000|  0%| F|  |TAMS 0x000000008ce00000| PB 0x000000008ce00000| Untracked 
| 207|0x000000008cf00000, 0x000000008cf00000, 0x000000008d000000|  0%| F|  |TAMS 0x000000008cf00000| PB 0x000000008cf00000| Untracked 
| 208|0x000000008d000000, 0x000000008d000000, 0x000000008d100000|  0%| F|  |TAMS 0x000000008d000000| PB 0x000000008d000000| Untracked 
| 209|0x000000008d100000, 0x000000008d100000, 0x000000008d200000|  0%| F|  |TAMS 0x000000008d100000| PB 0x000000008d100000| Untracked 
| 210|0x000000008d200000, 0x000000008d200000, 0x000000008d300000|  0%| F|  |TAMS 0x000000008d200000| PB 0x000000008d200000| Untracked 
| 211|0x000000008d300000, 0x000000008d300000, 0x000000008d400000|  0%| F|  |TAMS 0x000000008d300000| PB 0x000000008d300000| Untracked 
| 212|0x000000008d400000, 0x000000008d400000, 0x000000008d500000|  0%| F|  |TAMS 0x000000008d400000| PB 0x000000008d400000| Untracked 
| 213|0x000000008d500000, 0x000000008d500000, 0x000000008d600000|  0%| F|  |TAMS 0x000000008d500000| PB 0x000000008d500000| Untracked 
| 214|0x000000008d600000, 0x000000008d600000, 0x000000008d700000|  0%| F|  |TAMS 0x000000008d600000| PB 0x000000008d600000| Untracked 
| 215|0x000000008d700000, 0x000000008d700000, 0x000000008d800000|  0%| F|  |TAMS 0x000000008d700000| PB 0x000000008d700000| Untracked 
| 216|0x000000008d800000, 0x000000008d800000, 0x000000008d900000|  0%| F|  |TAMS 0x000000008d800000| PB 0x000000008d800000| Untracked 
| 217|0x000000008d900000, 0x000000008d900000, 0x000000008da00000|  0%| F|  |TAMS 0x000000008d900000| PB 0x000000008d900000| Untracked 
| 218|0x000000008da00000, 0x000000008da00000, 0x000000008db00000|  0%| F|  |TAMS 0x000000008da00000| PB 0x000000008da00000| Untracked 
| 219|0x000000008db00000, 0x000000008db00000, 0x000000008dc00000|  0%| F|  |TAMS 0x000000008db00000| PB 0x000000008db00000| Untracked 
| 220|0x000000008dc00000, 0x000000008dc00000, 0x000000008dd00000|  0%| F|  |TAMS 0x000000008dc00000| PB 0x000000008dc00000| Untracked 
| 221|0x000000008dd00000, 0x000000008dd00000, 0x000000008de00000|  0%| F|  |TAMS 0x000000008dd00000| PB 0x000000008dd00000| Untracked 
| 222|0x000000008de00000, 0x000000008de00000, 0x000000008df00000|  0%| F|  |TAMS 0x000000008de00000| PB 0x000000008de00000| Untracked 
| 223|0x000000008df00000, 0x000000008df00000, 0x000000008e000000|  0%| F|  |TAMS 0x000000008df00000| PB 0x000000008df00000| Untracked 
| 224|0x000000008e000000, 0x000000008e000000, 0x000000008e100000|  0%| F|  |TAMS 0x000000008e000000| PB 0x000000008e000000| Untracked 
| 225|0x000000008e100000, 0x000000008e100000, 0x000000008e200000|  0%| F|  |TAMS 0x000000008e100000| PB 0x000000008e100000| Untracked 
| 226|0x000000008e200000, 0x000000008e200000, 0x000000008e300000|  0%| F|  |TAMS 0x000000008e200000| PB 0x000000008e200000| Untracked 
| 227|0x000000008e300000, 0x000000008e300000, 0x000000008e400000|  0%| F|  |TAMS 0x000000008e300000| PB 0x000000008e300000| Untracked 
| 228|0x000000008e400000, 0x000000008e500000, 0x000000008e500000|100%| E|  |TAMS 0x000000008e400000| PB 0x000000008e400000| Complete 
| 229|0x000000008e500000, 0x000000008e600000, 0x000000008e600000|100%| E|CS|TAMS 0x000000008e500000| PB 0x000000008e500000| Complete 
| 230|0x000000008e600000, 0x000000008e700000, 0x000000008e700000|100%| E|CS|TAMS 0x000000008e600000| PB 0x000000008e600000| Complete 
| 231|0x000000008e700000, 0x000000008e800000, 0x000000008e800000|100%| E|CS|TAMS 0x000000008e700000| PB 0x000000008e700000| Complete 
| 232|0x000000008e800000, 0x000000008e900000, 0x000000008e900000|100%| E|CS|TAMS 0x000000008e800000| PB 0x000000008e800000| Complete 
| 233|0x000000008e900000, 0x000000008ea00000, 0x000000008ea00000|100%| E|CS|TAMS 0x000000008e900000| PB 0x000000008e900000| Complete 
| 234|0x000000008ea00000, 0x000000008eb00000, 0x000000008eb00000|100%| E|CS|TAMS 0x000000008ea00000| PB 0x000000008ea00000| Complete 
| 235|0x000000008eb00000, 0x000000008ec00000, 0x000000008ec00000|100%| E|CS|TAMS 0x000000008eb00000| PB 0x000000008eb00000| Complete 
| 236|0x000000008ec00000, 0x000000008ec00000, 0x000000008ed00000|  0%| F|  |TAMS 0x000000008ec00000| PB 0x000000008ec00000| Untracked 
| 237|0x000000008ed00000, 0x000000008ed00000, 0x000000008ee00000|  0%| F|  |TAMS 0x000000008ed00000| PB 0x000000008ed00000| Untracked 
| 238|0x000000008ee00000, 0x000000008ee00000, 0x000000008ef00000|  0%| F|  |TAMS 0x000000008ee00000| PB 0x000000008ee00000| Untracked 
| 239|0x000000008ef00000, 0x000000008ef00000, 0x000000008f000000|  0%| F|  |TAMS 0x000000008ef00000| PB 0x000000008ef00000| Untracked 
| 240|0x000000008f000000, 0x000000008f000000, 0x000000008f100000|  0%| F|  |TAMS 0x000000008f000000| PB 0x000000008f000000| Untracked 
| 241|0x000000008f100000, 0x000000008f100000, 0x000000008f200000|  0%| F|  |TAMS 0x000000008f100000| PB 0x000000008f100000| Untracked 
| 242|0x000000008f200000, 0x000000008f200000, 0x000000008f300000|  0%| F|  |TAMS 0x000000008f200000| PB 0x000000008f200000| Untracked 
| 243|0x000000008f300000, 0x000000008f300000, 0x000000008f400000|  0%| F|  |TAMS 0x000000008f300000| PB 0x000000008f300000| Untracked 
| 244|0x000000008f400000, 0x000000008f400000, 0x000000008f500000|  0%| F|  |TAMS 0x000000008f400000| PB 0x000000008f400000| Untracked 
| 245|0x000000008f500000, 0x000000008f500000, 0x000000008f600000|  0%| F|  |TAMS 0x000000008f500000| PB 0x000000008f500000| Untracked 
| 246|0x000000008f600000, 0x000000008f600000, 0x000000008f700000|  0%| F|  |TAMS 0x000000008f600000| PB 0x000000008f600000| Untracked 
| 247|0x000000008f700000, 0x000000008f700000, 0x000000008f800000|  0%| F|  |TAMS 0x000000008f700000| PB 0x000000008f700000| Untracked 
| 248|0x000000008f800000, 0x000000008f800000, 0x000000008f900000|  0%| F|  |TAMS 0x000000008f800000| PB 0x000000008f800000| Untracked 
| 249|0x000000008f900000, 0x000000008f900000, 0x000000008fa00000|  0%| F|  |TAMS 0x000000008f900000| PB 0x000000008f900000| Untracked 
| 250|0x000000008fa00000, 0x000000008fa00000, 0x000000008fb00000|  0%| F|  |TAMS 0x000000008fa00000| PB 0x000000008fa00000| Untracked 
| 251|0x000000008fb00000, 0x000000008fb00000, 0x000000008fc00000|  0%| F|  |TAMS 0x000000008fb00000| PB 0x000000008fb00000| Untracked 
| 252|0x000000008fc00000, 0x000000008fd00000, 0x000000008fd00000|100%| E|CS|TAMS 0x000000008fc00000| PB 0x000000008fc00000| Complete 
| 253|0x000000008fd00000, 0x000000008fe00000, 0x000000008fe00000|100%| E|CS|TAMS 0x000000008fd00000| PB 0x000000008fd00000| Complete 
|2039|0x00000000ff700000, 0x00000000ff800000, 0x00000000ff800000|100%| O|  |TAMS 0x00000000ff800000| PB 0x00000000ff800000| Updating 
|2040|0x00000000ff800000, 0x00000000ff900000, 0x00000000ff900000|100%| O|  |TAMS 0x00000000ff900000| PB 0x00000000ff900000| Untracked 
|2041|0x00000000ff900000, 0x00000000ffa00000, 0x00000000ffa00000|100%| E|CS|TAMS 0x00000000ff900000| PB 0x00000000ff900000| Complete 
|2042|0x00000000ffa00000, 0x00000000ffb00000, 0x00000000ffb00000|100%| E|CS|TAMS 0x00000000ffa00000| PB 0x00000000ffa00000| Complete 
|2043|0x00000000ffb00000, 0x00000000ffc00000, 0x00000000ffc00000|100%| O|  |TAMS 0x00000000ffc00000| PB 0x00000000ffc00000| Updating 
|2044|0x00000000ffc00000, 0x00000000ffd00000, 0x00000000ffd00000|100%| E|CS|TAMS 0x00000000ffc00000| PB 0x00000000ffc00000| Complete 
|2045|0x00000000ffd00000, 0x00000000ffe00000, 0x00000000ffe00000|100%| O|  |TAMS 0x00000000ffe00000| PB 0x00000000ffe00000| Updating 
|2046|0x00000000ffe00000, 0x00000000fff00000, 0x00000000fff00000|100%| O|  |TAMS 0x00000000fff00000| PB 0x00000000fff00000| Untracked 
|2047|0x00000000fff00000, 0x0000000100000000, 0x0000000100000000|100%| O|  |TAMS 0x0000000100000000| PB 0x0000000100000000| Untracked 

Card table byte_map: [0x0000020d5a0b0000,0x0000020d5a4b0000] _byte_map_base: 0x0000020d59cb0000

Marking Bits: (CMBitMap*) 0x0000020d478864e0
 Bits: [0x0000020d5a4b0000, 0x0000020d5c4b0000)

Polling page: 0x0000020d45690000

Metaspace:

Usage:
  Non-class:    136.07 MB used.
      Class:     20.41 MB used.
       Both:    156.48 MB used.

Virtual space:
  Non-class space:      192.00 MB reserved,     137.25 MB ( 71%) committed,  3 nodes.
      Class space:        1.00 GB reserved,      21.56 MB (  2%) committed,  1 nodes.
             Both:        1.19 GB reserved,     158.81 MB ( 13%) committed. 

Chunk freelists:
   Non-Class:  5.86 MB
       Class:  10.42 MB
        Both:  16.28 MB

MaxMetaspaceSize: unlimited
CompressedClassSpaceSize: 1.00 GB
Initial GC threshold: 21.00 MB
Current GC threshold: 232.44 MB
CDS: off
 - commit_granule_bytes: 65536.
 - commit_granule_words: 8192.
 - virtual_space_node_default_size: 8388608.
 - enlarge_chunks_in_place: 1.
 - use_allocation_guard: 0.


Internal statistics:

num_allocs_failed_limit: 6.
num_arena_births: 4436.
num_arena_deaths: 4.
num_vsnodes_births: 4.
num_vsnodes_deaths: 0.
num_space_committed: 2539.
num_space_uncommitted: 0.
num_chunks_returned_to_freelist: 15.
num_chunks_taken_from_freelist: 10570.
num_chunk_merges: 6.
num_chunk_splits: 7454.
num_chunks_enlarged: 5231.
num_inconsistent_stats: 0.

CodeHeap 'non-profiled nmethods': size=120000Kb used=6844Kb max_used=7023Kb free=113155Kb
 bounds [0x0000020d52450000, 0x0000020d52b30000, 0x0000020d59980000]
CodeHeap 'profiled nmethods': size=120000Kb used=23545Kb max_used=24421Kb free=96455Kb
 bounds [0x0000020d4a980000, 0x0000020d4c160000, 0x0000020d51eb0000]
CodeHeap 'non-nmethods': size=5760Kb used=3138Kb max_used=3207Kb free=2621Kb
 bounds [0x0000020d51eb0000, 0x0000020d521f0000, 0x0000020d52450000]
 total_blobs=13487 nmethods=12298 adapters=1092
 compilation: enabled
              stopped_count=0, restarted_count=0
 full_count=0

Compilation events (20 events):
Event: 34.926 Thread 0x0000020d5f04c9c0 nmethod 14584 0x0000020d52b2af90 code [0x0000020d52b2b180, 0x0000020d52b2b770]
Event: 34.926 Thread 0x0000020d5f04c9c0 14623       4       org.gradle.internal.serialize.AbstractCollectionSerializer::read (47 bytes)
Event: 34.934 Thread 0x0000020d5f08ac90 nmethod 14624% 0x0000020d4c147710 code [0x0000020d4c147f40, 0x0000020d4c14d038]
Event: 34.934 Thread 0x0000020d5f08ac90 14625       2       sun.nio.fs.WindowsSecurityDescriptor::release (75 bytes)
Event: 34.935 Thread 0x0000020d5f08ac90 nmethod 14625 0x0000020d4c14ef90 code [0x0000020d4c14f180, 0x0000020d4c14f448]
Event: 34.942 Thread 0x0000020d5f08ac90 14628       3       com.google.common.collect.MapMakerInternalMap$Segment::expand (276 bytes)
Event: 34.953 Thread 0x0000020d5f08ac90 nmethod 14628 0x0000020d4c14f610 code [0x0000020d4c14fe40, 0x0000020d4c154d80]
Event: 34.973 Thread 0x0000020d5f08ac90 14629       2       java.nio.file.spi.FileSystemProvider::newInputStream (102 bytes)
Event: 34.975 Thread 0x0000020d5f08ac90 nmethod 14629 0x0000020d4c156c10 code [0x0000020d4c156ea0, 0x0000020d4c157680]
Event: 34.975 Thread 0x0000020d5f08ac90 14630       2       org.gradle.internal.serialize.AbstractSerializer::<init> (5 bytes)
Event: 34.975 Thread 0x0000020d5f08ac90 nmethod 14630 0x0000020d4c157b10 code [0x0000020d4c157ca0, 0x0000020d4c157da8]
Event: 35.017 Thread 0x0000020d5f08ac90 14635       2       com.google.common.cache.CacheBuilder$1::recordLoadSuccess (1 bytes)
Event: 35.018 Thread 0x0000020d5f08ac90 nmethod 14635 0x0000020d4c157e90 code [0x0000020d4c158020, 0x0000020d4c158128]
Event: 35.035 Thread 0x0000020d5f08ac90 14636       2       java.io.FileDescriptor::setHandle (33 bytes)
Event: 35.035 Thread 0x0000020d5f08ac90 nmethod 14636 0x0000020d4c158190 code [0x0000020d4c158340, 0x0000020d4c1584d8]
Event: 35.055 Thread 0x0000020d5f08ac90 14637   !   2       sun.nio.ch.FileChannelImpl$Closer::run (28 bytes)
Event: 35.056 Thread 0x0000020d5f08ac90 nmethod 14637 0x0000020d4c158590 code [0x0000020d4c158780, 0x0000020d4c158c08]
Event: 35.056 Thread 0x0000020d5f08ac90 14638       2       java.io.FileDescriptor$1::close (5 bytes)
Event: 35.056 Thread 0x0000020d5f08ac90 nmethod 14638 0x0000020d4c158e90 code [0x0000020d4c159060, 0x0000020d4c1593e8]
Event: 35.145 Thread 0x0000020d5f08ac90 14639   !   2       sun.nio.fs.WindowsFileSystemProvider::newByteChannel (71 bytes)

GC Heap History (20 events):
Event: 21.414 GC heap before
{Heap before GC invocations=36 (full 0):
 garbage-first heap   total 191488K, used 130798K [0x0000000080000000, 0x0000000100000000)
  region size 1024K, 14 young (14336K), 8 survivors (8192K)
 Metaspace       used 105815K, committed 107776K, reserved 1179648K
  class space    used 14705K, committed 15616K, reserved 1048576K
}
Event: 21.432 GC heap after
{Heap after GC invocations=37 (full 0):
 garbage-first heap   total 191488K, used 131708K [0x0000000080000000, 0x0000000100000000)
  region size 1024K, 6 young (6144K), 6 survivors (6144K)
 Metaspace       used 105815K, committed 107776K, reserved 1179648K
  class space    used 14705K, committed 15616K, reserved 1048576K
}
Event: 22.153 GC heap before
{Heap before GC invocations=38 (full 0):
 garbage-first heap   total 222208K, used 166524K [0x0000000080000000, 0x0000000100000000)
  region size 1024K, 39 young (39936K), 6 survivors (6144K)
 Metaspace       used 109245K, committed 111168K, reserved 1179648K
  class space    used 15119K, committed 16000K, reserved 1048576K
}
Event: 22.162 GC heap after
{Heap after GC invocations=39 (full 0):
 garbage-first heap   total 222208K, used 128823K [0x0000000080000000, 0x0000000100000000)
  region size 1024K, 4 young (4096K), 4 survivors (4096K)
 Metaspace       used 109245K, committed 111168K, reserved 1179648K
  class space    used 15119K, committed 16000K, reserved 1048576K
}
Event: 23.120 GC heap before
{Heap before GC invocations=39 (full 0):
 garbage-first heap   total 222208K, used 189239K [0x0000000080000000, 0x0000000100000000)
  region size 1024K, 56 young (57344K), 4 survivors (4096K)
 Metaspace       used 115405K, committed 117312K, reserved 1179648K
  class space    used 15677K, committed 16576K, reserved 1048576K
}
Event: 23.131 GC heap after
{Heap after GC invocations=40 (full 0):
 garbage-first heap   total 222208K, used 138719K [0x0000000080000000, 0x0000000100000000)
  region size 1024K, 7 young (7168K), 7 survivors (7168K)
 Metaspace       used 115405K, committed 117312K, reserved 1179648K
  class space    used 15677K, committed 16576K, reserved 1048576K
}
Event: 24.039 GC heap before
{Heap before GC invocations=40 (full 0):
 garbage-first heap   total 222208K, used 189919K [0x0000000080000000, 0x0000000100000000)
  region size 1024K, 57 young (58368K), 7 survivors (7168K)
 Metaspace       used 121511K, committed 123776K, reserved 1179648K
  class space    used 16523K, committed 17600K, reserved 1048576K
}
Event: 24.049 GC heap after
{Heap after GC invocations=41 (full 0):
 garbage-first heap   total 222208K, used 142108K [0x0000000080000000, 0x0000000100000000)
  region size 1024K, 7 young (7168K), 7 survivors (7168K)
 Metaspace       used 121511K, committed 123776K, reserved 1179648K
  class space    used 16523K, committed 17600K, reserved 1048576K
}
Event: 24.935 GC heap before
{Heap before GC invocations=42 (full 0):
 garbage-first heap   total 237568K, used 194332K [0x0000000080000000, 0x0000000100000000)
  region size 1024K, 58 young (59392K), 7 survivors (7168K)
 Metaspace       used 127926K, committed 130176K, reserved 1179648K
  class space    used 17343K, committed 18432K, reserved 1048576K
}
Event: 24.944 GC heap after
{Heap after GC invocations=43 (full 0):
 garbage-first heap   total 237568K, used 144598K [0x0000000080000000, 0x0000000100000000)
  region size 1024K, 7 young (7168K), 7 survivors (7168K)
 Metaspace       used 127926K, committed 130176K, reserved 1179648K
  class space    used 17343K, committed 18432K, reserved 1048576K
}
Event: 26.002 GC heap before
{Heap before GC invocations=43 (full 0):
 garbage-first heap   total 237568K, used 207062K [0x0000000080000000, 0x0000000100000000)
  region size 1024K, 68 young (69632K), 7 survivors (7168K)
 Metaspace       used 131080K, committed 133312K, reserved 1179648K
  class space    used 17672K, committed 18752K, reserved 1048576K
}
Event: 26.013 GC heap after
{Heap after GC invocations=44 (full 0):
 garbage-first heap   total 237568K, used 145931K [0x0000000080000000, 0x0000000100000000)
  region size 1024K, 7 young (7168K), 7 survivors (7168K)
 Metaspace       used 131080K, committed 133312K, reserved 1179648K
  class space    used 17672K, committed 18752K, reserved 1048576K
}
Event: 27.448 GC heap before
{Heap before GC invocations=44 (full 0):
 garbage-first heap   total 237568K, used 214539K [0x0000000080000000, 0x0000000100000000)
  region size 1024K, 74 young (75776K), 7 survivors (7168K)
 Metaspace       used 139576K, committed 141888K, reserved 1179648K
  class space    used 18673K, committed 19776K, reserved 1048576K
}
Event: 27.458 GC heap after
{Heap after GC invocations=45 (full 0):
 garbage-first heap   total 237568K, used 150835K [0x0000000080000000, 0x0000000100000000)
  region size 1024K, 9 young (9216K), 9 survivors (9216K)
 Metaspace       used 139576K, committed 141888K, reserved 1179648K
  class space    used 18673K, committed 19776K, reserved 1048576K
}
Event: 28.839 GC heap before
{Heap before GC invocations=46 (full 0):
 garbage-first heap   total 252928K, used 214323K [0x0000000080000000, 0x0000000100000000)
  region size 1024K, 71 young (72704K), 9 survivors (9216K)
 Metaspace       used 149544K, committed 151808K, reserved 1245184K
  class space    used 19579K, committed 20672K, reserved 1048576K
}
Event: 28.848 GC heap after
{Heap after GC invocations=47 (full 0):
 garbage-first heap   total 252928K, used 152302K [0x0000000080000000, 0x0000000100000000)
  region size 1024K, 7 young (7168K), 7 survivors (7168K)
 Metaspace       used 149544K, committed 151808K, reserved 1245184K
  class space    used 19579K, committed 20672K, reserved 1048576K
}
Event: 34.268 GC heap before
{Heap before GC invocations=47 (full 0):
 garbage-first heap   total 252928K, used 231150K [0x0000000080000000, 0x0000000100000000)
  region size 1024K, 84 young (86016K), 7 survivors (7168K)
 Metaspace       used 159998K, committed 162368K, reserved 1245184K
  class space    used 20886K, committed 22080K, reserved 1048576K
}
Event: 34.287 GC heap after
{Heap after GC invocations=48 (full 0):
 garbage-first heap   total 252928K, used 160531K [0x0000000080000000, 0x0000000100000000)
  region size 1024K, 11 young (11264K), 11 survivors (11264K)
 Metaspace       used 159998K, committed 162368K, reserved 1245184K
  class space    used 20886K, committed 22080K, reserved 1048576K
}
Event: 35.062 GC heap before
{Heap before GC invocations=48 (full 0):
 garbage-first heap   total 252928K, used 227091K [0x0000000080000000, 0x0000000100000000)
  region size 1024K, 77 young (78848K), 11 survivors (11264K)
 Metaspace       used 160232K, committed 162624K, reserved 1245184K
  class space    used 20896K, committed 22080K, reserved 1048576K
}
Event: 35.088 GC heap after
{Heap after GC invocations=49 (full 0):
 garbage-first heap   total 252928K, used 173343K [0x0000000080000000, 0x0000000100000000)
  region size 1024K, 10 young (10240K), 10 survivors (10240K)
 Metaspace       used 160232K, committed 162624K, reserved 1245184K
  class space    used 20896K, committed 22080K, reserved 1048576K
}

Dll operation events (3 events):
Event: 0.022 Loaded shared library C:\Program Files\Android\Android Studio1\jbr\bin\java.dll
Event: 0.032 Loaded shared library C:\Program Files\Android\Android Studio1\jbr\bin\zip.dll
Event: 0.731 Loaded shared library C:\Program Files\Android\Android Studio1\jbr\bin\verify.dll

Deoptimization events (20 events):
Event: 34.529 Thread 0x0000020d65473de0 DEOPT PACKING pc=0x0000020d52af6f20 sp=0x00000088fdefdf30
Event: 34.529 Thread 0x0000020d65473de0 DEOPT UNPACKING pc=0x0000020d51f046a2 sp=0x00000088fdefdeb0 mode 2
Event: 34.601 Thread 0x0000020d72e39b80 Uncommon trap: trap_request=0xffffff45 fr.pc=0x0000020d5273dedc relative=0x00000000000011dc
Event: 34.601 Thread 0x0000020d72e39b80 Uncommon trap: reason=unstable_if action=reinterpret pc=0x0000020d5273dedc method=jdk.internal.jimage.ImageLocation.verifyName(Ljava/lang/String;Ljava/lang/String;IIIIIILjdk/internal/jimage/ImageStrings;)Z @ 90 c2
Event: 34.601 Thread 0x0000020d72e39b80 DEOPT PACKING pc=0x0000020d5273dedc sp=0x0000008882efafa0
Event: 34.601 Thread 0x0000020d72e39b80 DEOPT UNPACKING pc=0x0000020d51f046a2 sp=0x0000008882efae78 mode 2
Event: 34.602 Thread 0x0000020d72e39b80 DEOPT PACKING pc=0x0000020d4abb4dde sp=0x0000008882efb3f0
Event: 34.602 Thread 0x0000020d72e39b80 DEOPT UNPACKING pc=0x0000020d51f04e42 sp=0x0000008882efa8d8 mode 0
Event: 34.603 Thread 0x0000020d72e39b80 DEOPT PACKING pc=0x0000020d4abb4dde sp=0x0000008882efb3f0
Event: 34.603 Thread 0x0000020d72e39b80 DEOPT UNPACKING pc=0x0000020d51f04e42 sp=0x0000008882efa8d8 mode 0
Event: 34.604 Thread 0x0000020d72e39b80 DEOPT PACKING pc=0x0000020d4abb4dde sp=0x0000008882efb3f0
Event: 34.604 Thread 0x0000020d72e39b80 DEOPT UNPACKING pc=0x0000020d51f04e42 sp=0x0000008882efa8d8 mode 0
Event: 34.657 Thread 0x0000020d72e39b80 Uncommon trap: trap_request=0xffffff45 fr.pc=0x0000020d52a8b144 relative=0x0000000000000204
Event: 34.657 Thread 0x0000020d72e39b80 Uncommon trap: reason=unstable_if action=reinterpret pc=0x0000020d52a8b144 method=com.esotericsoftware.kryo.io.Input.require(I)I @ 65 c2
Event: 34.657 Thread 0x0000020d72e39b80 DEOPT PACKING pc=0x0000020d52a8b144 sp=0x0000008882ef9ef0
Event: 34.657 Thread 0x0000020d72e39b80 DEOPT UNPACKING pc=0x0000020d51f046a2 sp=0x0000008882ef9ea0 mode 2
Event: 34.756 Thread 0x0000020d72e39b80 Uncommon trap: trap_request=0xffffff45 fr.pc=0x0000020d52b16930 relative=0x00000000000002d0
Event: 34.756 Thread 0x0000020d72e39b80 Uncommon trap: reason=unstable_if action=reinterpret pc=0x0000020d52b16930 method=com.google.common.collect.MapMakerInternalMap$Segment.getEntry(Ljava/lang/Object;I)Lcom/google/common/collect/MapMakerInternalMap$InternalEntry; @ 63 c2
Event: 34.756 Thread 0x0000020d72e39b80 DEOPT PACKING pc=0x0000020d52b16930 sp=0x0000008882ef9e70
Event: 34.756 Thread 0x0000020d72e39b80 DEOPT UNPACKING pc=0x0000020d51f046a2 sp=0x0000008882ef9e08 mode 2

Classes loaded (20 events):
Event: 31.474 Loading class com/sun/org/apache/xerces/internal/dom/TextImpl done
Event: 31.474 Loading class com/sun/org/apache/xerces/internal/dom/DeferredTextImpl done
Event: 31.474 Loading class com/sun/org/apache/xerces/internal/dom/CharacterDataImpl$1
Event: 31.474 Loading class com/sun/org/apache/xerces/internal/dom/CharacterDataImpl$1 done
Event: 31.489 Loading class org/w3c/dom/Comment
Event: 31.489 Loading class org/w3c/dom/Comment done
Event: 32.789 Loading class com/sun/org/apache/xerces/internal/dom/DeferredCommentImpl
Event: 32.789 Loading class com/sun/org/apache/xerces/internal/dom/CommentImpl
Event: 32.789 Loading class com/sun/org/apache/xerces/internal/dom/CommentImpl done
Event: 32.789 Loading class com/sun/org/apache/xerces/internal/dom/DeferredCommentImpl done
Event: 33.439 Loading class java/util/Collections$ReverseComparator
Event: 33.439 Loading class java/util/Collections$ReverseComparator done
Event: 33.439 Loading class java/util/Collections$ReverseComparator2
Event: 33.439 Loading class java/util/Collections$ReverseComparator2 done
Event: 34.290 Loading class sun/security/ssl/Alert
Event: 34.291 Loading class sun/security/ssl/Alert done
Event: 34.291 Loading class sun/security/ssl/Alert$AlertConsumer
Event: 34.292 Loading class sun/security/ssl/Alert$AlertConsumer done
Event: 34.292 Loading class sun/security/ssl/Alert$Level
Event: 34.292 Loading class sun/security/ssl/Alert$Level done

Classes unloaded (12 events):
Event: 15.867 Thread 0x0000020d5efe8cb0 Unloading class 0x0000000100948968 '_BuildScript_$_run_closure1$_closure2'
Event: 15.867 Thread 0x0000020d5efe8cb0 Unloading class 0x0000000100948558 '_BuildScript_$_run_closure1'
Event: 15.867 Thread 0x0000020d5efe8cb0 Unloading class 0x0000000100948000 '_BuildScript_'
Event: 19.538 Thread 0x0000020d5efe8cb0 Unloading class 0x00000001009759a8 '_BuildScript_$_run_closure1$_closure3'
Event: 19.538 Thread 0x0000020d5efe8cb0 Unloading class 0x0000000100975598 '_BuildScript_$_run_closure1$_closure2'
Event: 19.538 Thread 0x0000020d5efe8cb0 Unloading class 0x0000000100975188 '_BuildScript_$_run_closure1'
Event: 19.538 Thread 0x0000020d5efe8cb0 Unloading class 0x0000000100974c30 '_BuildScript_'
Event: 19.538 Thread 0x0000020d5efe8cb0 Unloading class 0x0000000100974820 'JetGradlePlugin$_apply_closure1$_closure2$_closure3'
Event: 19.538 Thread 0x0000020d5efe8cb0 Unloading class 0x0000000100974410 'JetGradlePlugin$_apply_closure1$_closure2'
Event: 19.538 Thread 0x0000020d5efe8cb0 Unloading class 0x0000000100974000 'JetGradlePlugin$_apply_closure1'
Event: 19.538 Thread 0x0000020d5efe8cb0 Unloading class 0x000000010096d2f0 'JetGradlePlugin'
Event: 19.538 Thread 0x0000020d5efe8cb0 Unloading class 0x000000010096d000 'RegistryProcessor'

Classes redefined (0 events):
No events

Internal exceptions (20 events):
Event: 28.788 Thread 0x0000020d65434ae0 Exception <a 'java/lang/NoSuchMethodError'{0x000000008b41a718}: static Lorg/gradle/api/internal/catalog/DependencyModel;.<clinit>()V> (0x000000008b41a718) 
thrown [s\src\hotspot\share\prims\jni.cpp, line 1144]
Event: 28.788 Thread 0x0000020d65434ae0 Exception <a 'java/lang/NoSuchMethodError'{0x000000008b41e610}: static Lorg/gradle/api/internal/catalog/AbstractContextAwareModel;.<clinit>()V> (0x000000008b41e610) 
thrown [s\src\hotspot\share\prims\jni.cpp, line 1144]
Event: 28.789 Thread 0x0000020d65434ae0 Exception <a 'java/lang/NoSuchMethodError'{0x000000008b439c60}: static Lorg/gradle/api/internal/artifacts/dependencies/AbstractVersionConstraint;.<clinit>()V> (0x000000008b439c60) 
thrown [s\src\hotspot\share\prims\jni.cpp, line 1144]
Event: 28.796 Thread 0x0000020d65434ae0 Exception <a 'java/lang/NoSuchMethodError'{0x000000008b4904b0}: static Lorg/gradle/api/internal/catalog/PluginModel;.<clinit>()V> (0x000000008b4904b0) 
thrown [s\src\hotspot\share\prims\jni.cpp, line 1144]
Event: 28.798 Thread 0x0000020d65434ae0 Exception <a 'java/lang/NoSuchMethodError'{0x000000008b4a9720}: static Lorg/gradle/api/internal/catalog/VersionModel;.<clinit>()V> (0x000000008b4a9720) 
thrown [s\src\hotspot\share\prims\jni.cpp, line 1144]
Event: 28.901 Thread 0x0000020d65434ae0 Exception <a 'java/lang/NoSuchMethodError'{0x00000000ff988850}: 'int java.lang.invoke.DirectMethodHandle$Holder.invokeSpecialIFC(java.lang.Object, java.lang.Object, java.lang.Object)'> (0x00000000ff988850) 
thrown [s\src\hotspot\share\interpreter\linkResolver.cpp, line 784]
Event: 28.969 Thread 0x0000020d65434ae0 Exception <a 'java/lang/NoSuchMethodError'{0x000000008ea20848}: 'void java.lang.invoke.DirectMethodHandle$Holder.invokeStatic(java.lang.Object, java.lang.Object, java.lang.Object, int, java.lang.Object)'> (0x000000008ea20848) 
thrown [s\src\hotspot\share\interpreter\linkResolver.cpp, line 784]
Event: 28.982 Thread 0x0000020d65434ae0 Implicit null exception at 0x0000020d5292a7a0 to 0x0000020d5292aa0c
Event: 29.053 Thread 0x0000020d65434ae0 Exception <a 'sun/nio/fs/WindowsException'{0x000000008e8b84b8}> (0x000000008e8b84b8) 
thrown [s\src\hotspot\share\prims\jni.cpp, line 537]
Event: 30.787 Thread 0x0000020d65473750 Exception <a 'java/lang/NoSuchMethodError'{0x000000008d0891a0}: static Lorg/gradle/internal/build/event/types/DefaultFileDownloadDescriptor;.<clinit>()V> (0x000000008d0891a0) 
thrown [s\src\hotspot\share\prims\jni.cpp, line 1144]
Event: 31.341 Thread 0x0000020d65434ae0 Exception <a 'java/lang/NoSuchMethodError'{0x000000008cf0f2e0}: 'void java.lang.invoke.DirectMethodHandle$Holder.invokeVirtual(java.lang.Object, java.lang.Object, long)'> (0x000000008cf0f2e0) 
thrown [s\src\hotspot\share\interpreter\linkResolver.cpp, line 784]
Event: 31.341 Thread 0x0000020d65434ae0 Implicit null exception at 0x0000020d52693ff7 to 0x0000020d526941a8
Event: 31.348 Thread 0x0000020d65473750 Exception <a 'java/lang/NoSuchMethodError'{0x000000008cf89708}: static Lorg/gradle/internal/build/event/types/DefaultOperationFinishedProgressEvent;.<clinit>()V> (0x000000008cf89708) 
thrown [s\src\hotspot\share\prims\jni.cpp, line 1144]
Event: 31.350 Thread 0x0000020d65473750 Exception <a 'java/lang/NoSuchMethodError'{0x000000008cfc9740}: static Lorg/gradle/internal/build/event/types/DefaultFileDownloadSuccessResult;.<clinit>()V> (0x000000008cfc9740) 
thrown [s\src\hotspot\share\prims\jni.cpp, line 1144]
Event: 31.350 Thread 0x0000020d65473750 Exception <a 'java/lang/NoSuchMethodError'{0x000000008cfca798}: static Lorg/gradle/internal/build/event/types/DefaultSuccessResult;.<clinit>()V> (0x000000008cfca798) 
thrown [s\src\hotspot\share\prims\jni.cpp, line 1144]
Event: 31.350 Thread 0x0000020d65473750 Exception <a 'java/lang/NoSuchMethodError'{0x000000008cfcb660}: static Lorg/gradle/internal/build/event/types/AbstractOperationResult;.<clinit>()V> (0x000000008cfcb660) 
thrown [s\src\hotspot\share\prims\jni.cpp, line 1144]
Event: 31.350 Thread 0x0000020d65473750 Exception <a 'java/lang/NoSuchMethodError'{0x000000008cfcca88}: static Lorg/gradle/internal/build/event/types/AbstractResult;.<clinit>()V> (0x000000008cfcca88) 
thrown [s\src\hotspot\share\prims\jni.cpp, line 1144]
Event: 31.384 Thread 0x0000020d65434ae0 Exception <a 'java/lang/NoSuchMethodError'{0x000000008ce7e7c0}: 'int java.lang.invoke.DirectMethodHandle$Holder.invokeSpecial(java.lang.Object, java.lang.Object, int)'> (0x000000008ce7e7c0) 
thrown [s\src\hotspot\share\interpreter\linkResolver.cpp, line 784]
Event: 32.771 Thread 0x0000020d65473750 Exception <a 'java/lang/NoSuchMethodError'{0x000000008c909b98}: static Lorg/gradle/internal/build/event/types/DefaultStatusEvent;.<clinit>()V> (0x000000008c909b98) 
thrown [s\src\hotspot\share\prims\jni.cpp, line 1144]
Event: 34.292 Thread 0x0000020d5f04a940 Implicit null exception at 0x0000020d527eb10b to 0x0000020d527eb1dc

ZGC Phase Switch (0 events):
No events

VM Operations (20 events):
Event: 31.414 Executing VM operation: HandshakeAllThreads (Deoptimize) done
Event: 32.415 Executing VM operation: Cleanup
Event: 32.415 Executing VM operation: Cleanup done
Event: 33.416 Executing VM operation: Cleanup
Event: 33.416 Executing VM operation: Cleanup done
Event: 33.530 Executing VM operation: HandshakeAllThreads (Deoptimize)
Event: 33.530 Executing VM operation: HandshakeAllThreads (Deoptimize) done
Event: 33.976 Executing VM operation: ICBufferFull
Event: 33.976 Executing VM operation: ICBufferFull done
Event: 34.023 Executing VM operation: HandshakeAllThreads (Deoptimize)
Event: 34.023 Executing VM operation: HandshakeAllThreads (Deoptimize) done
Event: 34.259 Executing VM operation: ICBufferFull
Event: 34.260 Executing VM operation: ICBufferFull done
Event: 34.267 Executing VM operation: G1CollectForAllocation (G1 Evacuation Pause)
Event: 34.287 Executing VM operation: G1CollectForAllocation (G1 Evacuation Pause) done
Event: 34.769 Executing VM operation: ICBufferFull
Event: 34.769 Executing VM operation: ICBufferFull done
Event: 35.062 Executing VM operation: G1CollectForAllocation (G1 Evacuation Pause)
Event: 35.088 Executing VM operation: G1CollectForAllocation (G1 Evacuation Pause) done
Event: 35.290 Executing VM operation: G1PauseRemark

Memory protections (0 events):
No events

Nmethod flushes (20 events):
Event: 35.354 Thread 0x0000020d5efe8cb0 flushing  nmethod 0x0000020d4b934b10
Event: 35.354 Thread 0x0000020d5efe8cb0 flushing  nmethod 0x0000020d4b970690
Event: 35.354 Thread 0x0000020d5efe8cb0 flushing  nmethod 0x0000020d4b972190
Event: 35.354 Thread 0x0000020d5efe8cb0 flushing  nmethod 0x0000020d4b972b10
Event: 35.354 Thread 0x0000020d5efe8cb0 flushing  nmethod 0x0000020d4b975690
Event: 35.354 Thread 0x0000020d5efe8cb0 flushing  nmethod 0x0000020d4b975f90
Event: 35.354 Thread 0x0000020d5efe8cb0 flushing  nmethod 0x0000020d4b976790
Event: 35.354 Thread 0x0000020d5efe8cb0 flushing  nmethod 0x0000020d4b977010
Event: 35.354 Thread 0x0000020d5efe8cb0 flushing  nmethod 0x0000020d4b977890
Event: 35.354 Thread 0x0000020d5efe8cb0 flushing  nmethod 0x0000020d4b977c90
Event: 35.354 Thread 0x0000020d5efe8cb0 flushing  nmethod 0x0000020d4b978f90
Event: 35.354 Thread 0x0000020d5efe8cb0 flushing  nmethod 0x0000020d4b979310
Event: 35.354 Thread 0x0000020d5efe8cb0 flushing  nmethod 0x0000020d4b97b710
Event: 35.354 Thread 0x0000020d5efe8cb0 flushing  nmethod 0x0000020d4b9b9510
Event: 35.354 Thread 0x0000020d5efe8cb0 flushing  nmethod 0x0000020d4b9bbe10
Event: 35.354 Thread 0x0000020d5efe8cb0 flushing  nmethod 0x0000020d4b9be110
Event: 35.354 Thread 0x0000020d5efe8cb0 flushing  nmethod 0x0000020d4b9cfb90
Event: 35.354 Thread 0x0000020d5efe8cb0 flushing  nmethod 0x0000020d4b9d0090
Event: 35.354 Thread 0x0000020d5efe8cb0 flushing  nmethod 0x0000020d4bc31810
Event: 35.354 Thread 0x0000020d5efe8cb0 flushing  nmethod 0x0000020d4bc39510

Events (20 events):
Event: 33.609 Thread 0x0000020d65434ae0 Thread added: 0x0000020d7350fb50
Event: 33.610 Thread 0x0000020d65434ae0 Thread added: 0x0000020d735122b0
Event: 33.610 Thread 0x0000020d65434ae0 Thread added: 0x0000020d73512940
Event: 33.860 Thread 0x0000020d6a4a3370 Thread exited: 0x0000020d6a4a3370
Event: 33.981 Thread 0x0000020d5f08ac90 Thread added: 0x0000020d6a4a3370
Event: 33.986 Thread 0x0000020d65434ae0 Thread added: 0x0000020d7350f4c0
Event: 33.989 Thread 0x0000020d65434ae0 Thread added: 0x0000020d73514a10
Event: 33.992 Thread 0x0000020d65434ae0 Thread added: 0x0000020d73512fd0
Event: 33.994 Thread 0x0000020d65434ae0 Thread added: 0x0000020d73513660
Event: 33.996 Thread 0x0000020d65434ae0 Thread added: 0x0000020d73513cf0
Event: 33.997 Thread 0x0000020d65434ae0 Thread added: 0x0000020d73514380
Event: 33.999 Thread 0x0000020d65434ae0 Thread added: 0x0000020d735150a0
Event: 34.462 Thread 0x0000020d65434ae0 Thread added: 0x0000020d72e394f0
Event: 34.465 Thread 0x0000020d65434ae0 Thread added: 0x0000020d72e3a210
Event: 34.469 Thread 0x0000020d65434ae0 Thread added: 0x0000020d72e3a8a0
Event: 34.470 Thread 0x0000020d65434ae0 Thread added: 0x0000020d72e37420
Event: 34.471 Thread 0x0000020d65434ae0 Thread added: 0x0000020d72e387d0
Event: 34.472 Thread 0x0000020d65434ae0 Thread added: 0x0000020d72e38e60
Event: 34.473 Thread 0x0000020d65434ae0 Thread added: 0x0000020d72e39b80
Event: 34.503 Thread 0x0000020d5f08ac90 Thread added: 0x0000020d6a4a8c00


Dynamic libraries:
0x00007ff766470000 - 0x00007ff76647a000 	C:\Program Files\Android\Android Studio1\jbr\bin\java.exe
0x00007ffddaa60000 - 0x00007ffddacc6000 	C:\WINDOWS\SYSTEM32\ntdll.dll
0x00007ffdd9330000 - 0x00007ffdd93f9000 	C:\WINDOWS\System32\KERNEL32.DLL
0x00007ffdd7e50000 - 0x00007ffdd824a000 	C:\WINDOWS\System32\KERNELBASE.dll
0x00007ffdd82e0000 - 0x00007ffdd842c000 	C:\WINDOWS\System32\ucrtbase.dll
0x00007ffdc99a0000 - 0x00007ffdc99bb000 	C:\Program Files\Android\Android Studio1\jbr\bin\VCRUNTIME140.dll
0x00007ffdbded0000 - 0x00007ffdbdee8000 	C:\Program Files\Android\Android Studio1\jbr\bin\jli.dll
0x00007ffdd8990000 - 0x00007ffdd8b57000 	C:\WINDOWS\System32\USER32.dll
0x00007ffdd7e20000 - 0x00007ffdd7e47000 	C:\WINDOWS\System32\win32u.dll
0x00007ffdbf750000 - 0x00007ffdbf9e2000 	C:\WINDOWS\WinSxS\amd64_microsoft.windows.common-controls_6595b64144ccf1df_6.0.26100.8521_none_3e08b75ce33403b3\COMCTL32.dll
0x00007ffdda0c0000 - 0x00007ffdda0eb000 	C:\WINDOWS\System32\GDI32.dll
0x00007ffdda0f0000 - 0x00007ffdda199000 	C:\WINDOWS\System32\msvcrt.dll
0x00007ffdd7cf0000 - 0x00007ffdd7e1b000 	C:\WINDOWS\System32\gdi32full.dll
0x00007ffdd84e0000 - 0x00007ffdd8583000 	C:\WINDOWS\System32\msvcp_win.dll
0x00007ffdd92f0000 - 0x00007ffdd9322000 	C:\WINDOWS\System32\IMM32.DLL
0x00007ffdc9990000 - 0x00007ffdc999c000 	C:\Program Files\Android\Android Studio1\jbr\bin\vcruntime140_1.dll
0x00007ffd66450000 - 0x00007ffd664dd000 	C:\Program Files\Android\Android Studio1\jbr\bin\msvcp140.dll
0x00007ffd02b50000 - 0x00007ffd037de000 	C:\Program Files\Android\Android Studio1\jbr\bin\server\jvm.dll
0x00007ffdda1a0000 - 0x00007ffdda256000 	C:\WINDOWS\System32\ADVAPI32.dll
0x00007ffdd8fd0000 - 0x00007ffdd907a000 	C:\WINDOWS\System32\sechost.dll
0x00007ffdd90f0000 - 0x00007ffdd9208000 	C:\WINDOWS\System32\RPCRT4.dll
0x00007ffdd8880000 - 0x00007ffdd8900000 	C:\WINDOWS\System32\WS2_32.dll
0x00007ffdd7b50000 - 0x00007ffdd7bae000 	C:\WINDOWS\SYSTEM32\POWRPROF.dll
0x00007ffdc5bc0000 - 0x00007ffdc5bcb000 	C:\WINDOWS\SYSTEM32\VERSION.dll
0x00007ffdbaa30000 - 0x00007ffdbaa66000 	C:\WINDOWS\SYSTEM32\WINMM.dll
0x00007ffdd7b30000 - 0x00007ffdd7b44000 	C:\WINDOWS\SYSTEM32\UMPDC.dll
0x00007ffdd6a40000 - 0x00007ffdd6a5b000 	C:\WINDOWS\SYSTEM32\kernel.appcore.dll
0x00007ffdc9980000 - 0x00007ffdc998a000 	C:\Program Files\Android\Android Studio1\jbr\bin\jimage.dll
0x00007ffdd52f0000 - 0x00007ffdd5532000 	C:\WINDOWS\SYSTEM32\DBGHELP.DLL
0x00007ffdd8c40000 - 0x00007ffdd8fc3000 	C:\WINDOWS\System32\combase.dll
0x00007ffdd8b60000 - 0x00007ffdd8c39000 	C:\WINDOWS\System32\OLEAUT32.dll
0x00007ffdb8030000 - 0x00007ffdb806b000 	C:\WINDOWS\SYSTEM32\dbgcore.DLL
0x00007ffdd8430000 - 0x00007ffdd84d8000 	C:\WINDOWS\System32\bcryptPrimitives.dll
0x00007ffdc8be0000 - 0x00007ffdc8bee000 	C:\Program Files\Android\Android Studio1\jbr\bin\instrument.dll
0x00007ffdbf310000 - 0x00007ffdbf330000 	C:\Program Files\Android\Android Studio1\jbr\bin\java.dll
0x00007ffdbd1f0000 - 0x00007ffdbd208000 	C:\Program Files\Android\Android Studio1\jbr\bin\zip.dll
0x00007ffdd9480000 - 0x00007ffdd9c04000 	C:\WINDOWS\System32\SHELL32.dll
0x00007ffdd5890000 - 0x00007ffdd6110000 	C:\WINDOWS\SYSTEM32\windows.storage.dll
0x00007ffdda630000 - 0x00007ffdda726000 	C:\WINDOWS\System32\SHCORE.dll
0x00007ffdd9080000 - 0x00007ffdd90e7000 	C:\WINDOWS\System32\shlwapi.dll
0x00007ffdd7c10000 - 0x00007ffdd7c39000 	C:\WINDOWS\SYSTEM32\profapi.dll
0x00007ffdbf300000 - 0x00007ffdbf310000 	C:\Program Files\Android\Android Studio1\jbr\bin\net.dll
0x00007ffdcba40000 - 0x00007ffdcbb69000 	C:\WINDOWS\SYSTEM32\WINHTTP.dll
0x00007ffdd6f90000 - 0x00007ffdd6ffc000 	C:\WINDOWS\system32\mswsock.dll
0x00007ffdbb7b0000 - 0x00007ffdbb7c6000 	C:\Program Files\Android\Android Studio1\jbr\bin\nio.dll
0x00007ffdbb550000 - 0x00007ffdbb560000 	C:\Program Files\Android\Android Studio1\jbr\bin\verify.dll
0x00007ffdbd180000 - 0x00007ffdbd1a7000 	C:\Users\HP\.gradle\native\1def1411415f61bf3af743bc5b6707747c0891f09f0c88961ee8f79bc544acac\windows-amd64\native-platform.dll
0x00007ffd663d0000 - 0x00007ffd66448000 	C:\Users\HP\.gradle\native\0.2.7\x86_64-windows-gnu\gradle-fileevents.dll
0x00007ffdbd120000 - 0x00007ffdbd129000 	C:\Program Files\Android\Android Studio1\jbr\bin\management.dll
0x00007ffdbb6b0000 - 0x00007ffdbb6bb000 	C:\Program Files\Android\Android Studio1\jbr\bin\management_ext.dll
0x00007ffdda730000 - 0x00007ffdda738000 	C:\WINDOWS\System32\PSAPI.DLL
0x00007ffdd6470000 - 0x00007ffdd64a3000 	C:\WINDOWS\SYSTEM32\IPHLPAPI.DLL
0x00007ffdda0a0000 - 0x00007ffdda0aa000 	C:\WINDOWS\System32\NSI.dll
0x00007ffdbd1e0000 - 0x00007ffdbd1e9000 	C:\Program Files\Android\Android Studio1\jbr\bin\extnet.dll
0x00007ffdd7390000 - 0x00007ffdd73ab000 	C:\WINDOWS\SYSTEM32\CRYPTSP.dll
0x00007ffdd69a0000 - 0x00007ffdd69d9000 	C:\WINDOWS\system32\rsaenh.dll
0x00007ffdd7040000 - 0x00007ffdd7073000 	C:\WINDOWS\SYSTEM32\USERENV.dll
0x00007ffdd7be0000 - 0x00007ffdd7c0a000 	C:\WINDOWS\SYSTEM32\bcrypt.dll
0x00007ffdd71f0000 - 0x00007ffdd71fc000 	C:\WINDOWS\SYSTEM32\CRYPTBASE.dll
0x00007ffdc8840000 - 0x00007ffdc8848000 	C:\WINDOWS\system32\wshunix.dll
0x00007ffdd6510000 - 0x00007ffdd665a000 	C:\WINDOWS\SYSTEM32\DNSAPI.dll
0x00007ffdd6db0000 - 0x00007ffdd6dbd000 	C:\WINDOWS\SYSTEM32\DSPARSE.dll
0x00007ffdcfec0000 - 0x00007ffdcfecb000 	C:\Windows\System32\rasadhlp.dll
0x00007ffdc9f10000 - 0x00007ffdc9f96000 	C:\WINDOWS\System32\fwpuclnt.dll

dbghelp: loaded successfully - version: 4.0.5 - missing functions: none
symbol engine: initialized successfully - sym options: 0x614 - pdb path: .;C:\Program Files\Android\Android Studio1\jbr\bin;C:\WINDOWS\SYSTEM32;C:\WINDOWS\WinSxS\amd64_microsoft.windows.common-controls_6595b64144ccf1df_6.0.26100.8521_none_3e08b75ce33403b3;C:\Program Files\Android\Android Studio1\jbr\bin\server;C:\Users\HP\.gradle\native\1def1411415f61bf3af743bc5b6707747c0891f09f0c88961ee8f79bc544acac\windows-amd64;C:\Users\HP\.gradle\native\0.2.7\x86_64-windows-gnu

VM Arguments:
jvm_args: --add-opens=java.base/java.lang=ALL-UNNAMED --add-opens=java.base/java.lang.invoke=ALL-UNNAMED --add-opens=java.base/java.util=ALL-UNNAMED --add-opens=java.prefs/java.util.prefs=ALL-UNNAMED --add-exports=jdk.compiler/com.sun.tools.javac.api=ALL-UNNAMED --add-exports=jdk.compiler/com.sun.tools.javac.util=ALL-UNNAMED --add-opens=java.base/java.util=ALL-UNNAMED --add-opens=java.prefs/java.util.prefs=ALL-UNNAMED --add-opens=java.base/java.nio.charset=ALL-UNNAMED --add-opens=java.base/java.net=ALL-UNNAMED --add-opens=java.base/java.util.concurrent.atomic=ALL-UNNAMED --add-opens=java.xml/javax.xml.namespace=ALL-UNNAMED -Xmx2048m -Dfile.encoding=UTF-8 -Duser.country=US -Duser.language=en -Duser.variant -javaagent:C:\Users\HP\.gradle\wrapper\dists\gradle-8.13-bin\5xuhj0ry160q40clulazy9h7d\gradle-8.13\lib\agents\gradle-instrumentation-agent-8.13.jar 
java_command: org.gradle.launcher.daemon.bootstrap.GradleDaemon 8.13
java_class_path (initial): C:\Users\HP\.gradle\wrapper\dists\gradle-8.13-bin\5xuhj0ry160q40clulazy9h7d\gradle-8.13\lib\gradle-daemon-main-8.13.jar
Launcher Type: SUN_STANDARD

[Global flags]
     intx CICompilerCount                          = 4                                         {product} {ergonomic}
     uint ConcGCThreads                            = 2                                         {product} {ergonomic}
     uint G1ConcRefinementThreads                  = 8                                         {product} {ergonomic}
   size_t G1HeapRegionSize                         = 1048576                                   {product} {ergonomic}
    uintx GCDrainStackTargetSize                   = 64                                        {product} {ergonomic}
   size_t InitialHeapSize                          = 266338304                                 {product} {ergonomic}
   size_t MarkStackSize                            = 4194304                                   {product} {ergonomic}
   size_t MaxHeapSize                              = 2147483648                                {product} {command line}
   size_t MaxNewSize                               = 1287651328                                {product} {ergonomic}
   size_t MinHeapDeltaBytes                        = 1048576                                   {product} {ergonomic}
   size_t MinHeapSize                              = 8388608                                   {product} {ergonomic}
    uintx NonNMethodCodeHeapSize                   = 5839372                                {pd product} {ergonomic}
    uintx NonProfiledCodeHeapSize                  = 122909434                              {pd product} {ergonomic}
    uintx ProfiledCodeHeapSize                     = 122909434                              {pd product} {ergonomic}
    uintx ReservedCodeCacheSize                    = 251658240                              {pd product} {ergonomic}
     bool SegmentedCodeCache                       = true                                      {product} {ergonomic}
   size_t SoftMaxHeapSize                          = 2147483648                             {manageable} {ergonomic}
     bool UseCompressedOops                        = true                           {product lp64_product} {ergonomic}
     bool UseG1GC                                  = true                                      {product} {ergonomic}
     bool UseLargePagesIndividualAllocation        = false                                  {pd product} {ergonomic}

Logging:
Log output configuration:
 #0: stdout all=warning uptime,level,tags foldmultilines=false
 #1: stderr all=off uptime,level,tags foldmultilines=false

Environment Variables:
JAVA_HOME=C:\Program Files\Android\Android Studio\jbr
PATH=C:\Program Files (x86)\VMware\VMware Workstation\bin\;C:\WINDOWS\system32;C:\WINDOWS;C:\WINDOWS\System32\Wbem;C:\WINDOWS\System32\WindowsPowerShell\v1.0\;C:\WINDOWS\System32\OpenSSH\;C:\Program Files\Git\cmd;C:\Program Files\nodejs\;C:\Users\HP\AppData\Local\Android\Sdk\platform-tools;C:\Program Files\Android\Android Studio\jbr\bin;C:\Program Files\Android\Android Studio\jbr\bin;;C:\Program Files\Docker\Docker\resources\bin;C:\Users\HP\AppData\Local\Programs\Python\Launcher\;C:\Users\HP\miniconda3;C:\Users\HP\miniconda3\Library\mingw-w64\bin;C:\Users\HP\miniconda3\Library\usr\bin;C:\Users\HP\miniconda3\Library\bin;C:\Users\HP\miniconda3\Scripts;C:\Users\HP\AppData\Local\Microsoft\WindowsApps;C:\Users\HP\AppData\Local\Programs\Microsoft VS Code\bin;C:\Users\HP\AppData\Roaming\npm;C:\Users\HP\AppData\Local\Programs\Antigravity\bin;C:\Program Files\Android\Android Studio\jbr\bin;C:\Users\HP\AppData\Local\Programs\DDEV;C:\Users\HP\AppData\Local\Programs\Antigravity IDE\bin
USERNAME=HP
OS=Windows_NT
PROCESSOR_IDENTIFIER=Intel64 Family 6 Model 142 Stepping 12, GenuineIntel
TMP=C:\Users\HP\AppData\Local\Temp
TEMP=C:\Users\HP\AppData\Local\Temp




Periodic native trim disabled

JNI global refs:
JNI global refs: 31, weak refs: 27

JNI global refs memory usage: 835, weak refs: 833

Process memory usage:
Resident Set Size: 639252K (3% of 16578848K total physical memory with 2193232K free physical memory)

OOME stack traces (most recent first):
Classloader memory used:
Loader org.gradle.internal.classloader.VisitableURLClassLoader                         : 103M
Loader bootstrap                                                                       : 31866K
Loader org.gradle.initialization.MixInLegacyTypesClassLoader                           : 11281K
Loader jdk.internal.loader.ClassLoaders$AppClassLoader                                 : 7754K
Loader jdk.internal.loader.ClassLoaders$PlatformClassLoader                            : 979K
Loader org.gradle.internal.classloader.VisitableURLClassLoader                         : 953K
Loader org.gradle.internal.classloader.VisitableURLClassLoader$InstrumentingVisitableURLClassLoader: 737K
Loader jdk.internal.jrtfs.JrtFileSystemProvider$JrtFsLoader                            : 331K
Loader jdk.internal.reflect.DelegatingClassLoader                                      : 281K
Loader org.gradle.groovy.scripts.internal.DefaultScriptCompilationHandler$ScriptClassLoader: 89336B
Loader org.codehaus.groovy.runtime.callsite.CallSiteClassLoader                        : 48872B

Classes loaded by more than one classloader:
Class org.gradle.api.GradleException                                                  : loaded 3 times (x 80B)
Class Program                                                                         : loaded 3 times (x 70B)
Class jdk.internal.jimage.BasicImageReader                                            : loaded 2 times (x 93B)
Class org.gradle.internal.classloader.ClassLoaderHierarchy                            : loaded 2 times (x 68B)
Class org.gradle.api.internal.classpath.ManifestUtil                                  : loaded 2 times (x 69B)
Class org.jetbrains.plugins.gradle.model.GradleExtensions                             : loaded 2 times (x 68B)
Class org.jetbrains.plugins.gradle.model.AnnotationProcessingModel                    : loaded 2 times (x 68B)
Class jdk.internal.jimage.decompressor.StringSharingDecompressorFactory               : loaded 2 times (x 72B)
Class org.gradle.internal.operations.MultipleBuildOperationFailures                   : loaded 2 times (x 93B)
Class org.gradle.internal.classloader.DefaultClassLoaderFactory                       : loaded 2 times (x 80B)
Class kotlin.collections.AbstractList$Companion                                       : loaded 2 times (x 69B)
Class org.gradle.internal.classloader.ClassLoaderVisitor                              : loaded 2 times (x 74B)
Class org.gradle.api.internal.classpath.EffectiveClassPath                            : loaded 2 times (x 88B)
Class org.gradle.tooling.internal.gradle.DefaultProjectIdentifier                     : loaded 2 times (x 84B)
Class org.gradle.api.internal.DefaultClassPathProvider                                : loaded 2 times (x 74B)
Class [Lorg.gradle.api.internal.ClassPathProvider;                                    : loaded 2 times (x 67B)
Class org.gradle.api.internal.ClassPathProvider                                       : loaded 2 times (x 68B)
Class jdk.internal.jrtfs.SystemImage                                                  : loaded 2 times (x 72B)
Class org.gradle.internal.service.UnknownServiceException                             : loaded 2 times (x 81B)
Class org.jetbrains.kotlin.idea.gradleTooling.KotlinDslScriptAdditionalTask           : loaded 2 times (x 68B)
Class jdk.internal.jimage.ImageReader$LinkNode                                        : loaded 2 times (x 82B)
Class org.gradle.internal.classpath.TransformedClassPath                              : loaded 2 times (x 94B)
Class org.gradle.internal.classloader.InstrumentingClassLoader                        : loaded 2 times (x 68B)
Class jdk.internal.jrtfs.SystemImage$1                                                : loaded 2 times (x 76B)
Class kotlin.enums.EnumEntriesList                                                    : loaded 2 times (x 221B)
Class jdk.internal.jrtfs.SystemImage$2                                                : loaded 2 times (x 74B)
Class org.gradle.internal.classloader.FilteringClassLoader                            : loaded 2 times (x 103B)
Class org.jetbrains.plugins.gradle.model.IntelliJSettings                             : loaded 2 times (x 68B)
Class org.gradle.internal.service.ServiceLocator                                      : loaded 2 times (x 68B)
Class jdk.internal.jrtfs.JrtFileSystemProvider                                        : loaded 2 times (x 99B)
Class org.gradle.tooling.model.UnsupportedMethodException                             : loaded 2 times (x 80B)
Class com.intellij.compose.ide.plugin.gradleTooling.rt.ComposeResourcesModel          : loaded 2 times (x 68B)
Class jdk.internal.jimage.ImageLocation                                               : loaded 2 times (x 88B)
Class jdk.internal.jrtfs.JrtDirectoryStream$1                                         : loaded 2 times (x 81B)
Class org.gradle.internal.InternalTransformer                                         : loaded 2 times (x 68B)
Class jdk.internal.jimage.ImageBufferCache$1                                          : loaded 2 times (x 81B)
Class org.gradle.internal.time.DefaultTimer                                           : loaded 2 times (x 78B)
Class org.gradle.internal.classloader.ClasspathUtil$1                                 : loaded 2 times (x 74B)
Class jdk.internal.jimage.ImageBufferCache$2                                          : loaded 2 times (x 89B)
Class org.gradle.api.internal.classpath.DefaultModuleRegistry$DefaultModule           : loaded 2 times (x 84B)
Class org.gradle.internal.time.DefaultCountdownTimer                                  : loaded 2 times (x 86B)
Class org.gradle.tooling.internal.gradle.DefaultBuildIdentifier                       : loaded 2 times (x 77B)
Class kotlin.Function                                                                 : loaded 2 times (x 68B)
Class org.gradle.api.internal.classpath.Module                                        : loaded 2 times (x 68B)
Class org.gradle.api.internal.classpath.UnknownModuleException                        : loaded 2 times (x 80B)
Class jdk.internal.jimage.ImageHeader                                                 : loaded 2 times (x 69B)
Class com.intellij.openapi.externalSystem.model.project.dependencies.ProjectDependencies: loaded 2 times (x 68B)
Class org.gradle.tooling.internal.gradle.GradleProjectIdentity                        : loaded 2 times (x 68B)
Class org.gradle.api.internal.DefaultClassPathRegistry                                : loaded 2 times (x 74B)
Class org.gradle.api.internal.ClassPathRegistry                                       : loaded 2 times (x 68B)
Class org.gradle.internal.classpath.DefaultClassPath$ImmutableUniqueList              : loaded 2 times (x 197B)
Class jdk.internal.jimage.decompressor.ResourceDecompressor                           : loaded 2 times (x 68B)
Class org.jetbrains.kotlin.idea.gradleTooling.KotlinSourceSetContainer                : loaded 2 times (x 68B)
Class Settings_gradle$1                                                               : loaded 2 times (x 72B)
Class org.gradle.internal.classpath.ClassPath                                         : loaded 2 times (x 68B)
Class org.gradle.api.UncheckedIOException                                             : loaded 2 times (x 80B)
Class org.jetbrains.kotlin.idea.gradleTooling.KotlinGradleModel                       : loaded 2 times (x 68B)
Class jdk.internal.jimage.ImageStringsReader                                          : loaded 2 times (x 78B)
Class org.gradle.tooling.model.Model                                                  : loaded 2 times (x 68B)
Class kotlin.UninitializedPropertyAccessException                                     : loaded 2 times (x 80B)
Class jdk.internal.jimage.ImageReader                                                 : loaded 2 times (x 73B)
Class org.jetbrains.plugins.gradle.model.IntelliJProjectSettings                      : loaded 2 times (x 68B)
Class jdk.internal.jimage.ImageReader$SharedImageReader                               : loaded 2 times (x 93B)
Class ijInit1_583rg5s0srppob1w8gtbg54mn                                               : loaded 2 times (x 177B)
Class org.gradle.internal.installation.GradleInstallation$1                           : loaded 2 times (x 73B)
Class org.gradle.api.internal.classpath.ModuleRegistry                                : loaded 2 times (x 68B)
Class jdk.internal.jimage.decompressor.ResourceDecompressorFactory                    : loaded 2 times (x 72B)
Class org.jetbrains.plugins.gradle.model.VersionCatalogsModel                         : loaded 2 times (x 68B)
Class jdk.internal.jimage.ImageReader$Node                                            : loaded 2 times (x 82B)
Class org.gradle.api.internal.classpath.DefaultModuleRegistry                         : loaded 2 times (x 84B)
Class jdk.internal.jimage.BasicImageReader$1                                          : loaded 2 times (x 75B)
Class jdk.internal.jimage.decompressor.Decompressor                                   : loaded 2 times (x 70B)
Class jdk.internal.jimage.ImageReader$Resource                                        : loaded 2 times (x 82B)
Class org.gradle.internal.time.MonotonicClock                                         : loaded 2 times (x 75B)
Class org.gradle.internal.service.ServiceLookupException                              : loaded 2 times (x 80B)
Class jdk.internal.jrtfs.JrtFileAttributes                                            : loaded 2 times (x 81B)
Class org.gradle.internal.classloader.ClassLoaderFactory                              : loaded 2 times (x 68B)
Class org.gradle.internal.service.CachingServiceLocator                               : loaded 2 times (x 80B)
Class org.jetbrains.plugins.gradle.model.RepositoryModels                             : loaded 2 times (x 68B)
Class org.gradle.internal.time.TimeSource                                             : loaded 2 times (x 68B)
Class org.gradle.tooling.internal.gradle.GradleBuildIdentity                          : loaded 2 times (x 68B)
Class kotlin.enums.EnumEntries                                                        : loaded 2 times (x 68B)
Class org.gradle.internal.exceptions.ResolutionProvider                               : loaded 2 times (x 68B)
Class jdk.internal.jimage.ImageBufferCache                                            : loaded 2 times (x 69B)
Class jdk.internal.jrtfs.JrtPath                                                      : loaded 2 times (x 116B)
Class org.gradle.tooling.model.ProjectIdentifier                                      : loaded 2 times (x 68B)
Class org.gradle.internal.classloader.ClasspathUtil                                   : loaded 2 times (x 69B)
Class org.gradle.internal.time.TimeSource$1                                           : loaded 2 times (x 75B)
Class kotlin.jvm.internal.DefaultConstructorMarker                                    : loaded 2 times (x 69B)
Class org.gradle.api.specs.Spec                                                       : loaded 2 times (x 68B)
Class jdk.internal.jimage.ImageReader$SharedImageReader$LocationVisitor               : loaded 2 times (x 68B)
Class jdk.internal.jimage.decompressor.ResourceDecompressorRepository                 : loaded 2 times (x 69B)
Class org.gradle.internal.time.Clock                                                  : loaded 2 times (x 68B)
Class jdk.internal.jimage.ImageReader$Directory                                       : loaded 2 times (x 82B)
Class kotlin.collections.AbstractList                                                 : loaded 2 times (x 195B)
Class kotlin.collections.AbstractCollection                                           : loaded 2 times (x 115B)
Class org.gradle.internal.classloader.VisitableURLClassLoader$InstrumentingVisitableURLClassLoader: loaded 2 times (x 121B)
Class org.gradle.internal.classloader.VisitableURLClassLoader$Spec                    : loaded 2 times (x 72B)
Class org.gradle.internal.classpath.DefaultClassPath                                  : loaded 2 times (x 88B)
Class jdk.internal.jimage.decompressor.ZipDecompressorFactory                         : loaded 2 times (x 72B)
Class org.gradle.internal.classloader.ClassLoaderSpec                                 : loaded 2 times (x 69B)
Class Settings_gradle$1$1                                                             : loaded 2 times (x 72B)
Class kotlin.Unit                                                                     : loaded 2 times (x 69B)
Class org.gradle.internal.classloader.VisitableURLClassLoader                         : loaded 2 times (x 115B)
Class Settings_gradle                                                                 : loaded 2 times (x 126B)
Class org.gradle.internal.Cast                                                        : loaded 2 times (x 69B)
Class org.gradle.api.Action                                                           : loaded 2 times (x 68B)
Class jdk.internal.jimage.decompressor.ZipDecompressor                                : loaded 2 times (x 73B)
Class kotlin.jvm.functions.Function1                                                  : loaded 2 times (x 68B)
Class org.gradle.internal.classpath.DefaultClassPath$ImmutableUniqueList$Builder      : loaded 2 times (x 73B)
Class kotlin.NotImplementedError                                                      : loaded 2 times (x 80B)
Class org.gradle.internal.exceptions.NonGradleCauseExceptionsHolder                   : loaded 2 times (x 68B)
Class jdk.internal.jimage.ImageStrings                                                : loaded 2 times (x 68B)
Class org.jetbrains.plugins.gradle.tooling.ModelBuilderService$Parameter              : loaded 2 times (x 68B)
Class kotlin.enums.EnumEntriesKt                                                      : loaded 2 times (x 69B)
Class org.gradle.internal.IoActions                                                   : loaded 2 times (x 69B)
Class org.gradle.internal.classloader.SystemClassLoaderSpec                           : loaded 2 times (x 69B)
Class org.gradle.internal.exceptions.MultiCauseException                              : loaded 2 times (x 68B)
Class org.gradle.internal.time.CountdownTimer                                         : loaded 2 times (x 68B)
Class kotlin.jvm.internal.Intrinsics                                                  : loaded 2 times (x 69B)
Class jdk.internal.jrtfs.JrtFileSystem                                                : loaded 2 times (x 100B)
Class org.gradle.tooling.model.ProjectModel                                           : loaded 2 times (x 68B)
Class jdk.internal.jimage.decompressor.CompressedResourceHeader                       : loaded 2 times (x 69B)
Class kotlin.KotlinNullPointerException                                               : loaded 2 times (x 81B)
Class org.jetbrains.plugins.gradle.model.tests.ExternalTestsModel                     : loaded 2 times (x 68B)
Class org.gradle.internal.exceptions.DefaultMultiCauseException                       : loaded 2 times (x 93B)
Class org.gradle.internal.time.Time                                                   : loaded 2 times (x 69B)
Class sync_studio_tooling_254udzgg0cg3bzbbkg7lnkc3x                                   : loaded 2 times (x 177B)
Class org.jetbrains.plugins.gradle.model.DependencyAccessorsModel                     : loaded 2 times (x 68B)
Class org.gradle.api.internal.classpath.GlobalCacheRootsProvider                      : loaded 2 times (x 68B)
Class org.jetbrains.kotlin.idea.gradleTooling.KotlinMPPGradleModel                    : loaded 2 times (x 68B)
Class org.gradle.tooling.model.BuildIdentifier                                        : loaded 2 times (x 68B)
Class org.jetbrains.kotlin.idea.gradleTooling.PrepareKotlinIdeImportTaskModel         : loaded 2 times (x 68B)
Class org.gradle.internal.time.Timer                                                  : loaded 2 times (x 68B)
Class kotlin.jvm.internal.markers.KMappedMarker                                       : loaded 2 times (x 68B)
Class org.gradle.internal.installation.CurrentGradleInstallationLocator               : loaded 2 times (x 69B)
Class org.gradle.internal.service.DefaultServiceLocator                               : loaded 2 times (x 81B)
Class jdk.internal.jrtfs.JrtDirectoryStream                                           : loaded 2 times (x 87B)
Class org.gradle.util.GradleVersion                                                   : loaded 2 times (x 77B)
Class org.gradle.internal.installation.CurrentGradleInstallation                      : loaded 2 times (x 71B)
Class org.jetbrains.plugins.gradle.javaModel.JavaGradleManifestModel                  : loaded 2 times (x 68B)
Class org.gradle.util.internal.GUtil                                                  : loaded 2 times (x 69B)
Class org.gradle.internal.installation.GradleInstallation                             : loaded 2 times (x 73B)
Class jdk.internal.jimage.decompressor.ResourceDecompressor$StringsProvider           : loaded 2 times (x 68B)

---------------  S Y S T E M  ---------------

OS:
 Windows 11 , 64 bit Build 26100 (10.0.26100.8521)
OS uptime: 0 days 16:18 hours
Hyper-V role detected

CPU: total 8 (initial active 8) (4 cores per cpu, 2 threads per core) family 6 model 142 stepping 12 microcode 0x100, cx8, cmov, fxsr, ht, mmx, 3dnowpref, sse, sse2, sse3, ssse3, sse4.1, sse4.2, popcnt, lzcnt, tsc, tscinvbit, avx, avx2, aes, erms, clmul, bmi1, bmi2, adx, fma, vzeroupper, clflush, clflushopt, hv, rdtscp, f16c
Processor Information for the first 8 processors :
  Max Mhz: 1896, Current Mhz: 1596, Mhz Limit: 1592

Memory: 4k page, system-wide physical 16190M (2143M free)
TotalPageFile size 18238M (AvailPageFile size 10M)
current process WorkingSet (physical memory assigned to process): 628M, peak: 642M
current process commit charge ("private bytes"): 672M, peak: 690M

vm_info: OpenJDK 64-Bit Server VM (21.0.7+-13880790-b1038.58) for windows-amd64 JRE (21.0.7+-13880790-b1038.58), built on 2025-08-04T20:56:21Z by "builder" with MS VC++ 16.10 / 16.11 (VS2019)

END.
