#
# There is insufficient memory for the Java Runtime Environment to continue.
# Native memory allocation (malloc) failed to allocate 1794576 bytes. Error detail: Chunk::new
# Possible reasons:
#   The system is out of physical RAM or swap space
#   This process is running with CompressedOops enabled, and the Java Heap may be blocking the growth of the native heap
# Possible solutions:
#   Reduce memory load on the system
#   Increase physical memory or swap space
#   Check if swap backing store is full
#   Decrease Java heap size (-Xmx/-Xms)
#   Decrease number of Java threads
#   Decrease Java thread stack sizes (-Xss)
#   Set larger code cache with -XX:ReservedCodeCacheSize=
#   JVM is running with Unscaled Compressed Oops mode in which the Java heap is
#     placed in the first 4GB address space. The Java Heap base address is the
#     maximum limit for the native heap growth. Please use -XX:HeapBaseMinAddress
#     to set the Java Heap base and to place the Java Heap above 4GB virtual address.
# This output file may be truncated or incomplete.
#
#  Out of Memory Error (arena.cpp:168), pid=16856, tid=15884
#
# JRE version: OpenJDK Runtime Environment (21.0.10) (build 21.0.10+-14961533-b1163.108)
# Java VM: OpenJDK 64-Bit Server VM (21.0.10+-14961533-b1163.108, mixed mode, tiered, compressed oops, compressed class ptrs, g1 gc, windows-amd64)
# No core dump will be written. Minidumps are not enabled by default on client versions of Windows
#

---------------  S U M M A R Y ------------

Command Line: --add-opens=java.base/java.lang=ALL-UNNAMED --add-opens=java.base/java.lang.invoke=ALL-UNNAMED --add-opens=java.base/java.util=ALL-UNNAMED --add-opens=java.prefs/java.util.prefs=ALL-UNNAMED --add-exports=jdk.compiler/com.sun.tools.javac.api=ALL-UNNAMED --add-exports=jdk.compiler/com.sun.tools.javac.util=ALL-UNNAMED --add-opens=java.base/java.util=ALL-UNNAMED --add-opens=java.prefs/java.util.prefs=ALL-UNNAMED --add-opens=java.base/java.nio.charset=ALL-UNNAMED --add-opens=java.base/java.net=ALL-UNNAMED --add-opens=java.base/java.util.concurrent.atomic=ALL-UNNAMED --add-opens=java.xml/javax.xml.namespace=ALL-UNNAMED -Xmx2048m -Dfile.encoding=UTF-8 -Duser.country=US -Duser.language=en -Duser.variant -javaagent:C:\Users\HP\.gradle\wrapper\dists\gradle-8.13-bin\5xuhj0ry160q40clulazy9h7d\gradle-8.13\lib\agents\gradle-instrumentation-agent-8.13.jar org.gradle.launcher.daemon.bootstrap.GradleDaemon 8.13

Host: Intel(R) Core(TM) i5-8365U CPU @ 1.60GHz, 8 cores, 15G,  Windows 11 , 64 bit Build 26100 (10.0.26100.8875)
Time: Fri Jul 17 12:23:56 2026 E. Africa Standard Time elapsed time: 756.798796 seconds (0d 0h 12m 36s)

---------------  T H R E A D  ---------------

Current thread (0x000001a62abde280):  JavaThread "C2 CompilerThread2" daemon [_thread_in_native, id=15884, stack(0x000000213b500000,0x000000213b600000) (1024K)]


Current CompileTask:
C2:756798 37113 % !   4       com.android.tools.r8.dex.a::b @ 599 (3650 bytes)

Stack: [0x000000213b500000,0x000000213b600000]
Native frames: (J=compiled Java code, j=interpreted, Vv=VM code, C=native code)
V  [jvm.dll+0x6d78a9]
V  [jvm.dll+0x8665b3]
V  [jvm.dll+0x868bde]
V  [jvm.dll+0x8692c3]
V  [jvm.dll+0x280ee6]
V  [jvm.dll+0xc07cd]
V  [jvm.dll+0xc0d03]
V  [jvm.dll+0x3ba091]
V  [jvm.dll+0x385df7]
V  [jvm.dll+0x38526a]
V  [jvm.dll+0x249bd2]
V  [jvm.dll+0x2491a1]
V  [jvm.dll+0x1c76e4]
V  [jvm.dll+0x25891e]
V  [jvm.dll+0x256e66]
V  [jvm.dll+0x3f513e]
V  [jvm.dll+0x80fd28]
V  [jvm.dll+0x6d60fd]
C  [ucrtbase.dll+0x2cd30]
C  [KERNEL32.DLL+0x2e957]
C  [ntdll.dll+0xaad6c]


---------------  P R O C E S S  ---------------

Threads class SMR info:
_java_thread_list=0x000001a6236ab1c0, length=154, elements={
0x000001a67ee1bf80, 0x000001a6166b7850, 0x000001a6166c4f60, 0x000001a6166c59c0,
0x000001a6166d99c0, 0x000001a6166da030, 0x000001a6166daa90, 0x000001a6166f2270,
0x000001a6166f3000, 0x000001a6166fdac0, 0x000001a61b028aa0, 0x000001a61b027d80,
0x000001a61b0297c0, 0x000001a61b0276f0, 0x000001a61d202fc0, 0x000001a61d204a00,
0x000001a61d203ce0, 0x000001a61e157250, 0x000001a61e1578e0, 0x000001a61e157f70,
0x000001a61e155ea0, 0x000001a61e156530, 0x000001a61e158600, 0x000001a61e156bc0,
0x000001a61e158c90, 0x000001a61e155810, 0x000001a61e15c7a0, 0x000001a61e15c110,
0x000001a6214af410, 0x000001a61b028410, 0x000001a61b029130, 0x000001a61b027060,
0x000001a62053cce0, 0x000001a62053e090, 0x000001a62053bfc0, 0x000001a62053d370,
0x000001a62053b930, 0x000001a620540160, 0x000001a62053e720, 0x000001a620540e80,
0x000001a6205407f0, 0x000001a62053da00, 0x000001a62053f440, 0x000001a620541ba0,
0x000001a620541510, 0x000001a620542230, 0x000001a62053edb0, 0x000001a620542f50,
0x000001a6205456b0, 0x000001a620544300, 0x000001a6205428c0, 0x000001a620545d40,
0x000001a620543c70, 0x000001a620546a60, 0x000001a6205463d0, 0x000001a6203104c0,
0x000001a620311f00, 0x000001a62030f110, 0x000001a620315a10, 0x000001a620312c20,
0x000001a6203132b0, 0x000001a62964ab40, 0x000001a629649e20, 0x000001a62964b1d0,
0x000001a62964b860, 0x000001a62964bef0, 0x000001a629648a70, 0x000001a62964d930,
0x000001a62964dfc0, 0x000001a6214d61c0, 0x000001a6214d3a60, 0x000001a6214d6ee0,
0x000001a6214d7570, 0x000001a6214d40f0, 0x000001a6214da360, 0x000001a6214d8290,
0x000001a623cd3110, 0x000001a623cd37a0, 0x000001a623cd3e30, 0x000001a623cd51e0,
0x000001a623cd5870, 0x000001a623cd2a80, 0x000001a623cd5f00, 0x000001a623cd7940,
0x000001a623cd6590, 0x000001a623cd72b0, 0x000001a623cd6c20, 0x000001a623cd4b50,
0x000001a623cda730, 0x000001a623cd8cf0, 0x000001a623cd8660, 0x000001a623cd9380,
0x000001a623cdb450, 0x000001a623cd9a10, 0x000001a623cdce90, 0x000001a623cda0a0,
0x000001a623cdbae0, 0x000001a623cdadc0, 0x000001a623ce0310, 0x000001a623cdfc80,
0x000001a61dc17db0, 0x000001a6228d8080, 0x000001a6228d8710, 0x000001a6228dae70,
0x000001a6228d9ac0, 0x000001a6228dc220, 0x000001a6228e1770, 0x000001a61f948d40,
0x000001a62054a570, 0x000001a62030fe30, 0x000001a62030ea80, 0x000001a620312590,
0x000001a62030f7a0, 0x000001a620313fd0, 0x000001a6228d8da0, 0x000001a6228dbb90,
0x000001a6228dc8b0, 0x000001a6228dd5d0, 0x000001a6228dfd30, 0x000001a6228ddc60,
0x000001a6228df010, 0x000001a6228de2f0, 0x000001a6228de980, 0x000001a6228dcf40,
0x000001a62abde280, 0x000001a6228e10e0, 0x000001a6228e03c0, 0x000001a6228e0a50,
0x000001a6228e1e00, 0x000001a6228e2490, 0x000001a6228df6a0, 0x000001a6228e31b0,
0x000001a6228e3ed0, 0x000001a6228e5280, 0x000001a6228e4bf0, 0x000001a6228e5910,
0x000001a6228e5fa0, 0x000001a6228e6630, 0x000001a6228e4560, 0x000001a6228e3840,
0x000001a61f9493d0, 0x000001a620848370, 0x000001a620846930, 0x000001a620847ce0,
0x000001a620847650, 0x000001a620844ef0, 0x000001a6208462a0, 0x000001a620845580,
0x000001a620849090, 0x000001a620845c10, 0x000001a620849720, 0x000001a62084c510,
0x000001a62084cba0, 0x000001a62084a440
}

Java Threads: ( => current thread )
  0x000001a67ee1bf80 JavaThread "main"                              [_thread_blocked, id=21164, stack(0x0000002138b00000,0x0000002138c00000) (1024K)]
  0x000001a6166b7850 JavaThread "Common-Cleaner"             daemon [_thread_blocked, id=14568, stack(0x0000002139300000,0x0000002139400000) (1024K)]
  0x000001a6166c4f60 JavaThread "Reference Handler"          daemon [_thread_blocked, id=20996, stack(0x0000002139400000,0x0000002139500000) (1024K)]
  0x000001a6166c59c0 JavaThread "Finalizer"                  daemon [_thread_blocked, id=23108, stack(0x0000002139500000,0x0000002139600000) (1024K)]
  0x000001a6166d99c0 JavaThread "Signal Dispatcher"          daemon [_thread_blocked, id=10496, stack(0x0000002139600000,0x0000002139700000) (1024K)]
  0x000001a6166da030 JavaThread "Attach Listener"            daemon [_thread_blocked, id=23088, stack(0x0000002139700000,0x0000002139800000) (1024K)]
  0x000001a6166daa90 JavaThread "Service Thread"             daemon [_thread_blocked, id=24840, stack(0x0000002139800000,0x0000002139900000) (1024K)]
  0x000001a6166f2270 JavaThread "Monitor Deflation Thread"   daemon [_thread_blocked, id=4784, stack(0x0000002139900000,0x0000002139a00000) (1024K)]
  0x000001a6166f3000 JavaThread "C2 CompilerThread0"         daemon [_thread_in_native, id=1968, stack(0x0000002139a00000,0x0000002139b00000) (1024K)]
  0x000001a6166fdac0 JavaThread "C1 CompilerThread0"         daemon [_thread_in_native, id=11224, stack(0x0000002139b00000,0x0000002139c00000) (1024K)]
  0x000001a61b028aa0 JavaThread "Notification Thread"        daemon [_thread_blocked, id=24680, stack(0x0000002139c00000,0x0000002139d00000) (1024K)]
  0x000001a61b027d80 JavaThread "Daemon health stats"               [_thread_blocked, id=14944, stack(0x000000213a400000,0x000000213a500000) (1024K)]
  0x000001a61b0297c0 JavaThread "Incoming local TCP Connector on port 58248"        [_thread_in_native, id=25768, stack(0x000000213a500000,0x000000213a600000) (1024K)]
  0x000001a61b0276f0 JavaThread "Daemon periodic checks"            [_thread_blocked, id=19968, stack(0x000000213a600000,0x000000213a700000) (1024K)]
  0x000001a61d202fc0 JavaThread "Cache worker for journal cache (C:\Users\HP\.gradle\caches\journal-1)"        [_thread_blocked, id=18208, stack(0x0000002139d00000,0x0000002139e00000) (1024K)]
  0x000001a61d204a00 JavaThread "File lock request listener"        [_thread_in_native, id=17712, stack(0x0000002139e00000,0x0000002139f00000) (1024K)]
  0x000001a61d203ce0 JavaThread "Cache worker for file hash cache (C:\Users\HP\.gradle\caches\8.13\fileHashes)"        [_thread_blocked, id=15848, stack(0x000000213b200000,0x000000213b300000) (1024K)]
  0x000001a61e157250 JavaThread "File watcher server"        daemon [_thread_in_native, id=12884, stack(0x000000213b600000,0x000000213b700000) (1024K)]
  0x000001a61e1578e0 JavaThread "File watcher consumer"      daemon [_thread_blocked, id=22008, stack(0x000000213b700000,0x000000213b800000) (1024K)]
  0x000001a61e157f70 JavaThread "jar transforms"                    [_thread_blocked, id=18268, stack(0x000000213b100000,0x000000213b200000) (1024K)]
  0x000001a61e155ea0 JavaThread "jar transforms Thread 2"           [_thread_blocked, id=13256, stack(0x000000213b300000,0x000000213b400000) (1024K)]
  0x000001a61e156530 JavaThread "jar transforms Thread 3"           [_thread_blocked, id=26344, stack(0x000000213b800000,0x000000213b900000) (1024K)]
  0x000001a61e158600 JavaThread "jar transforms Thread 4"           [_thread_blocked, id=20832, stack(0x000000213b900000,0x000000213ba00000) (1024K)]
  0x000001a61e156bc0 JavaThread "jar transforms Thread 5"           [_thread_blocked, id=16968, stack(0x000000213ba00000,0x000000213bb00000) (1024K)]
  0x000001a61e158c90 JavaThread "jar transforms Thread 6"           [_thread_blocked, id=12092, stack(0x000000213bb00000,0x000000213bc00000) (1024K)]
  0x000001a61e155810 JavaThread "jar transforms Thread 7"           [_thread_blocked, id=10960, stack(0x000000213bc00000,0x000000213bd00000) (1024K)]
  0x000001a61e15c7a0 JavaThread "jar transforms Thread 8"           [_thread_blocked, id=7008, stack(0x000000213bd00000,0x000000213be00000) (1024K)]
  0x000001a61e15c110 JavaThread "Cache worker for file content cache (C:\Users\HP\.gradle\caches\8.13\fileContent)"        [_thread_blocked, id=18672, stack(0x000000213c100000,0x000000213c200000) (1024K)]
  0x000001a6214af410 JavaThread "Memory manager"                    [_thread_blocked, id=22728, stack(0x000000213bf00000,0x000000213c000000) (1024K)]
  0x000001a61b028410 JavaThread "Daemon Thread 3"                   [_thread_blocked, id=18684, stack(0x0000002138800000,0x0000002138900000) (1024K)]
  0x000001a61b029130 JavaThread "Handler for socket connection from /127.0.0.1:58248 to /127.0.0.1:53943"        [_thread_in_native, id=8420, stack(0x0000002138900000,0x0000002138a00000) (1024K)]
  0x000001a61b027060 JavaThread "Cancel handler"                    [_thread_blocked, id=23232, stack(0x0000002138a00000,0x0000002138b00000) (1024K)]
  0x000001a62053cce0 JavaThread "Daemon worker Thread 3"            [_thread_blocked, id=1888, stack(0x000000213a700000,0x000000213a800000) (1024K)]
  0x000001a62053e090 JavaThread "Asynchronous log dispatcher for DefaultDaemonConnection: socket connection from /127.0.0.1:58248 to /127.0.0.1:53943"        [_thread_blocked, id=20916, stack(0x000000213a800000,0x000000213a900000) (1024K)]
  0x000001a62053bfc0 JavaThread "Stdin handler"                     [_thread_blocked, id=7372, stack(0x000000213a900000,0x000000213aa00000) (1024K)]
  0x000001a62053d370 JavaThread "Daemon client event forwarder"        [_thread_blocked, id=5660, stack(0x000000213ad00000,0x000000213ae00000) (1024K)]
  0x000001a62053b930 JavaThread "Cache worker for file hash cache (C:\Users\HP\AndroidStudioProjects\linearlayout2\.gradle\8.13\fileHashes)"        [_thread_blocked, id=24256, stack(0x000000213ae00000,0x000000213af00000) (1024K)]
  0x000001a620540160 JavaThread "Cache worker for Build Output Cleanup Cache (C:\Users\HP\AndroidStudioProjects\linearlayout2\.gradle\buildOutputCleanup)"        [_thread_blocked, id=7360, stack(0x000000213af00000,0x000000213b000000) (1024K)]
  0x000001a62053e720 JavaThread "Cache worker for checksums cache (C:\Users\HP\AndroidStudioProjects\linearlayout2\.gradle\8.13\checksums)"        [_thread_blocked, id=13824, stack(0x000000213b400000,0x000000213b500000) (1024K)]
  0x000001a620540e80 JavaThread "Cache worker for cache directory md-supplier (C:\Users\HP\.gradle\caches\8.13\md-supplier)"        [_thread_blocked, id=12064, stack(0x000000213be00000,0x000000213bf00000) (1024K)]
  0x000001a6205407f0 JavaThread "Cache worker for cache directory md-rule (C:\Users\HP\.gradle\caches\8.13\md-rule)"        [_thread_blocked, id=26384, stack(0x000000213c000000,0x000000213c100000) (1024K)]
  0x000001a62053da00 JavaThread "Unconstrained build operations"        [_thread_blocked, id=18380, stack(0x000000213c200000,0x000000213c300000) (1024K)]
  0x000001a62053f440 JavaThread "Unconstrained build operations Thread 2"        [_thread_blocked, id=16884, stack(0x000000213c300000,0x000000213c400000) (1024K)]
  0x000001a620541ba0 JavaThread "Unconstrained build operations Thread 3"        [_thread_blocked, id=3244, stack(0x000000213c400000,0x000000213c500000) (1024K)]
  0x000001a620541510 JavaThread "Unconstrained build operations Thread 4"        [_thread_blocked, id=8640, stack(0x000000213c500000,0x000000213c600000) (1024K)]
  0x000001a620542230 JavaThread "Unconstrained build operations Thread 5"        [_thread_blocked, id=8084, stack(0x000000213c600000,0x000000213c700000) (1024K)]
  0x000001a62053edb0 JavaThread "Unconstrained build operations Thread 6"        [_thread_blocked, id=17072, stack(0x000000213c700000,0x000000213c800000) (1024K)]
  0x000001a620542f50 JavaThread "Unconstrained build operations Thread 7"        [_thread_blocked, id=3000, stack(0x000000213c800000,0x000000213c900000) (1024K)]
  0x000001a6205456b0 JavaThread "Unconstrained build operations Thread 8"        [_thread_in_native, id=12844, stack(0x000000213c900000,0x000000213ca00000) (1024K)]
  0x000001a620544300 JavaThread "Unconstrained build operations Thread 9"        [_thread_blocked, id=21040, stack(0x000000213ca00000,0x000000213cb00000) (1024K)]
  0x000001a6205428c0 JavaThread "Unconstrained build operations Thread 10"        [_thread_blocked, id=12408, stack(0x000000213cb00000,0x000000213cc00000) (1024K)]
  0x000001a620545d40 JavaThread "Unconstrained build operations Thread 11"        [_thread_blocked, id=6096, stack(0x000000213cc00000,0x000000213cd00000) (1024K)]
  0x000001a620543c70 JavaThread "Unconstrained build operations Thread 12"        [_thread_blocked, id=25232, stack(0x000000213cd00000,0x000000213ce00000) (1024K)]
  0x000001a620546a60 JavaThread "Unconstrained build operations Thread 13"        [_thread_blocked, id=26292, stack(0x000000213ce00000,0x000000213cf00000) (1024K)]
  0x000001a6205463d0 JavaThread "Unconstrained build operations Thread 14"        [_thread_blocked, id=19764, stack(0x000000213cf00000,0x000000213d000000) (1024K)]
  0x000001a6203104c0 JavaThread "Unconstrained build operations Thread 15"        [_thread_blocked, id=25248, stack(0x000000213d000000,0x000000213d100000) (1024K)]
  0x000001a620311f00 JavaThread "Unconstrained build operations Thread 16"        [_thread_blocked, id=4412, stack(0x000000213d100000,0x000000213d200000) (1024K)]
  0x000001a62030f110 JavaThread "Unconstrained build operations Thread 17"        [_thread_in_native, id=26376, stack(0x000000213d200000,0x000000213d300000) (1024K)]
  0x000001a620315a10 JavaThread "Unconstrained build operations Thread 18"        [_thread_blocked, id=18732, stack(0x000000213d300000,0x000000213d400000) (1024K)]
  0x000001a620312c20 JavaThread "Unconstrained build operations Thread 19"        [_thread_blocked, id=15772, stack(0x000000213d400000,0x000000213d500000) (1024K)]
  0x000001a6203132b0 JavaThread "Unconstrained build operations Thread 20"        [_thread_blocked, id=3036, stack(0x000000213d500000,0x000000213d600000) (1024K)]
  0x000001a62964ab40 JavaThread "Unconstrained build operations Thread 21"        [_thread_in_native, id=25096, stack(0x000000213d600000,0x000000213d700000) (1024K)]
  0x000001a629649e20 JavaThread "Unconstrained build operations Thread 22"        [_thread_blocked, id=5540, stack(0x000000213d700000,0x000000213d800000) (1024K)]
  0x000001a62964b1d0 JavaThread "Unconstrained build operations Thread 23"        [_thread_blocked, id=21796, stack(0x000000213d800000,0x000000213d900000) (1024K)]
  0x000001a62964b860 JavaThread "Unconstrained build operations Thread 24"        [_thread_blocked, id=9268, stack(0x000000213d900000,0x000000213da00000) (1024K)]
  0x000001a62964bef0 JavaThread "Unconstrained build operations Thread 25"        [_thread_blocked, id=17880, stack(0x000000213da00000,0x000000213db00000) (1024K)]
  0x000001a629648a70 JavaThread "Unconstrained build operations Thread 26"        [_thread_blocked, id=11992, stack(0x000000213db00000,0x000000213dc00000) (1024K)]
  0x000001a62964d930 JavaThread "Unconstrained build operations Thread 27"        [_thread_blocked, id=21920, stack(0x000000213dc00000,0x000000213dd00000) (1024K)]
  0x000001a62964dfc0 JavaThread "Unconstrained build operations Thread 28"        [_thread_blocked, id=16332, stack(0x000000213dd00000,0x000000213de00000) (1024K)]
  0x000001a6214d61c0 JavaThread "build event listener"              [_thread_blocked, id=16216, stack(0x000000213de00000,0x000000213df00000) (1024K)]
  0x000001a6214d3a60 JavaThread "included builds"                   [_thread_blocked, id=19032, stack(0x000000213df00000,0x000000213e000000) (1024K)]
  0x000001a6214d6ee0 JavaThread "Execution worker"                  [_thread_blocked, id=4928, stack(0x000000213e000000,0x000000213e100000) (1024K)]
  0x000001a6214d7570 JavaThread "Execution worker Thread 2"         [_thread_blocked, id=12864, stack(0x000000213e100000,0x000000213e200000) (1024K)]
  0x000001a6214d40f0 JavaThread "Execution worker Thread 3"         [_thread_blocked, id=11180, stack(0x000000213e200000,0x000000213e300000) (1024K)]
  0x000001a6214da360 JavaThread "Execution worker Thread 4"         [_thread_blocked, id=3380, stack(0x000000213e300000,0x000000213e400000) (1024K)]
  0x000001a6214d8290 JavaThread "Execution worker Thread 5"         [_thread_blocked, id=21176, stack(0x000000213e400000,0x000000213e500000) (1024K)]
  0x000001a623cd3110 JavaThread "Execution worker Thread 6"         [_thread_blocked, id=12292, stack(0x000000213e500000,0x000000213e600000) (1024K)]
  0x000001a623cd37a0 JavaThread "Execution worker Thread 7"         [_thread_blocked, id=20316, stack(0x000000213e600000,0x000000213e700000) (1024K)]
  0x000001a623cd3e30 JavaThread "Cache worker for execution history cache (C:\Users\HP\AndroidStudioProjects\linearlayout2\.gradle\8.13\executionHistory)"        [_thread_blocked, id=12076, stack(0x000000213e700000,0x000000213e800000) (1024K)]
  0x000001a623cd51e0 JavaThread "Unconstrained build operations Thread 29"        [_thread_blocked, id=7076, stack(0x000000213e800000,0x000000213e900000) (1024K)]
  0x000001a623cd5870 JavaThread "Unconstrained build operations Thread 30"        [_thread_blocked, id=24688, stack(0x000000213e900000,0x000000213ea00000) (1024K)]
  0x000001a623cd2a80 JavaThread "Unconstrained build operations Thread 31"        [_thread_blocked, id=9496, stack(0x000000213ea00000,0x000000213eb00000) (1024K)]
  0x000001a623cd5f00 JavaThread "Unconstrained build operations Thread 32"        [_thread_blocked, id=25212, stack(0x000000213eb00000,0x000000213ec00000) (1024K)]
  0x000001a623cd7940 JavaThread "Unconstrained build operations Thread 33"        [_thread_blocked, id=17016, stack(0x000000213ec00000,0x000000213ed00000) (1024K)]
  0x000001a623cd6590 JavaThread "Unconstrained build operations Thread 34"        [_thread_blocked, id=6892, stack(0x000000213ed00000,0x000000213ee00000) (1024K)]
  0x000001a623cd72b0 JavaThread "Unconstrained build operations Thread 35"        [_thread_blocked, id=22216, stack(0x000000213ee00000,0x000000213ef00000) (1024K)]
  0x000001a623cd6c20 JavaThread "Unconstrained build operations Thread 36"        [_thread_blocked, id=7896, stack(0x000000213ef00000,0x000000213f000000) (1024K)]
  0x000001a623cd4b50 JavaThread "Unconstrained build operations Thread 37"        [_thread_blocked, id=19256, stack(0x000000213f000000,0x000000213f100000) (1024K)]
  0x000001a623cda730 JavaThread "Unconstrained build operations Thread 38"        [_thread_blocked, id=12428, stack(0x000000213f100000,0x000000213f200000) (1024K)]
  0x000001a623cd8cf0 JavaThread "Unconstrained build operations Thread 39"        [_thread_blocked, id=25036, stack(0x000000213f200000,0x000000213f300000) (1024K)]
  0x000001a623cd8660 JavaThread "Unconstrained build operations Thread 40"        [_thread_blocked, id=20088, stack(0x000000213f300000,0x000000213f400000) (1024K)]
  0x000001a623cd9380 JavaThread "Unconstrained build operations Thread 41"        [_thread_blocked, id=6660, stack(0x000000213f400000,0x000000213f500000) (1024K)]
  0x000001a623cdb450 JavaThread "Unconstrained build operations Thread 42"        [_thread_blocked, id=24860, stack(0x000000213f500000,0x000000213f600000) (1024K)]
  0x000001a623cd9a10 JavaThread "Unconstrained build operations Thread 43"        [_thread_blocked, id=24592, stack(0x000000213f600000,0x000000213f700000) (1024K)]
  0x000001a623cdce90 JavaThread "Unconstrained build operations Thread 44"        [_thread_blocked, id=14756, stack(0x000000213f700000,0x000000213f800000) (1024K)]
  0x000001a623cda0a0 JavaThread "Unconstrained build operations Thread 45"        [_thread_blocked, id=16016, stack(0x000000213f800000,0x000000213f900000) (1024K)]
  0x000001a623cdbae0 JavaThread "Unconstrained build operations Thread 46"        [_thread_blocked, id=17992, stack(0x000000213f900000,0x000000213fa00000) (1024K)]
  0x000001a623cdadc0 JavaThread "Unconstrained build operations Thread 47"        [_thread_blocked, id=13332, stack(0x000000213fa00000,0x000000213fb00000) (1024K)]
  0x000001a623ce0310 JavaThread "Unconstrained build operations Thread 48"        [_thread_blocked, id=21180, stack(0x000000213fb00000,0x000000213fc00000) (1024K)]
  0x000001a623cdfc80 JavaThread "Unconstrained build operations Thread 49"        [_thread_blocked, id=12760, stack(0x000000213fc00000,0x000000213fd00000) (1024K)]
  0x000001a61dc17db0 JavaThread "C2 CompilerThread1"         daemon [_thread_in_native, id=8100, stack(0x000000213b000000,0x000000213b100000) (1024K)]
  0x000001a6228d8080 JavaThread "WorkerExecutor Queue"              [_thread_blocked, id=19176, stack(0x000000213fd00000,0x000000213fe00000) (1024K)]
  0x000001a6228d8710 JavaThread "WorkerExecutor Queue Thread 2"        [_thread_blocked, id=17116, stack(0x000000213fe00000,0x000000213ff00000) (1024K)]
  0x000001a6228dae70 JavaThread "WorkerExecutor Queue Thread 3"        [_thread_blocked, id=19800, stack(0x000000213ff00000,0x0000002140000000) (1024K)]
  0x000001a6228d9ac0 JavaThread "WorkerExecutor Queue Thread 4"        [_thread_blocked, id=24216, stack(0x0000002140000000,0x0000002140100000) (1024K)]
  0x000001a6228dc220 JavaThread "WorkerExecutor Queue Thread 5"        [_thread_blocked, id=1112, stack(0x0000002140100000,0x0000002140200000) (1024K)]
  0x000001a6228e1770 JavaThread "WorkerExecutor Queue Thread 6"        [_thread_blocked, id=17476, stack(0x0000002140200000,0x0000002140300000) (1024K)]
  0x000001a61f948d40 JavaThread "WorkerExecutor Queue Thread 7"        [_thread_blocked, id=11964, stack(0x0000002140300000,0x0000002140400000) (1024K)]
  0x000001a62054a570 JavaThread "WorkerExecutor Queue Thread 8"        [_thread_blocked, id=6336, stack(0x0000002140400000,0x0000002140500000) (1024K)]
  0x000001a62030fe30 JavaThread "Unconstrained build operations Thread 50"        [_thread_blocked, id=24492, stack(0x0000002140500000,0x0000002140600000) (1024K)]
  0x000001a62030ea80 JavaThread "Unconstrained build operations Thread 51"        [_thread_blocked, id=10896, stack(0x0000002140600000,0x0000002140700000) (1024K)]
  0x000001a620312590 JavaThread "Unconstrained build operations Thread 52"        [_thread_blocked, id=20076, stack(0x0000002140700000,0x0000002140800000) (1024K)]
  0x000001a62030f7a0 JavaThread "Unconstrained build operations Thread 53"        [_thread_blocked, id=6468, stack(0x0000002140800000,0x0000002140900000) (1024K)]
  0x000001a620313fd0 JavaThread "Unconstrained build operations Thread 54"        [_thread_blocked, id=24280, stack(0x0000002140900000,0x0000002140a00000) (1024K)]
  0x000001a6228d8da0 JavaThread "Unconstrained build operations Thread 55"        [_thread_blocked, id=23300, stack(0x0000002140a00000,0x0000002140b00000) (1024K)]
  0x000001a6228dbb90 JavaThread "Unconstrained build operations Thread 56"        [_thread_blocked, id=26220, stack(0x0000002140b00000,0x0000002140c00000) (1024K)]
  0x000001a6228dc8b0 JavaThread "Unconstrained build operations Thread 57"        [_thread_blocked, id=2108, stack(0x0000002140c00000,0x0000002140d00000) (1024K)]
  0x000001a6228dd5d0 JavaThread "Unconstrained build operations Thread 58"        [_thread_blocked, id=24320, stack(0x0000002140d00000,0x0000002140e00000) (1024K)]
  0x000001a6228dfd30 JavaThread "Unconstrained build operations Thread 59"        [_thread_blocked, id=16852, stack(0x0000002140e00000,0x0000002140f00000) (1024K)]
  0x000001a6228ddc60 JavaThread "Unconstrained build operations Thread 60"        [_thread_blocked, id=18688, stack(0x0000002140f00000,0x0000002141000000) (1024K)]
  0x000001a6228df010 JavaThread "Unconstrained build operations Thread 61"        [_thread_blocked, id=10924, stack(0x0000002141000000,0x0000002141100000) (1024K)]
  0x000001a6228de2f0 JavaThread "Unconstrained build operations Thread 62"        [_thread_blocked, id=11360, stack(0x0000002141100000,0x0000002141200000) (1024K)]
  0x000001a6228de980 JavaThread "Unconstrained build operations Thread 63"        [_thread_blocked, id=5664, stack(0x0000002141200000,0x0000002141300000) (1024K)]
  0x000001a6228dcf40 JavaThread "Unconstrained build operations Thread 64"        [_thread_blocked, id=23972, stack(0x0000002141300000,0x0000002141400000) (1024K)]
=>0x000001a62abde280 JavaThread "C2 CompilerThread2"         daemon [_thread_in_native, id=15884, stack(0x000000213b500000,0x000000213b600000) (1024K)]
  0x000001a6228e10e0 JavaThread "Unconstrained build operations Thread 65"        [_thread_blocked, id=16788, stack(0x0000002141400000,0x0000002141500000) (1024K)]
  0x000001a6228e03c0 JavaThread "Unconstrained build operations Thread 66"        [_thread_blocked, id=5740, stack(0x0000002141500000,0x0000002141600000) (1024K)]
  0x000001a6228e0a50 JavaThread "Unconstrained build operations Thread 67"        [_thread_blocked, id=23248, stack(0x0000002141600000,0x0000002141700000) (1024K)]
  0x000001a6228e1e00 JavaThread "Unconstrained build operations Thread 68"        [_thread_blocked, id=20504, stack(0x0000002141700000,0x0000002141800000) (1024K)]
  0x000001a6228e2490 JavaThread "Unconstrained build operations Thread 69"        [_thread_blocked, id=6528, stack(0x0000002141800000,0x0000002141900000) (1024K)]
  0x000001a6228df6a0 JavaThread "Unconstrained build operations Thread 70"        [_thread_blocked, id=2828, stack(0x0000002141900000,0x0000002141a00000) (1024K)]
  0x000001a6228e31b0 JavaThread "Unconstrained build operations Thread 71"        [_thread_blocked, id=25520, stack(0x0000002141a00000,0x0000002141b00000) (1024K)]
  0x000001a6228e3ed0 JavaThread "Unconstrained build operations Thread 72"        [_thread_blocked, id=21668, stack(0x0000002141b00000,0x0000002141c00000) (1024K)]
  0x000001a6228e5280 JavaThread "Unconstrained build operations Thread 73"        [_thread_blocked, id=5132, stack(0x0000002141c00000,0x0000002141d00000) (1024K)]
  0x000001a6228e4bf0 JavaThread "Unconstrained build operations Thread 74"        [_thread_blocked, id=22480, stack(0x0000002141d00000,0x0000002141e00000) (1024K)]
  0x000001a6228e5910 JavaThread "Unconstrained build operations Thread 75"        [_thread_blocked, id=23064, stack(0x0000002141e00000,0x0000002141f00000) (1024K)]
  0x000001a6228e5fa0 JavaThread "Unconstrained build operations Thread 76"        [_thread_blocked, id=8328, stack(0x0000002141f00000,0x0000002142000000) (1024K)]
  0x000001a6228e6630 JavaThread "Unconstrained build operations Thread 77"        [_thread_blocked, id=8768, stack(0x0000002142000000,0x0000002142100000) (1024K)]
  0x000001a6228e4560 JavaThread "Unconstrained build operations Thread 78"        [_thread_blocked, id=5884, stack(0x0000002142100000,0x0000002142200000) (1024K)]
  0x000001a6228e3840 JavaThread "Unconstrained build operations Thread 79"        [_thread_blocked, id=24268, stack(0x0000002142200000,0x0000002142300000) (1024K)]
  0x000001a61f9493d0 JavaThread "Unconstrained build operations Thread 80"        [_thread_blocked, id=24868, stack(0x0000002142300000,0x0000002142400000) (1024K)]
  0x000001a620848370 JavaThread "pool-7-thread-1"                   [_thread_blocked, id=25076, stack(0x0000002142400000,0x0000002142500000) (1024K)]
  0x000001a620846930 JavaThread "stderr"                            [_thread_in_native, id=16892, stack(0x0000002142500000,0x0000002142600000) (1024K)]
  0x000001a620847ce0 JavaThread "stdout"                            [_thread_in_native, id=12880, stack(0x0000002142600000,0x0000002142700000) (1024K)]
  0x000001a620847650 JavaThread "stderr"                            [_thread_in_native, id=14816, stack(0x0000002142700000,0x0000002142800000) (1024K)]
  0x000001a620844ef0 JavaThread "stdout"                            [_thread_in_native, id=10044, stack(0x0000002142800000,0x0000002142900000) (1024K)]
  0x000001a6208462a0 JavaThread "ForkJoinPool-1-worker-1"    daemon [_thread_blocked, id=13560, stack(0x0000002142900000,0x0000002142a00000) (1024K)]
  0x000001a620845580 JavaThread "ForkJoinPool-1-worker-2"    daemon [_thread_in_vm, id=936, stack(0x0000002142a00000,0x0000002142b00000) (1024K)]
  0x000001a620849090 JavaThread "ForkJoinPool-1-worker-3"    daemon [_thread_blocked, id=22212, stack(0x0000002142b00000,0x0000002142c00000) (1024K)]
  0x000001a620845c10 JavaThread "ForkJoinPool-1-worker-5"    daemon [_thread_blocked, id=16220, stack(0x0000002142c00000,0x0000002142d00000) (1024K)]
  0x000001a620849720 JavaThread "ForkJoinPool-1-worker-6"    daemon [_thread_blocked, id=25540, stack(0x0000002142d00000,0x0000002142e00000) (1024K)]
  0x000001a62084c510 JavaThread "ForkJoinPool-1-worker-7"    daemon [_thread_blocked, id=16272, stack(0x0000002142e00000,0x0000002142f00000) (1024K)]
  0x000001a62084cba0 JavaThread "ForkJoinPool-1-worker-4"    daemon [_thread_blocked, id=9452, stack(0x0000002142f00000,0x0000002143000000) (1024K)]
  0x000001a62084a440 JavaThread "ForkJoinPool-1-worker-8"    daemon [_thread_blocked, id=24276, stack(0x0000002143000000,0x0000002143100000) (1024K)]
Total: 154

Other Threads:
  0x000001a6165a2790 VMThread "VM Thread"                           [id=18888, stack(0x0000002139200000,0x0000002139300000) (1024K)]
  0x000001a616559ea0 WatcherThread "VM Periodic Task Thread"        [id=16192, stack(0x0000002139100000,0x0000002139200000) (1024K)]
  0x000001a67ee73dd0 WorkerThread "GC Thread#0"                     [id=20348, stack(0x0000002138c00000,0x0000002138d00000) (1024K)]
  0x000001a61b7d5010 WorkerThread "GC Thread#1"                     [id=6588, stack(0x0000002139f00000,0x000000213a000000) (1024K)]
  0x000001a61b6153d0 WorkerThread "GC Thread#2"                     [id=23392, stack(0x000000213a000000,0x000000213a100000) (1024K)]
  0x000001a61b615780 WorkerThread "GC Thread#3"                     [id=26616, stack(0x000000213a100000,0x000000213a200000) (1024K)]
  0x000001a61b6501c0 WorkerThread "GC Thread#4"                     [id=21556, stack(0x000000213a200000,0x000000213a300000) (1024K)]
  0x000001a61b38d310 WorkerThread "GC Thread#5"                     [id=6328, stack(0x000000213a300000,0x000000213a400000) (1024K)]
  0x000001a61cff9bd0 WorkerThread "GC Thread#6"                     [id=13240, stack(0x000000213aa00000,0x000000213ab00000) (1024K)]
  0x000001a61cff9f80 WorkerThread "GC Thread#7"                     [id=14632, stack(0x000000213ab00000,0x000000213ac00000) (1024K)]
  0x000001a67ee84dc0 ConcurrentGCThread "G1 Main Marker"            [id=6240, stack(0x0000002138d00000,0x0000002138e00000) (1024K)]
  0x000001a67ee86f20 WorkerThread "G1 Conc#0"                       [id=23340, stack(0x0000002138e00000,0x0000002138f00000) (1024K)]
  0x000001a61d37bea0 WorkerThread "G1 Conc#1"                       [id=17140, stack(0x000000213ac00000,0x000000213ad00000) (1024K)]
  0x000001a6164acf10 ConcurrentGCThread "G1 Refine#0"               [id=18740, stack(0x0000002138f00000,0x0000002139000000) (1024K)]
  0x000001a6164ad9a0 ConcurrentGCThread "G1 Service"                [id=11184, stack(0x0000002139000000,0x0000002139100000) (1024K)]
Total: 15

Threads with active compile tasks:
C2 CompilerThread0  756855 33823       4       com.android.tools.r8.internal.em1::b (362 bytes)
C1 CompilerThread0  756855 37664       3       com.android.aapt.Resources$XmlNode::getSerializedSize (90 bytes)
C2 CompilerThread1  756855 37194       4       com.sun.xml.internal.stream.events.XMLEventAllocatorImpl::getXMLEvent (640 bytes)
C2 CompilerThread2  756855 37113 % !   4       com.android.tools.r8.dex.a::b @ 599 (3650 bytes)
Total: 4

VM state: not at safepoint (normal execution)

VM Mutex/Monitor currently owned by a thread:  ([mutex/lock_event])
[0x00007ff8c6ad70d0] MethodCompileQueue_lock - owner thread: 0x000001a6166fdac0
[0x00007ff8c6ad85d0] CodeCache_lock - owner thread: 0x000001a6166fdac0
[0x00007ff8c6ad8750] Compile_lock - owner thread: 0x000001a6166fdac0

Heap address: 0x0000000080000000, size: 2048 MB, Compressed Oops mode: 32-bit

CDS archive(s) not mapped
Compressed class space mapped at: 0x0000000100000000-0x0000000140000000, reserved size: 1073741824
Narrow klass base: 0x0000000000000000, Narrow klass shift: 3, Narrow klass range: 0x140000000

GC Precious Log:
 CardTable entry size: 512
 Card Set container configuration: InlinePtr #cards 5 size 8 Array Of Cards #cards 12 size 40 Howl #buckets 4 coarsen threshold 1843 Howl Bitmap #cards 512 size 80 coarsen threshold 460 Card regions per heap region 1 cards per card region 2048
 CPUs: 8 total, 8 available
 Memory: 16190M
 Large Page Support: Disabled
 NUMA Support: Disabled
 Compressed Oops: Enabled (32-bit)
 Heap Region Size: 1M
 Heap Min Capacity: 8M
 Heap Initial Capacity: 254M
 Heap Max Capacity: 2G
 Pre-touch: Disabled
 Parallel Workers: 8
 Concurrent Workers: 2
 Concurrent Refinement Workers: 8
 Periodic GC: Disabled

Heap:
 garbage-first heap   total 595968K, used 532000K [0x0000000080000000, 0x0000000100000000)
  region size 1024K, 217 young (222208K), 19 survivors (19456K)
 Metaspace       used 186445K, committed 189120K, reserved 1245184K
  class space    used 25079K, committed 26432K, reserved 1048576K

Heap Regions: E=young(eden), S=young(survivor), O=old, HS=humongous(starts), HC=humongous(continues), CS=collection set, F=free, TAMS=top-at-mark-start, PB=parsable bottom
|   0|0x0000000080000000, 0x0000000080100000, 0x0000000080100000|100%|HS|  |TAMS 0x0000000080000000| PB 0x0000000080000000| Complete 
|   1|0x0000000080100000, 0x0000000080200000, 0x0000000080200000|100%|HC|  |TAMS 0x0000000080100000| PB 0x0000000080100000| Complete 
|   2|0x0000000080200000, 0x0000000080300000, 0x0000000080300000|100%|HC|  |TAMS 0x0000000080200000| PB 0x0000000080200000| Complete 
|   3|0x0000000080300000, 0x0000000080400000, 0x0000000080400000|100%| O|  |TAMS 0x0000000080300000| PB 0x0000000080300000| Untracked 
|   4|0x0000000080400000, 0x0000000080500000, 0x0000000080500000|100%| O|  |TAMS 0x0000000080400000| PB 0x0000000080400000| Untracked 
|   5|0x0000000080500000, 0x0000000080600000, 0x0000000080600000|100%| O|  |TAMS 0x0000000080500000| PB 0x0000000080500000| Untracked 
|   6|0x0000000080600000, 0x0000000080700000, 0x0000000080700000|100%|HS|  |TAMS 0x0000000080600000| PB 0x0000000080600000| Complete 
|   7|0x0000000080700000, 0x0000000080800000, 0x0000000080800000|100%| O|  |TAMS 0x0000000080700000| PB 0x0000000080700000| Untracked 
|   8|0x0000000080800000, 0x0000000080900000, 0x0000000080900000|100%| O|  |TAMS 0x0000000080800000| PB 0x0000000080800000| Untracked 
|   9|0x0000000080900000, 0x0000000080a00000, 0x0000000080a00000|100%| O|  |TAMS 0x0000000080900000| PB 0x0000000080900000| Untracked 
|  10|0x0000000080a00000, 0x0000000080b00000, 0x0000000080b00000|100%| O|  |TAMS 0x0000000080a00000| PB 0x0000000080a00000| Untracked 
|  11|0x0000000080b00000, 0x0000000080c00000, 0x0000000080c00000|100%| O|  |TAMS 0x0000000080b00000| PB 0x0000000080b00000| Untracked 
|  12|0x0000000080c00000, 0x0000000080d00000, 0x0000000080d00000|100%| O|  |TAMS 0x0000000080c00000| PB 0x0000000080c00000| Untracked 
|  13|0x0000000080d00000, 0x0000000080e00000, 0x0000000080e00000|100%| O|  |TAMS 0x0000000080d00000| PB 0x0000000080d00000| Untracked 
|  14|0x0000000080e00000, 0x0000000080f00000, 0x0000000080f00000|100%| O|  |TAMS 0x0000000080e00000| PB 0x0000000080e00000| Untracked 
|  15|0x0000000080f00000, 0x0000000081000000, 0x0000000081000000|100%| O|  |TAMS 0x0000000080f00000| PB 0x0000000080f00000| Untracked 
|  16|0x0000000081000000, 0x0000000081100000, 0x0000000081100000|100%| O|  |TAMS 0x0000000081000000| PB 0x0000000081000000| Untracked 
|  17|0x0000000081100000, 0x0000000081200000, 0x0000000081200000|100%|HS|  |TAMS 0x0000000081100000| PB 0x0000000081100000| Complete 
|  18|0x0000000081200000, 0x0000000081300000, 0x0000000081300000|100%|HC|  |TAMS 0x0000000081200000| PB 0x0000000081200000| Complete 
|  19|0x0000000081300000, 0x0000000081400000, 0x0000000081400000|100%|HC|  |TAMS 0x0000000081300000| PB 0x0000000081300000| Complete 
|  20|0x0000000081400000, 0x0000000081500000, 0x0000000081500000|100%|HC|  |TAMS 0x0000000081400000| PB 0x0000000081400000| Complete 
|  21|0x0000000081500000, 0x0000000081600000, 0x0000000081600000|100%|HC|  |TAMS 0x0000000081500000| PB 0x0000000081500000| Complete 
|  22|0x0000000081600000, 0x0000000081700000, 0x0000000081700000|100%|HC|  |TAMS 0x0000000081600000| PB 0x0000000081600000| Complete 
|  23|0x0000000081700000, 0x0000000081800000, 0x0000000081800000|100%|HS|  |TAMS 0x0000000081700000| PB 0x0000000081700000| Complete 
|  24|0x0000000081800000, 0x0000000081900000, 0x0000000081900000|100%|HS|  |TAMS 0x0000000081800000| PB 0x0000000081800000| Complete 
|  25|0x0000000081900000, 0x0000000081a00000, 0x0000000081a00000|100%|HS|  |TAMS 0x0000000081900000| PB 0x0000000081900000| Complete 
|  26|0x0000000081a00000, 0x0000000081b00000, 0x0000000081b00000|100%|HC|  |TAMS 0x0000000081a00000| PB 0x0000000081a00000| Complete 
|  27|0x0000000081b00000, 0x0000000081c00000, 0x0000000081c00000|100%|HC|  |TAMS 0x0000000081b00000| PB 0x0000000081b00000| Complete 
|  28|0x0000000081c00000, 0x0000000081d00000, 0x0000000081d00000|100%|HC|  |TAMS 0x0000000081c00000| PB 0x0000000081c00000| Complete 
|  29|0x0000000081d00000, 0x0000000081e00000, 0x0000000081e00000|100%|HC|  |TAMS 0x0000000081d00000| PB 0x0000000081d00000| Complete 
|  30|0x0000000081e00000, 0x0000000081f00000, 0x0000000081f00000|100%|HC|  |TAMS 0x0000000081e00000| PB 0x0000000081e00000| Complete 
|  31|0x0000000081f00000, 0x0000000082000000, 0x0000000082000000|100%|HS|  |TAMS 0x0000000081f00000| PB 0x0000000081f00000| Complete 
|  32|0x0000000082000000, 0x0000000082100000, 0x0000000082100000|100%|HS|  |TAMS 0x0000000082000000| PB 0x0000000082000000| Complete 
|  33|0x0000000082100000, 0x0000000082200000, 0x0000000082200000|100%| O|  |TAMS 0x0000000082100000| PB 0x0000000082100000| Untracked 
|  34|0x0000000082200000, 0x0000000082300000, 0x0000000082300000|100%| O|  |TAMS 0x0000000082200000| PB 0x0000000082200000| Untracked 
|  35|0x0000000082300000, 0x0000000082400000, 0x0000000082400000|100%| O|  |TAMS 0x0000000082300000| PB 0x0000000082300000| Untracked 
|  36|0x0000000082400000, 0x0000000082500000, 0x0000000082500000|100%| O|  |TAMS 0x0000000082400000| PB 0x0000000082400000| Untracked 
|  37|0x0000000082500000, 0x0000000082600000, 0x0000000082600000|100%| O|  |TAMS 0x0000000082500000| PB 0x0000000082500000| Untracked 
|  38|0x0000000082600000, 0x0000000082700000, 0x0000000082700000|100%| O|  |TAMS 0x0000000082600000| PB 0x0000000082600000| Untracked 
|  39|0x0000000082700000, 0x0000000082800000, 0x0000000082800000|100%| O|  |TAMS 0x0000000082700000| PB 0x0000000082700000| Untracked 
|  40|0x0000000082800000, 0x0000000082900000, 0x0000000082900000|100%| O|  |TAMS 0x0000000082800000| PB 0x0000000082800000| Untracked 
|  41|0x0000000082900000, 0x0000000082a00000, 0x0000000082a00000|100%| O|  |TAMS 0x0000000082900000| PB 0x0000000082900000| Untracked 
|  42|0x0000000082a00000, 0x0000000082b00000, 0x0000000082b00000|100%| O|  |TAMS 0x0000000082a00000| PB 0x0000000082a00000| Untracked 
|  43|0x0000000082b00000, 0x0000000082c00000, 0x0000000082c00000|100%| O|  |TAMS 0x0000000082b00000| PB 0x0000000082b00000| Untracked 
|  44|0x0000000082c00000, 0x0000000082d00000, 0x0000000082d00000|100%| O|  |TAMS 0x0000000082c00000| PB 0x0000000082c00000| Untracked 
|  45|0x0000000082d00000, 0x0000000082e00000, 0x0000000082e00000|100%| O|  |TAMS 0x0000000082d00000| PB 0x0000000082d00000| Untracked 
|  46|0x0000000082e00000, 0x0000000082f00000, 0x0000000082f00000|100%| O|  |TAMS 0x0000000082e00000| PB 0x0000000082e00000| Untracked 
|  47|0x0000000082f00000, 0x0000000083000000, 0x0000000083000000|100%| O|  |TAMS 0x0000000082f00000| PB 0x0000000082f00000| Untracked 
|  48|0x0000000083000000, 0x0000000083100000, 0x0000000083100000|100%| O|  |TAMS 0x0000000083000000| PB 0x0000000083000000| Untracked 
|  49|0x0000000083100000, 0x0000000083200000, 0x0000000083200000|100%| O|  |TAMS 0x0000000083100000| PB 0x0000000083100000| Untracked 
|  50|0x0000000083200000, 0x0000000083300000, 0x0000000083300000|100%| O|  |TAMS 0x0000000083200000| PB 0x0000000083200000| Untracked 
|  51|0x0000000083300000, 0x0000000083400000, 0x0000000083400000|100%| O|  |TAMS 0x0000000083300000| PB 0x0000000083300000| Untracked 
|  52|0x0000000083400000, 0x0000000083500000, 0x0000000083500000|100%| O|  |TAMS 0x0000000083400000| PB 0x0000000083400000| Untracked 
|  53|0x0000000083500000, 0x0000000083600000, 0x0000000083600000|100%| O|  |TAMS 0x0000000083500000| PB 0x0000000083500000| Untracked 
|  54|0x0000000083600000, 0x0000000083700000, 0x0000000083700000|100%| O|  |TAMS 0x0000000083600000| PB 0x0000000083600000| Untracked 
|  55|0x0000000083700000, 0x0000000083800000, 0x0000000083800000|100%| O|  |TAMS 0x0000000083700000| PB 0x0000000083700000| Untracked 
|  56|0x0000000083800000, 0x0000000083900000, 0x0000000083900000|100%| O|  |TAMS 0x0000000083800000| PB 0x0000000083800000| Untracked 
|  57|0x0000000083900000, 0x0000000083a00000, 0x0000000083a00000|100%| O|  |TAMS 0x0000000083900000| PB 0x0000000083900000| Untracked 
|  58|0x0000000083a00000, 0x0000000083b00000, 0x0000000083b00000|100%| O|  |TAMS 0x0000000083a00000| PB 0x0000000083a00000| Untracked 
|  59|0x0000000083b00000, 0x0000000083c00000, 0x0000000083c00000|100%| O|  |TAMS 0x0000000083b00000| PB 0x0000000083b00000| Untracked 
|  60|0x0000000083c00000, 0x0000000083d00000, 0x0000000083d00000|100%| O|  |TAMS 0x0000000083c00000| PB 0x0000000083c00000| Untracked 
|  61|0x0000000083d00000, 0x0000000083e00000, 0x0000000083e00000|100%| O|  |TAMS 0x0000000083d00000| PB 0x0000000083d00000| Untracked 
|  62|0x0000000083e00000, 0x0000000083f00000, 0x0000000083f00000|100%| O|  |TAMS 0x0000000083e00000| PB 0x0000000083e00000| Untracked 
|  63|0x0000000083f00000, 0x0000000084000000, 0x0000000084000000|100%| O|  |TAMS 0x0000000083f00000| PB 0x0000000083f00000| Untracked 
|  64|0x0000000084000000, 0x0000000084100000, 0x0000000084100000|100%|HS|  |TAMS 0x0000000084000000| PB 0x0000000084000000| Complete 
|  65|0x0000000084100000, 0x0000000084200000, 0x0000000084200000|100%| O|  |TAMS 0x0000000084100000| PB 0x0000000084100000| Untracked 
|  66|0x0000000084200000, 0x0000000084300000, 0x0000000084300000|100%|HS|  |TAMS 0x0000000084200000| PB 0x0000000084200000| Complete 
|  67|0x0000000084300000, 0x0000000084400000, 0x0000000084400000|100%|HS|  |TAMS 0x0000000084300000| PB 0x0000000084300000| Complete 
|  68|0x0000000084400000, 0x0000000084500000, 0x0000000084500000|100%| O|  |TAMS 0x0000000084400000| PB 0x0000000084400000| Untracked 
|  69|0x0000000084500000, 0x0000000084600000, 0x0000000084600000|100%| O|  |TAMS 0x0000000084500000| PB 0x0000000084500000| Untracked 
|  70|0x0000000084600000, 0x0000000084700000, 0x0000000084700000|100%| O|  |TAMS 0x0000000084600000| PB 0x0000000084600000| Untracked 
|  71|0x0000000084700000, 0x0000000084800000, 0x0000000084800000|100%| O|  |TAMS 0x0000000084700000| PB 0x0000000084700000| Untracked 
|  72|0x0000000084800000, 0x0000000084900000, 0x0000000084900000|100%| O|  |TAMS 0x0000000084800000| PB 0x0000000084800000| Untracked 
|  73|0x0000000084900000, 0x0000000084a00000, 0x0000000084a00000|100%| O|  |TAMS 0x0000000084900000| PB 0x0000000084900000| Untracked 
|  74|0x0000000084a00000, 0x0000000084b00000, 0x0000000084b00000|100%| O|  |TAMS 0x0000000084a00000| PB 0x0000000084a00000| Untracked 
|  75|0x0000000084b00000, 0x0000000084c00000, 0x0000000084c00000|100%| O|  |TAMS 0x0000000084b00000| PB 0x0000000084b00000| Untracked 
|  76|0x0000000084c00000, 0x0000000084d00000, 0x0000000084d00000|100%| O|  |TAMS 0x0000000084c00000| PB 0x0000000084c00000| Untracked 
|  77|0x0000000084d00000, 0x0000000084e00000, 0x0000000084e00000|100%| O|  |TAMS 0x0000000084d00000| PB 0x0000000084d00000| Untracked 
|  78|0x0000000084e00000, 0x0000000084f00000, 0x0000000084f00000|100%| O|  |TAMS 0x0000000084e00000| PB 0x0000000084e00000| Untracked 
|  79|0x0000000084f00000, 0x0000000085000000, 0x0000000085000000|100%| O|  |TAMS 0x0000000084f00000| PB 0x0000000084f00000| Untracked 
|  80|0x0000000085000000, 0x0000000085100000, 0x0000000085100000|100%| O|  |TAMS 0x0000000085000000| PB 0x0000000085000000| Untracked 
|  81|0x0000000085100000, 0x0000000085200000, 0x0000000085200000|100%|HS|  |TAMS 0x0000000085100000| PB 0x0000000085100000| Complete 
|  82|0x0000000085200000, 0x0000000085300000, 0x0000000085300000|100%| O|  |TAMS 0x0000000085200000| PB 0x0000000085200000| Untracked 
|  83|0x0000000085300000, 0x0000000085400000, 0x0000000085400000|100%| O|  |TAMS 0x0000000085300000| PB 0x0000000085300000| Untracked 
|  84|0x0000000085400000, 0x0000000085500000, 0x0000000085500000|100%|HS|  |TAMS 0x0000000085400000| PB 0x0000000085400000| Complete 
|  85|0x0000000085500000, 0x0000000085600000, 0x0000000085600000|100%| O|  |TAMS 0x0000000085500000| PB 0x0000000085500000| Untracked 
|  86|0x0000000085600000, 0x0000000085700000, 0x0000000085700000|100%|HS|  |TAMS 0x0000000085600000| PB 0x0000000085600000| Complete 
|  87|0x0000000085700000, 0x0000000085800000, 0x0000000085800000|100%| O|  |TAMS 0x0000000085700000| PB 0x0000000085700000| Untracked 
|  88|0x0000000085800000, 0x0000000085900000, 0x0000000085900000|100%| O|  |TAMS 0x0000000085800000| PB 0x0000000085800000| Untracked 
|  89|0x0000000085900000, 0x0000000085a00000, 0x0000000085a00000|100%| O|  |TAMS 0x0000000085900000| PB 0x0000000085900000| Untracked 
|  90|0x0000000085a00000, 0x0000000085b00000, 0x0000000085b00000|100%| O|  |TAMS 0x0000000085a00000| PB 0x0000000085a00000| Untracked 
|  91|0x0000000085b00000, 0x0000000085c00000, 0x0000000085c00000|100%| O|  |TAMS 0x0000000085b00000| PB 0x0000000085b00000| Untracked 
|  92|0x0000000085c00000, 0x0000000085d00000, 0x0000000085d00000|100%| O|  |TAMS 0x0000000085c00000| PB 0x0000000085c00000| Untracked 
|  93|0x0000000085d00000, 0x0000000085e00000, 0x0000000085e00000|100%| O|  |TAMS 0x0000000085d00000| PB 0x0000000085d00000| Untracked 
|  94|0x0000000085e00000, 0x0000000085f00000, 0x0000000085f00000|100%| O|  |TAMS 0x0000000085e00000| PB 0x0000000085e00000| Untracked 
|  95|0x0000000085f00000, 0x0000000086000000, 0x0000000086000000|100%|HS|  |TAMS 0x0000000085f00000| PB 0x0000000085f00000| Complete 
|  96|0x0000000086000000, 0x0000000086100000, 0x0000000086100000|100%| O|  |TAMS 0x0000000086000000| PB 0x0000000086000000| Untracked 
|  97|0x0000000086100000, 0x0000000086200000, 0x0000000086200000|100%| O|  |TAMS 0x0000000086100000| PB 0x0000000086100000| Untracked 
|  98|0x0000000086200000, 0x0000000086300000, 0x0000000086300000|100%| O|  |TAMS 0x0000000086200000| PB 0x0000000086200000| Untracked 
|  99|0x0000000086300000, 0x0000000086400000, 0x0000000086400000|100%| O|  |TAMS 0x0000000086300000| PB 0x0000000086300000| Untracked 
| 100|0x0000000086400000, 0x0000000086500000, 0x0000000086500000|100%| O|  |TAMS 0x0000000086400000| PB 0x0000000086400000| Untracked 
| 101|0x0000000086500000, 0x0000000086600000, 0x0000000086600000|100%| O|  |TAMS 0x0000000086500000| PB 0x0000000086500000| Untracked 
| 102|0x0000000086600000, 0x0000000086700000, 0x0000000086700000|100%| O|  |TAMS 0x0000000086600000| PB 0x0000000086600000| Untracked 
| 103|0x0000000086700000, 0x0000000086800000, 0x0000000086800000|100%| O|  |TAMS 0x0000000086700000| PB 0x0000000086700000| Untracked 
| 104|0x0000000086800000, 0x0000000086900000, 0x0000000086900000|100%| O|  |TAMS 0x0000000086800000| PB 0x0000000086800000| Untracked 
| 105|0x0000000086900000, 0x0000000086a00000, 0x0000000086a00000|100%| O|  |TAMS 0x0000000086900000| PB 0x0000000086900000| Untracked 
| 106|0x0000000086a00000, 0x0000000086b00000, 0x0000000086b00000|100%| O|  |TAMS 0x0000000086a00000| PB 0x0000000086a00000| Untracked 
| 107|0x0000000086b00000, 0x0000000086c00000, 0x0000000086c00000|100%| O|  |TAMS 0x0000000086b00000| PB 0x0000000086b00000| Untracked 
| 108|0x0000000086c00000, 0x0000000086d00000, 0x0000000086d00000|100%| O|  |TAMS 0x0000000086c00000| PB 0x0000000086c00000| Untracked 
| 109|0x0000000086d00000, 0x0000000086e00000, 0x0000000086e00000|100%| O|  |TAMS 0x0000000086d00000| PB 0x0000000086d00000| Untracked 
| 110|0x0000000086e00000, 0x0000000086f00000, 0x0000000086f00000|100%| O|  |TAMS 0x0000000086e00000| PB 0x0000000086e00000| Untracked 
| 111|0x0000000086f00000, 0x0000000087000000, 0x0000000087000000|100%| O|  |TAMS 0x0000000086f00000| PB 0x0000000086f00000| Untracked 
| 112|0x0000000087000000, 0x0000000087100000, 0x0000000087100000|100%| O|  |TAMS 0x0000000087000000| PB 0x0000000087000000| Untracked 
| 113|0x0000000087100000, 0x0000000087200000, 0x0000000087200000|100%| O|  |TAMS 0x0000000087100000| PB 0x0000000087100000| Untracked 
| 114|0x0000000087200000, 0x0000000087300000, 0x0000000087300000|100%| O|  |TAMS 0x0000000087200000| PB 0x0000000087200000| Untracked 
| 115|0x0000000087300000, 0x0000000087400000, 0x0000000087400000|100%| O|  |TAMS 0x0000000087300000| PB 0x0000000087300000| Untracked 
| 116|0x0000000087400000, 0x0000000087500000, 0x0000000087500000|100%| O|  |TAMS 0x0000000087400000| PB 0x0000000087400000| Untracked 
| 117|0x0000000087500000, 0x0000000087600000, 0x0000000087600000|100%| O|  |TAMS 0x0000000087500000| PB 0x0000000087500000| Untracked 
| 118|0x0000000087600000, 0x0000000087700000, 0x0000000087700000|100%| O|  |TAMS 0x0000000087600000| PB 0x0000000087600000| Untracked 
| 119|0x0000000087700000, 0x0000000087800000, 0x0000000087800000|100%| O|  |TAMS 0x0000000087700000| PB 0x0000000087700000| Untracked 
| 120|0x0000000087800000, 0x0000000087900000, 0x0000000087900000|100%| O|  |TAMS 0x0000000087800000| PB 0x0000000087800000| Untracked 
| 121|0x0000000087900000, 0x0000000087a00000, 0x0000000087a00000|100%| O|  |TAMS 0x0000000087900000| PB 0x0000000087900000| Untracked 
| 122|0x0000000087a00000, 0x0000000087b00000, 0x0000000087b00000|100%| O|  |TAMS 0x0000000087a00000| PB 0x0000000087a00000| Untracked 
| 123|0x0000000087b00000, 0x0000000087c00000, 0x0000000087c00000|100%| O|  |TAMS 0x0000000087b00000| PB 0x0000000087b00000| Untracked 
| 124|0x0000000087c00000, 0x0000000087d00000, 0x0000000087d00000|100%| O|  |TAMS 0x0000000087c00000| PB 0x0000000087c00000| Untracked 
| 125|0x0000000087d00000, 0x0000000087e00000, 0x0000000087e00000|100%| O|  |TAMS 0x0000000087d00000| PB 0x0000000087d00000| Untracked 
| 126|0x0000000087e00000, 0x0000000087f00000, 0x0000000087f00000|100%| O|  |TAMS 0x0000000087e00000| PB 0x0000000087e00000| Untracked 
| 127|0x0000000087f00000, 0x0000000088000000, 0x0000000088000000|100%| O|  |TAMS 0x0000000087f00000| PB 0x0000000087f00000| Untracked 
| 128|0x0000000088000000, 0x0000000088100000, 0x0000000088100000|100%| O|  |TAMS 0x0000000088000000| PB 0x0000000088000000| Untracked 
| 129|0x0000000088100000, 0x0000000088200000, 0x0000000088200000|100%| O|  |TAMS 0x0000000088100000| PB 0x0000000088100000| Untracked 
| 130|0x0000000088200000, 0x0000000088300000, 0x0000000088300000|100%| O|  |TAMS 0x0000000088200000| PB 0x0000000088200000| Untracked 
| 131|0x0000000088300000, 0x0000000088400000, 0x0000000088400000|100%| O|  |TAMS 0x0000000088300000| PB 0x0000000088300000| Untracked 
| 132|0x0000000088400000, 0x0000000088500000, 0x0000000088500000|100%| O|  |TAMS 0x0000000088400000| PB 0x0000000088400000| Untracked 
| 133|0x0000000088500000, 0x0000000088600000, 0x0000000088600000|100%| O|  |TAMS 0x0000000088500000| PB 0x0000000088500000| Untracked 
| 134|0x0000000088600000, 0x0000000088700000, 0x0000000088700000|100%| O|  |TAMS 0x0000000088600000| PB 0x0000000088600000| Untracked 
| 135|0x0000000088700000, 0x0000000088800000, 0x0000000088800000|100%| O|  |TAMS 0x0000000088700000| PB 0x0000000088700000| Untracked 
| 136|0x0000000088800000, 0x0000000088900000, 0x0000000088900000|100%| O|  |TAMS 0x0000000088800000| PB 0x0000000088800000| Untracked 
| 137|0x0000000088900000, 0x0000000088a00000, 0x0000000088a00000|100%| O|  |TAMS 0x0000000088900000| PB 0x0000000088900000| Untracked 
| 138|0x0000000088a00000, 0x0000000088b00000, 0x0000000088b00000|100%| O|  |TAMS 0x0000000088a00000| PB 0x0000000088a00000| Untracked 
| 139|0x0000000088b00000, 0x0000000088c00000, 0x0000000088c00000|100%| O|Cm|TAMS 0x0000000088b00000| PB 0x0000000088b00000| Complete 
| 140|0x0000000088c00000, 0x0000000088d00000, 0x0000000088d00000|100%| O|  |TAMS 0x0000000088c00000| PB 0x0000000088c00000| Untracked 
| 141|0x0000000088d00000, 0x0000000088e00000, 0x0000000088e00000|100%| O|  |TAMS 0x0000000088d00000| PB 0x0000000088d00000| Untracked 
| 142|0x0000000088e00000, 0x0000000088f00000, 0x0000000088f00000|100%| O|  |TAMS 0x0000000088e00000| PB 0x0000000088e00000| Untracked 
| 143|0x0000000088f00000, 0x0000000089000000, 0x0000000089000000|100%| O|  |TAMS 0x0000000088f00000| PB 0x0000000088f00000| Untracked 
| 144|0x0000000089000000, 0x0000000089100000, 0x0000000089100000|100%| O|  |TAMS 0x0000000089000000| PB 0x0000000089000000| Untracked 
| 145|0x0000000089100000, 0x0000000089200000, 0x0000000089200000|100%| O|  |TAMS 0x0000000089100000| PB 0x0000000089100000| Untracked 
| 146|0x0000000089200000, 0x0000000089300000, 0x0000000089300000|100%| O|  |TAMS 0x0000000089200000| PB 0x0000000089200000| Untracked 
| 147|0x0000000089300000, 0x0000000089400000, 0x0000000089400000|100%| O|  |TAMS 0x0000000089300000| PB 0x0000000089300000| Untracked 
| 148|0x0000000089400000, 0x0000000089500000, 0x0000000089500000|100%| O|  |TAMS 0x0000000089400000| PB 0x0000000089400000| Untracked 
| 149|0x0000000089500000, 0x0000000089600000, 0x0000000089600000|100%| O|  |TAMS 0x0000000089500000| PB 0x0000000089500000| Untracked 
| 150|0x0000000089600000, 0x0000000089700000, 0x0000000089700000|100%| O|Cm|TAMS 0x0000000089600000| PB 0x0000000089600000| Complete 
| 151|0x0000000089700000, 0x00000000897181b8, 0x0000000089800000|  9%| O|  |TAMS 0x0000000089700000| PB 0x0000000089700000| Untracked 
| 152|0x0000000089800000, 0x0000000089900000, 0x0000000089900000|100%| O|  |TAMS 0x0000000089800000| PB 0x0000000089800000| Untracked 
| 153|0x0000000089900000, 0x0000000089a00000, 0x0000000089a00000|100%| O|  |TAMS 0x0000000089900000| PB 0x0000000089900000| Untracked 
| 154|0x0000000089a00000, 0x0000000089b00000, 0x0000000089b00000|100%|HS|  |TAMS 0x0000000089a00000| PB 0x0000000089a00000| Complete 
| 155|0x0000000089b00000, 0x0000000089c00000, 0x0000000089c00000|100%| O|Cm|TAMS 0x0000000089b00000| PB 0x0000000089b00000| Complete 
| 156|0x0000000089c00000, 0x0000000089d00000, 0x0000000089d00000|100%| O|Cm|TAMS 0x0000000089c00000| PB 0x0000000089c00000| Complete 
| 157|0x0000000089d00000, 0x0000000089e00000, 0x0000000089e00000|100%|HS|  |TAMS 0x0000000089d00000| PB 0x0000000089d00000| Complete 
| 158|0x0000000089e00000, 0x0000000089f00000, 0x0000000089f00000|100%|HS|  |TAMS 0x0000000089e00000| PB 0x0000000089e00000| Complete 
| 159|0x0000000089f00000, 0x000000008a000000, 0x000000008a000000|100%| O|  |TAMS 0x0000000089f00000| PB 0x0000000089f00000| Untracked 
| 160|0x000000008a000000, 0x000000008a100000, 0x000000008a100000|100%| O|  |TAMS 0x000000008a000000| PB 0x000000008a000000| Untracked 
| 161|0x000000008a100000, 0x000000008a200000, 0x000000008a200000|100%| O|  |TAMS 0x000000008a100000| PB 0x000000008a100000| Untracked 
| 162|0x000000008a200000, 0x000000008a300000, 0x000000008a300000|100%| O|  |TAMS 0x000000008a200000| PB 0x000000008a200000| Untracked 
| 163|0x000000008a300000, 0x000000008a400000, 0x000000008a400000|100%| O|  |TAMS 0x000000008a300000| PB 0x000000008a300000| Untracked 
| 164|0x000000008a400000, 0x000000008a500000, 0x000000008a500000|100%|HS|  |TAMS 0x000000008a400000| PB 0x000000008a400000| Complete 
| 165|0x000000008a500000, 0x000000008a600000, 0x000000008a600000|100%| O|  |TAMS 0x000000008a500000| PB 0x000000008a500000| Untracked 
| 166|0x000000008a600000, 0x000000008a700000, 0x000000008a700000|100%| O|  |TAMS 0x000000008a600000| PB 0x000000008a600000| Untracked 
| 167|0x000000008a700000, 0x000000008a800000, 0x000000008a800000|100%| O|  |TAMS 0x000000008a700000| PB 0x000000008a700000| Untracked 
| 168|0x000000008a800000, 0x000000008a900000, 0x000000008a900000|100%| O|  |TAMS 0x000000008a800000| PB 0x000000008a800000| Untracked 
| 169|0x000000008a900000, 0x000000008aa00000, 0x000000008aa00000|100%| O|  |TAMS 0x000000008a900000| PB 0x000000008a900000| Untracked 
| 170|0x000000008aa00000, 0x000000008ab00000, 0x000000008ab00000|100%| O|  |TAMS 0x000000008aa00000| PB 0x000000008aa00000| Untracked 
| 171|0x000000008ab00000, 0x000000008ac00000, 0x000000008ac00000|100%| O|  |TAMS 0x000000008ab00000| PB 0x000000008ab00000| Untracked 
| 172|0x000000008ac00000, 0x000000008ad00000, 0x000000008ad00000|100%| O|  |TAMS 0x000000008ac00000| PB 0x000000008ac00000| Untracked 
| 173|0x000000008ad00000, 0x000000008ae00000, 0x000000008ae00000|100%| O|  |TAMS 0x000000008ad00000| PB 0x000000008ad00000| Untracked 
| 174|0x000000008ae00000, 0x000000008af00000, 0x000000008af00000|100%| O|  |TAMS 0x000000008ae00000| PB 0x000000008ae00000| Untracked 
| 175|0x000000008af00000, 0x000000008b000000, 0x000000008b000000|100%| O|Cm|TAMS 0x000000008af00000| PB 0x000000008af00000| Complete 
| 176|0x000000008b000000, 0x000000008b100000, 0x000000008b100000|100%| O|  |TAMS 0x000000008b000000| PB 0x000000008b000000| Untracked 
| 177|0x000000008b100000, 0x000000008b200000, 0x000000008b200000|100%| O|  |TAMS 0x000000008b100000| PB 0x000000008b100000| Untracked 
| 178|0x000000008b200000, 0x000000008b300000, 0x000000008b300000|100%| O|  |TAMS 0x000000008b200000| PB 0x000000008b200000| Untracked 
| 179|0x000000008b300000, 0x000000008b400000, 0x000000008b400000|100%| O|Cm|TAMS 0x000000008b300000| PB 0x000000008b300000| Complete 
| 180|0x000000008b400000, 0x000000008b500000, 0x000000008b500000|100%| O|Cm|TAMS 0x000000008b400000| PB 0x000000008b400000| Complete 
| 181|0x000000008b500000, 0x000000008b600000, 0x000000008b600000|100%| O|  |TAMS 0x000000008b500000| PB 0x000000008b500000| Untracked 
| 182|0x000000008b600000, 0x000000008b700000, 0x000000008b700000|100%| O|  |TAMS 0x000000008b600000| PB 0x000000008b600000| Untracked 
| 183|0x000000008b700000, 0x000000008b800000, 0x000000008b800000|100%| O|  |TAMS 0x000000008b700000| PB 0x000000008b700000| Untracked 
| 184|0x000000008b800000, 0x000000008b900000, 0x000000008b900000|100%| O|Cm|TAMS 0x000000008b800000| PB 0x000000008b800000| Complete 
| 185|0x000000008b900000, 0x000000008ba00000, 0x000000008ba00000|100%| O|  |TAMS 0x000000008b900000| PB 0x000000008b900000| Untracked 
| 186|0x000000008ba00000, 0x000000008bb00000, 0x000000008bb00000|100%|HS|  |TAMS 0x000000008ba00000| PB 0x000000008ba00000| Complete 
| 187|0x000000008bb00000, 0x000000008bc00000, 0x000000008bc00000|100%|HC|  |TAMS 0x000000008bb00000| PB 0x000000008bb00000| Complete 
| 188|0x000000008bc00000, 0x000000008bd00000, 0x000000008bd00000|100%|HC|  |TAMS 0x000000008bc00000| PB 0x000000008bc00000| Complete 
| 189|0x000000008bd00000, 0x000000008be00000, 0x000000008be00000|100%| O|  |TAMS 0x000000008bd00000| PB 0x000000008bd00000| Untracked 
| 190|0x000000008be00000, 0x000000008bf00000, 0x000000008bf00000|100%| O|  |TAMS 0x000000008be00000| PB 0x000000008be00000| Untracked 
| 191|0x000000008bf00000, 0x000000008c000000, 0x000000008c000000|100%|HS|  |TAMS 0x000000008bf00000| PB 0x000000008bf00000| Complete 
| 192|0x000000008c000000, 0x000000008c100000, 0x000000008c100000|100%|HC|  |TAMS 0x000000008c000000| PB 0x000000008c000000| Complete 
| 193|0x000000008c100000, 0x000000008c200000, 0x000000008c200000|100%| O|  |TAMS 0x000000008c100000| PB 0x000000008c100000| Untracked 
| 194|0x000000008c200000, 0x000000008c300000, 0x000000008c300000|100%| O|Cm|TAMS 0x000000008c200000| PB 0x000000008c200000| Complete 
| 195|0x000000008c300000, 0x000000008c400000, 0x000000008c400000|100%| O|  |TAMS 0x000000008c300000| PB 0x000000008c300000| Untracked 
| 196|0x000000008c400000, 0x000000008c500000, 0x000000008c500000|100%|HS|  |TAMS 0x000000008c400000| PB 0x000000008c400000| Complete 
| 197|0x000000008c500000, 0x000000008c600000, 0x000000008c600000|100%| O|  |TAMS 0x000000008c500000| PB 0x000000008c500000| Untracked 
| 198|0x000000008c600000, 0x000000008c700000, 0x000000008c700000|100%| O|  |TAMS 0x000000008c600000| PB 0x000000008c600000| Untracked 
| 199|0x000000008c700000, 0x000000008c800000, 0x000000008c800000|100%|HS|  |TAMS 0x000000008c700000| PB 0x000000008c700000| Complete 
| 200|0x000000008c800000, 0x000000008c900000, 0x000000008c900000|100%| O|  |TAMS 0x000000008c800000| PB 0x000000008c800000| Untracked 
| 201|0x000000008c900000, 0x000000008ca00000, 0x000000008ca00000|100%|HS|  |TAMS 0x000000008c900000| PB 0x000000008c900000| Complete 
| 202|0x000000008ca00000, 0x000000008cb00000, 0x000000008cb00000|100%|HC|  |TAMS 0x000000008ca00000| PB 0x000000008ca00000| Complete 
| 203|0x000000008cb00000, 0x000000008cc00000, 0x000000008cc00000|100%|HC|  |TAMS 0x000000008cb00000| PB 0x000000008cb00000| Complete 
| 204|0x000000008cc00000, 0x000000008cd00000, 0x000000008cd00000|100%|HC|  |TAMS 0x000000008cc00000| PB 0x000000008cc00000| Complete 
| 205|0x000000008cd00000, 0x000000008ce00000, 0x000000008ce00000|100%|HC|  |TAMS 0x000000008cd00000| PB 0x000000008cd00000| Complete 
| 206|0x000000008ce00000, 0x000000008cf00000, 0x000000008cf00000|100%|HS|  |TAMS 0x000000008ce00000| PB 0x000000008ce00000| Complete 
| 207|0x000000008cf00000, 0x000000008d000000, 0x000000008d000000|100%|HC|  |TAMS 0x000000008cf00000| PB 0x000000008cf00000| Complete 
| 208|0x000000008d000000, 0x000000008d100000, 0x000000008d100000|100%|HC|  |TAMS 0x000000008d000000| PB 0x000000008d000000| Complete 
| 209|0x000000008d100000, 0x000000008d200000, 0x000000008d200000|100%| O|  |TAMS 0x000000008d100000| PB 0x000000008d100000| Untracked 
| 210|0x000000008d200000, 0x000000008d300000, 0x000000008d300000|100%| O|  |TAMS 0x000000008d200000| PB 0x000000008d200000| Untracked 
| 211|0x000000008d300000, 0x000000008d400000, 0x000000008d400000|100%|HS|  |TAMS 0x000000008d300000| PB 0x000000008d300000| Complete 
| 212|0x000000008d400000, 0x000000008d500000, 0x000000008d500000|100%| O|  |TAMS 0x000000008d400000| PB 0x000000008d400000| Untracked 
| 213|0x000000008d500000, 0x000000008d600000, 0x000000008d600000|100%| O|  |TAMS 0x000000008d500000| PB 0x000000008d500000| Untracked 
| 214|0x000000008d600000, 0x000000008d700000, 0x000000008d700000|100%| O|  |TAMS 0x000000008d600000| PB 0x000000008d600000| Untracked 
| 215|0x000000008d700000, 0x000000008d800000, 0x000000008d800000|100%| O|  |TAMS 0x000000008d700000| PB 0x000000008d700000| Untracked 
| 216|0x000000008d800000, 0x000000008d900000, 0x000000008d900000|100%|HS|  |TAMS 0x000000008d800000| PB 0x000000008d800000| Complete 
| 217|0x000000008d900000, 0x000000008da00000, 0x000000008da00000|100%|HC|  |TAMS 0x000000008d900000| PB 0x000000008d900000| Complete 
| 218|0x000000008da00000, 0x000000008db00000, 0x000000008db00000|100%|HS|  |TAMS 0x000000008da00000| PB 0x000000008da00000| Complete 
| 219|0x000000008db00000, 0x000000008dc00000, 0x000000008dc00000|100%| O|  |TAMS 0x000000008db00000| PB 0x000000008db00000| Untracked 
| 220|0x000000008dc00000, 0x000000008dd00000, 0x000000008dd00000|100%| O|  |TAMS 0x000000008dc00000| PB 0x000000008dc00000| Untracked 
| 221|0x000000008dd00000, 0x000000008de00000, 0x000000008de00000|100%|HS|  |TAMS 0x000000008dd00000| PB 0x000000008dd00000| Complete 
| 222|0x000000008de00000, 0x000000008df00000, 0x000000008df00000|100%| O|  |TAMS 0x000000008de00000| PB 0x000000008de00000| Untracked 
| 223|0x000000008df00000, 0x000000008e000000, 0x000000008e000000|100%| O|  |TAMS 0x000000008df00000| PB 0x000000008df00000| Untracked 
| 224|0x000000008e000000, 0x000000008e100000, 0x000000008e100000|100%|HS|  |TAMS 0x000000008e000000| PB 0x000000008e000000| Complete 
| 225|0x000000008e100000, 0x000000008e200000, 0x000000008e200000|100%| O|  |TAMS 0x000000008e100000| PB 0x000000008e100000| Untracked 
| 226|0x000000008e200000, 0x000000008e300000, 0x000000008e300000|100%| O|  |TAMS 0x000000008e200000| PB 0x000000008e200000| Untracked 
| 227|0x000000008e300000, 0x000000008e400000, 0x000000008e400000|100%| O|  |TAMS 0x000000008e300000| PB 0x000000008e300000| Untracked 
| 228|0x000000008e400000, 0x000000008e500000, 0x000000008e500000|100%| O|  |TAMS 0x000000008e400000| PB 0x000000008e400000| Untracked 
| 229|0x000000008e500000, 0x000000008e600000, 0x000000008e600000|100%| O|  |TAMS 0x000000008e500000| PB 0x000000008e500000| Untracked 
| 230|0x000000008e600000, 0x000000008e700000, 0x000000008e700000|100%| O|  |TAMS 0x000000008e600000| PB 0x000000008e600000| Untracked 
| 231|0x000000008e700000, 0x000000008e800000, 0x000000008e800000|100%| O|  |TAMS 0x000000008e700000| PB 0x000000008e700000| Untracked 
| 232|0x000000008e800000, 0x000000008e900000, 0x000000008e900000|100%| O|  |TAMS 0x000000008e800000| PB 0x000000008e800000| Untracked 
| 233|0x000000008e900000, 0x000000008ea00000, 0x000000008ea00000|100%|HS|  |TAMS 0x000000008e900000| PB 0x000000008e900000| Complete 
| 234|0x000000008ea00000, 0x000000008eb00000, 0x000000008eb00000|100%|HC|  |TAMS 0x000000008ea00000| PB 0x000000008ea00000| Complete 
| 235|0x000000008eb00000, 0x000000008ec00000, 0x000000008ec00000|100%|HS|  |TAMS 0x000000008eb00000| PB 0x000000008eb00000| Complete 
| 236|0x000000008ec00000, 0x000000008ed00000, 0x000000008ed00000|100%|HC|  |TAMS 0x000000008ec00000| PB 0x000000008ec00000| Complete 
| 237|0x000000008ed00000, 0x000000008ee00000, 0x000000008ee00000|100%|HS|  |TAMS 0x000000008ed00000| PB 0x000000008ed00000| Complete 
| 238|0x000000008ee00000, 0x000000008ef00000, 0x000000008ef00000|100%|HC|  |TAMS 0x000000008ee00000| PB 0x000000008ee00000| Complete 
| 239|0x000000008ef00000, 0x000000008f000000, 0x000000008f000000|100%|HC|  |TAMS 0x000000008ef00000| PB 0x000000008ef00000| Complete 
| 240|0x000000008f000000, 0x000000008f100000, 0x000000008f100000|100%|HS|  |TAMS 0x000000008f000000| PB 0x000000008f000000| Complete 
| 241|0x000000008f100000, 0x000000008f200000, 0x000000008f200000|100%|HC|  |TAMS 0x000000008f100000| PB 0x000000008f100000| Complete 
| 242|0x000000008f200000, 0x000000008f300000, 0x000000008f300000|100%|HS|  |TAMS 0x000000008f200000| PB 0x000000008f200000| Complete 
| 243|0x000000008f300000, 0x000000008f400000, 0x000000008f400000|100%|HC|  |TAMS 0x000000008f300000| PB 0x000000008f300000| Complete 
| 244|0x000000008f400000, 0x000000008f500000, 0x000000008f500000|100%|HC|  |TAMS 0x000000008f400000| PB 0x000000008f400000| Complete 
| 245|0x000000008f500000, 0x000000008f600000, 0x000000008f600000|100%|HS|  |TAMS 0x000000008f500000| PB 0x000000008f500000| Complete 
| 246|0x000000008f600000, 0x000000008f700000, 0x000000008f700000|100%|HC|  |TAMS 0x000000008f600000| PB 0x000000008f600000| Complete 
| 247|0x000000008f700000, 0x000000008f800000, 0x000000008f800000|100%|HC|  |TAMS 0x000000008f700000| PB 0x000000008f700000| Complete 
| 248|0x000000008f800000, 0x000000008f900000, 0x000000008f900000|100%| O|  |TAMS 0x000000008f800000| PB 0x000000008f800000| Untracked 
| 249|0x000000008f900000, 0x000000008fa00000, 0x000000008fa00000|100%| O|  |TAMS 0x000000008f900000| PB 0x000000008f900000| Untracked 
| 250|0x000000008fa00000, 0x000000008fb00000, 0x000000008fb00000|100%| O|  |TAMS 0x000000008fa00000| PB 0x000000008fa00000| Untracked 
| 251|0x000000008fb00000, 0x000000008fc00000, 0x000000008fc00000|100%| O|  |TAMS 0x000000008fb00000| PB 0x000000008fb00000| Untracked 
| 252|0x000000008fc00000, 0x000000008fd00000, 0x000000008fd00000|100%| O|  |TAMS 0x000000008fc00000| PB 0x000000008fc00000| Untracked 
| 253|0x000000008fd00000, 0x000000008fe00000, 0x000000008fe00000|100%|HS|  |TAMS 0x000000008fd00000| PB 0x000000008fd00000| Complete 
| 254|0x000000008fe00000, 0x000000008ff00000, 0x000000008ff00000|100%| O|  |TAMS 0x000000008fe00000| PB 0x000000008fe00000| Untracked 
| 255|0x000000008ff00000, 0x0000000090000000, 0x0000000090000000|100%| O|  |TAMS 0x000000008ff00000| PB 0x000000008ff00000| Untracked 
| 256|0x0000000090000000, 0x0000000090100000, 0x0000000090100000|100%| O|  |TAMS 0x0000000090000000| PB 0x0000000090000000| Untracked 
| 257|0x0000000090100000, 0x0000000090200000, 0x0000000090200000|100%| O|Cm|TAMS 0x0000000090100000| PB 0x0000000090100000| Complete 
| 258|0x0000000090200000, 0x0000000090300000, 0x0000000090300000|100%| O|  |TAMS 0x0000000090200000| PB 0x0000000090200000| Untracked 
| 259|0x0000000090300000, 0x0000000090400000, 0x0000000090400000|100%|HS|  |TAMS 0x0000000090300000| PB 0x0000000090300000| Complete 
| 260|0x0000000090400000, 0x0000000090500000, 0x0000000090500000|100%| O|Cm|TAMS 0x0000000090400000| PB 0x0000000090400000| Complete 
| 261|0x0000000090500000, 0x0000000090600000, 0x0000000090600000|100%| O|Cm|TAMS 0x0000000090500000| PB 0x0000000090500000| Complete 
| 262|0x0000000090600000, 0x0000000090700000, 0x0000000090700000|100%|HS|  |TAMS 0x0000000090600000| PB 0x0000000090600000| Complete 
| 263|0x0000000090700000, 0x0000000090800000, 0x0000000090800000|100%|HC|  |TAMS 0x0000000090700000| PB 0x0000000090700000| Complete 
| 264|0x0000000090800000, 0x0000000090900000, 0x0000000090900000|100%| O|Cm|TAMS 0x0000000090800000| PB 0x0000000090800000| Complete 
| 265|0x0000000090900000, 0x0000000090a00000, 0x0000000090a00000|100%|HS|  |TAMS 0x0000000090900000| PB 0x0000000090900000| Complete 
| 266|0x0000000090a00000, 0x0000000090b00000, 0x0000000090b00000|100%|HC|  |TAMS 0x0000000090a00000| PB 0x0000000090a00000| Complete 
| 267|0x0000000090b00000, 0x0000000090c00000, 0x0000000090c00000|100%|HS|  |TAMS 0x0000000090b00000| PB 0x0000000090b00000| Complete 
| 268|0x0000000090c00000, 0x0000000090d00000, 0x0000000090d00000|100%| O|Cm|TAMS 0x0000000090c00000| PB 0x0000000090c00000| Complete 
| 269|0x0000000090d00000, 0x0000000090e00000, 0x0000000090e00000|100%|HS|  |TAMS 0x0000000090d00000| PB 0x0000000090d00000| Complete 
| 270|0x0000000090e00000, 0x0000000090f00000, 0x0000000090f00000|100%|HC|  |TAMS 0x0000000090e00000| PB 0x0000000090e00000| Complete 
| 271|0x0000000090f00000, 0x0000000091000000, 0x0000000091000000|100%|HS|  |TAMS 0x0000000090f00000| PB 0x0000000090f00000| Complete 
| 272|0x0000000091000000, 0x0000000091100000, 0x0000000091100000|100%| O|Cm|TAMS 0x0000000091000000| PB 0x0000000091000000| Complete 
| 273|0x0000000091100000, 0x0000000091200000, 0x0000000091200000|100%|HS|  |TAMS 0x0000000091100000| PB 0x0000000091100000| Complete 
| 274|0x0000000091200000, 0x0000000091300000, 0x0000000091300000|100%|HC|  |TAMS 0x0000000091200000| PB 0x0000000091200000| Complete 
| 275|0x0000000091300000, 0x0000000091400000, 0x0000000091400000|100%|HS|  |TAMS 0x0000000091300000| PB 0x0000000091300000| Complete 
| 276|0x0000000091400000, 0x0000000091500000, 0x0000000091500000|100%|HC|  |TAMS 0x0000000091400000| PB 0x0000000091400000| Complete 
| 277|0x0000000091500000, 0x0000000091600000, 0x0000000091600000|100%|HS|  |TAMS 0x0000000091500000| PB 0x0000000091500000| Complete 
| 278|0x0000000091600000, 0x0000000091700000, 0x0000000091700000|100%|HC|  |TAMS 0x0000000091600000| PB 0x0000000091600000| Complete 
| 279|0x0000000091700000, 0x0000000091800000, 0x0000000091800000|100%|HS|  |TAMS 0x0000000091700000| PB 0x0000000091700000| Complete 
| 280|0x0000000091800000, 0x0000000091900000, 0x0000000091900000|100%|HS|  |TAMS 0x0000000091800000| PB 0x0000000091800000| Complete 
| 281|0x0000000091900000, 0x0000000091a00000, 0x0000000091a00000|100%|HC|  |TAMS 0x0000000091900000| PB 0x0000000091900000| Complete 
| 282|0x0000000091a00000, 0x0000000091b00000, 0x0000000091b00000|100%|HS|  |TAMS 0x0000000091a00000| PB 0x0000000091a00000| Complete 
| 283|0x0000000091b00000, 0x0000000091c00000, 0x0000000091c00000|100%|HC|  |TAMS 0x0000000091b00000| PB 0x0000000091b00000| Complete 
| 284|0x0000000091c00000, 0x0000000091d00000, 0x0000000091d00000|100%|HS|  |TAMS 0x0000000091c00000| PB 0x0000000091c00000| Complete 
| 285|0x0000000091d00000, 0x0000000091e00000, 0x0000000091e00000|100%|HS|  |TAMS 0x0000000091d00000| PB 0x0000000091d00000| Complete 
| 286|0x0000000091e00000, 0x0000000091f00000, 0x0000000091f00000|100%|HC|  |TAMS 0x0000000091e00000| PB 0x0000000091e00000| Complete 
| 287|0x0000000091f00000, 0x0000000092000000, 0x0000000092000000|100%|HS|  |TAMS 0x0000000091f00000| PB 0x0000000091f00000| Complete 
| 288|0x0000000092000000, 0x0000000092100000, 0x0000000092100000|100%|HC|  |TAMS 0x0000000092000000| PB 0x0000000092000000| Complete 
| 289|0x0000000092100000, 0x0000000092200000, 0x0000000092200000|100%|HC|  |TAMS 0x0000000092100000| PB 0x0000000092100000| Complete 
| 290|0x0000000092200000, 0x0000000092300000, 0x0000000092300000|100%|HS|  |TAMS 0x0000000092200000| PB 0x0000000092200000| Complete 
| 291|0x0000000092300000, 0x0000000092400000, 0x0000000092400000|100%|HC|  |TAMS 0x0000000092300000| PB 0x0000000092300000| Complete 
| 292|0x0000000092400000, 0x0000000092500000, 0x0000000092500000|100%|HC|  |TAMS 0x0000000092400000| PB 0x0000000092400000| Complete 
| 293|0x0000000092500000, 0x0000000092600000, 0x0000000092600000|100%|HS|  |TAMS 0x0000000092500000| PB 0x0000000092500000| Complete 
| 294|0x0000000092600000, 0x0000000092700000, 0x0000000092700000|100%|HS|  |TAMS 0x0000000092600000| PB 0x0000000092600000| Complete 
| 295|0x0000000092700000, 0x0000000092700000, 0x0000000092800000|  0%| F|  |TAMS 0x0000000092700000| PB 0x0000000092700000| Untracked 
| 296|0x0000000092800000, 0x0000000092800000, 0x0000000092900000|  0%| F|  |TAMS 0x0000000092800000| PB 0x0000000092800000| Untracked 
| 297|0x0000000092900000, 0x0000000092900000, 0x0000000092a00000|  0%| F|  |TAMS 0x0000000092900000| PB 0x0000000092900000| Untracked 
| 298|0x0000000092a00000, 0x0000000092a00000, 0x0000000092b00000|  0%| F|  |TAMS 0x0000000092a00000| PB 0x0000000092a00000| Untracked 
| 299|0x0000000092b00000, 0x0000000092b00000, 0x0000000092c00000|  0%| F|  |TAMS 0x0000000092b00000| PB 0x0000000092b00000| Untracked 
| 300|0x0000000092c00000, 0x0000000092c00000, 0x0000000092d00000|  0%| F|  |TAMS 0x0000000092c00000| PB 0x0000000092c00000| Untracked 
| 301|0x0000000092d00000, 0x0000000092d00000, 0x0000000092e00000|  0%| F|  |TAMS 0x0000000092d00000| PB 0x0000000092d00000| Untracked 
| 302|0x0000000092e00000, 0x0000000092e00000, 0x0000000092f00000|  0%| F|  |TAMS 0x0000000092e00000| PB 0x0000000092e00000| Untracked 
| 303|0x0000000092f00000, 0x0000000092f00000, 0x0000000093000000|  0%| F|  |TAMS 0x0000000092f00000| PB 0x0000000092f00000| Untracked 
| 304|0x0000000093000000, 0x0000000093000000, 0x0000000093100000|  0%| F|  |TAMS 0x0000000093000000| PB 0x0000000093000000| Untracked 
| 305|0x0000000093100000, 0x0000000093100000, 0x0000000093200000|  0%| F|  |TAMS 0x0000000093100000| PB 0x0000000093100000| Untracked 
| 306|0x0000000093200000, 0x0000000093200000, 0x0000000093300000|  0%| F|  |TAMS 0x0000000093200000| PB 0x0000000093200000| Untracked 
| 307|0x0000000093300000, 0x0000000093300000, 0x0000000093400000|  0%| F|  |TAMS 0x0000000093300000| PB 0x0000000093300000| Untracked 
| 308|0x0000000093400000, 0x0000000093400000, 0x0000000093500000|  0%| F|  |TAMS 0x0000000093400000| PB 0x0000000093400000| Untracked 
| 309|0x0000000093500000, 0x0000000093500000, 0x0000000093600000|  0%| F|  |TAMS 0x0000000093500000| PB 0x0000000093500000| Untracked 
| 310|0x0000000093600000, 0x0000000093600000, 0x0000000093700000|  0%| F|  |TAMS 0x0000000093600000| PB 0x0000000093600000| Untracked 
| 311|0x0000000093700000, 0x0000000093700000, 0x0000000093800000|  0%| F|  |TAMS 0x0000000093700000| PB 0x0000000093700000| Untracked 
| 312|0x0000000093800000, 0x0000000093800000, 0x0000000093900000|  0%| F|  |TAMS 0x0000000093800000| PB 0x0000000093800000| Untracked 
| 313|0x0000000093900000, 0x0000000093900000, 0x0000000093a00000|  0%| F|  |TAMS 0x0000000093900000| PB 0x0000000093900000| Untracked 
| 314|0x0000000093a00000, 0x0000000093a00000, 0x0000000093b00000|  0%| F|  |TAMS 0x0000000093a00000| PB 0x0000000093a00000| Untracked 
| 315|0x0000000093b00000, 0x0000000093b00000, 0x0000000093c00000|  0%| F|  |TAMS 0x0000000093b00000| PB 0x0000000093b00000| Untracked 
| 316|0x0000000093c00000, 0x0000000093c00000, 0x0000000093d00000|  0%| F|  |TAMS 0x0000000093c00000| PB 0x0000000093c00000| Untracked 
| 317|0x0000000093d00000, 0x0000000093d00000, 0x0000000093e00000|  0%| F|  |TAMS 0x0000000093d00000| PB 0x0000000093d00000| Untracked 
| 318|0x0000000093e00000, 0x0000000093e00000, 0x0000000093f00000|  0%| F|  |TAMS 0x0000000093e00000| PB 0x0000000093e00000| Untracked 
| 319|0x0000000093f00000, 0x0000000093f00000, 0x0000000094000000|  0%| F|  |TAMS 0x0000000093f00000| PB 0x0000000093f00000| Untracked 
| 320|0x0000000094000000, 0x0000000094000000, 0x0000000094100000|  0%| F|  |TAMS 0x0000000094000000| PB 0x0000000094000000| Untracked 
| 321|0x0000000094100000, 0x0000000094100000, 0x0000000094200000|  0%| F|  |TAMS 0x0000000094100000| PB 0x0000000094100000| Untracked 
| 322|0x0000000094200000, 0x0000000094200000, 0x0000000094300000|  0%| F|  |TAMS 0x0000000094200000| PB 0x0000000094200000| Untracked 
| 323|0x0000000094300000, 0x0000000094300000, 0x0000000094400000|  0%| F|  |TAMS 0x0000000094300000| PB 0x0000000094300000| Untracked 
| 324|0x0000000094400000, 0x0000000094400000, 0x0000000094500000|  0%| F|  |TAMS 0x0000000094400000| PB 0x0000000094400000| Untracked 
| 325|0x0000000094500000, 0x0000000094500000, 0x0000000094600000|  0%| F|  |TAMS 0x0000000094500000| PB 0x0000000094500000| Untracked 
| 326|0x0000000094600000, 0x0000000094600000, 0x0000000094700000|  0%| F|  |TAMS 0x0000000094600000| PB 0x0000000094600000| Untracked 
| 327|0x0000000094700000, 0x0000000094700000, 0x0000000094800000|  0%| F|  |TAMS 0x0000000094700000| PB 0x0000000094700000| Untracked 
| 328|0x0000000094800000, 0x0000000094800000, 0x0000000094900000|  0%| F|  |TAMS 0x0000000094800000| PB 0x0000000094800000| Untracked 
| 329|0x0000000094900000, 0x0000000094900000, 0x0000000094a00000|  0%| F|  |TAMS 0x0000000094900000| PB 0x0000000094900000| Untracked 
| 330|0x0000000094a00000, 0x0000000094a00000, 0x0000000094b00000|  0%| F|  |TAMS 0x0000000094a00000| PB 0x0000000094a00000| Untracked 
| 331|0x0000000094b00000, 0x0000000094b00000, 0x0000000094c00000|  0%| F|  |TAMS 0x0000000094b00000| PB 0x0000000094b00000| Untracked 
| 332|0x0000000094c00000, 0x0000000094c00000, 0x0000000094d00000|  0%| F|  |TAMS 0x0000000094c00000| PB 0x0000000094c00000| Untracked 
| 333|0x0000000094d00000, 0x0000000094d00000, 0x0000000094e00000|  0%| F|  |TAMS 0x0000000094d00000| PB 0x0000000094d00000| Untracked 
| 334|0x0000000094e00000, 0x0000000094e00000, 0x0000000094f00000|  0%| F|  |TAMS 0x0000000094e00000| PB 0x0000000094e00000| Untracked 
| 335|0x0000000094f00000, 0x0000000094f00000, 0x0000000095000000|  0%| F|  |TAMS 0x0000000094f00000| PB 0x0000000094f00000| Untracked 
| 336|0x0000000095000000, 0x0000000095000000, 0x0000000095100000|  0%| F|  |TAMS 0x0000000095000000| PB 0x0000000095000000| Untracked 
| 337|0x0000000095100000, 0x0000000095100000, 0x0000000095200000|  0%| F|  |TAMS 0x0000000095100000| PB 0x0000000095100000| Untracked 
| 338|0x0000000095200000, 0x0000000095200000, 0x0000000095300000|  0%| F|  |TAMS 0x0000000095200000| PB 0x0000000095200000| Untracked 
| 339|0x0000000095300000, 0x0000000095300000, 0x0000000095400000|  0%| F|  |TAMS 0x0000000095300000| PB 0x0000000095300000| Untracked 
| 340|0x0000000095400000, 0x0000000095400000, 0x0000000095500000|  0%| F|  |TAMS 0x0000000095400000| PB 0x0000000095400000| Untracked 
| 341|0x0000000095500000, 0x0000000095500000, 0x0000000095600000|  0%| F|  |TAMS 0x0000000095500000| PB 0x0000000095500000| Untracked 
| 342|0x0000000095600000, 0x0000000095600000, 0x0000000095700000|  0%| F|  |TAMS 0x0000000095600000| PB 0x0000000095600000| Untracked 
| 343|0x0000000095700000, 0x0000000095700000, 0x0000000095800000|  0%| F|  |TAMS 0x0000000095700000| PB 0x0000000095700000| Untracked 
| 344|0x0000000095800000, 0x0000000095800000, 0x0000000095900000|  0%| F|  |TAMS 0x0000000095800000| PB 0x0000000095800000| Untracked 
| 345|0x0000000095900000, 0x0000000095900000, 0x0000000095a00000|  0%| F|  |TAMS 0x0000000095900000| PB 0x0000000095900000| Untracked 
| 346|0x0000000095a00000, 0x0000000095a00000, 0x0000000095b00000|  0%| F|  |TAMS 0x0000000095a00000| PB 0x0000000095a00000| Untracked 
| 347|0x0000000095b00000, 0x0000000095b00000, 0x0000000095c00000|  0%| F|  |TAMS 0x0000000095b00000| PB 0x0000000095b00000| Untracked 
| 348|0x0000000095c00000, 0x0000000095c00000, 0x0000000095d00000|  0%| F|  |TAMS 0x0000000095c00000| PB 0x0000000095c00000| Untracked 
| 349|0x0000000095d00000, 0x0000000095d00000, 0x0000000095e00000|  0%| F|  |TAMS 0x0000000095d00000| PB 0x0000000095d00000| Untracked 
| 350|0x0000000095e00000, 0x0000000095e00000, 0x0000000095f00000|  0%| F|  |TAMS 0x0000000095e00000| PB 0x0000000095e00000| Untracked 
| 351|0x0000000095f00000, 0x0000000095f00000, 0x0000000096000000|  0%| F|  |TAMS 0x0000000095f00000| PB 0x0000000095f00000| Untracked 
| 352|0x0000000096000000, 0x0000000096000000, 0x0000000096100000|  0%| F|  |TAMS 0x0000000096000000| PB 0x0000000096000000| Untracked 
| 353|0x0000000096100000, 0x0000000096100000, 0x0000000096200000|  0%| F|  |TAMS 0x0000000096100000| PB 0x0000000096100000| Untracked 
| 354|0x0000000096200000, 0x00000000962a5448, 0x0000000096300000| 64%| E|  |TAMS 0x0000000096200000| PB 0x0000000096200000| Complete 
| 355|0x0000000096300000, 0x0000000096400000, 0x0000000096400000|100%| E|CS|TAMS 0x0000000096300000| PB 0x0000000096300000| Complete 
| 356|0x0000000096400000, 0x0000000096500000, 0x0000000096500000|100%| E|CS|TAMS 0x0000000096400000| PB 0x0000000096400000| Complete 
| 357|0x0000000096500000, 0x0000000096600000, 0x0000000096600000|100%| E|CS|TAMS 0x0000000096500000| PB 0x0000000096500000| Complete 
| 358|0x0000000096600000, 0x0000000096700000, 0x0000000096700000|100%| E|CS|TAMS 0x0000000096600000| PB 0x0000000096600000| Complete 
| 359|0x0000000096700000, 0x0000000096800000, 0x0000000096800000|100%| E|CS|TAMS 0x0000000096700000| PB 0x0000000096700000| Complete 
| 360|0x0000000096800000, 0x0000000096900000, 0x0000000096900000|100%| E|CS|TAMS 0x0000000096800000| PB 0x0000000096800000| Complete 
| 361|0x0000000096900000, 0x0000000096a00000, 0x0000000096a00000|100%| E|CS|TAMS 0x0000000096900000| PB 0x0000000096900000| Complete 
| 362|0x0000000096a00000, 0x0000000096b00000, 0x0000000096b00000|100%| E|CS|TAMS 0x0000000096a00000| PB 0x0000000096a00000| Complete 
| 363|0x0000000096b00000, 0x0000000096c00000, 0x0000000096c00000|100%| E|CS|TAMS 0x0000000096b00000| PB 0x0000000096b00000| Complete 
| 364|0x0000000096c00000, 0x0000000096d00000, 0x0000000096d00000|100%| E|CS|TAMS 0x0000000096c00000| PB 0x0000000096c00000| Complete 
| 365|0x0000000096d00000, 0x0000000096e00000, 0x0000000096e00000|100%| E|CS|TAMS 0x0000000096d00000| PB 0x0000000096d00000| Complete 
| 366|0x0000000096e00000, 0x0000000096f00000, 0x0000000096f00000|100%| E|CS|TAMS 0x0000000096e00000| PB 0x0000000096e00000| Complete 
| 367|0x0000000096f00000, 0x0000000097000000, 0x0000000097000000|100%| E|CS|TAMS 0x0000000096f00000| PB 0x0000000096f00000| Complete 
| 368|0x0000000097000000, 0x0000000097100000, 0x0000000097100000|100%| E|CS|TAMS 0x0000000097000000| PB 0x0000000097000000| Complete 
| 369|0x0000000097100000, 0x0000000097200000, 0x0000000097200000|100%| E|CS|TAMS 0x0000000097100000| PB 0x0000000097100000| Complete 
| 370|0x0000000097200000, 0x0000000097300000, 0x0000000097300000|100%| E|CS|TAMS 0x0000000097200000| PB 0x0000000097200000| Complete 
| 371|0x0000000097300000, 0x0000000097400000, 0x0000000097400000|100%| E|CS|TAMS 0x0000000097300000| PB 0x0000000097300000| Complete 
| 372|0x0000000097400000, 0x0000000097500000, 0x0000000097500000|100%| E|CS|TAMS 0x0000000097400000| PB 0x0000000097400000| Complete 
| 373|0x0000000097500000, 0x0000000097600000, 0x0000000097600000|100%| E|CS|TAMS 0x0000000097500000| PB 0x0000000097500000| Complete 
| 374|0x0000000097600000, 0x0000000097700000, 0x0000000097700000|100%| E|CS|TAMS 0x0000000097600000| PB 0x0000000097600000| Complete 
| 375|0x0000000097700000, 0x0000000097800000, 0x0000000097800000|100%| E|CS|TAMS 0x0000000097700000| PB 0x0000000097700000| Complete 
| 376|0x0000000097800000, 0x0000000097900000, 0x0000000097900000|100%| E|CS|TAMS 0x0000000097800000| PB 0x0000000097800000| Complete 
| 377|0x0000000097900000, 0x0000000097a00000, 0x0000000097a00000|100%| E|CS|TAMS 0x0000000097900000| PB 0x0000000097900000| Complete 
| 378|0x0000000097a00000, 0x0000000097b00000, 0x0000000097b00000|100%| E|CS|TAMS 0x0000000097a00000| PB 0x0000000097a00000| Complete 
| 379|0x0000000097b00000, 0x0000000097c00000, 0x0000000097c00000|100%| E|CS|TAMS 0x0000000097b00000| PB 0x0000000097b00000| Complete 
| 380|0x0000000097c00000, 0x0000000097d00000, 0x0000000097d00000|100%| E|CS|TAMS 0x0000000097c00000| PB 0x0000000097c00000| Complete 
| 381|0x0000000097d00000, 0x0000000097e00000, 0x0000000097e00000|100%| E|CS|TAMS 0x0000000097d00000| PB 0x0000000097d00000| Complete 
| 382|0x0000000097e00000, 0x0000000097f00000, 0x0000000097f00000|100%| E|CS|TAMS 0x0000000097e00000| PB 0x0000000097e00000| Complete 
| 383|0x0000000097f00000, 0x0000000098000000, 0x0000000098000000|100%| E|CS|TAMS 0x0000000097f00000| PB 0x0000000097f00000| Complete 
| 384|0x0000000098000000, 0x0000000098100000, 0x0000000098100000|100%| E|CS|TAMS 0x0000000098000000| PB 0x0000000098000000| Complete 
| 385|0x0000000098100000, 0x0000000098200000, 0x0000000098200000|100%| E|CS|TAMS 0x0000000098100000| PB 0x0000000098100000| Complete 
| 386|0x0000000098200000, 0x0000000098300000, 0x0000000098300000|100%| E|  |TAMS 0x0000000098200000| PB 0x0000000098200000| Complete 
| 387|0x0000000098300000, 0x0000000098400000, 0x0000000098400000|100%| E|CS|TAMS 0x0000000098300000| PB 0x0000000098300000| Complete 
| 388|0x0000000098400000, 0x0000000098500000, 0x0000000098500000|100%| E|CS|TAMS 0x0000000098400000| PB 0x0000000098400000| Complete 
| 389|0x0000000098500000, 0x0000000098600000, 0x0000000098600000|100%| E|CS|TAMS 0x0000000098500000| PB 0x0000000098500000| Complete 
| 390|0x0000000098600000, 0x0000000098700000, 0x0000000098700000|100%| E|CS|TAMS 0x0000000098600000| PB 0x0000000098600000| Complete 
| 391|0x0000000098700000, 0x0000000098800000, 0x0000000098800000|100%| E|CS|TAMS 0x0000000098700000| PB 0x0000000098700000| Complete 
| 392|0x0000000098800000, 0x0000000098900000, 0x0000000098900000|100%| E|CS|TAMS 0x0000000098800000| PB 0x0000000098800000| Complete 
| 393|0x0000000098900000, 0x0000000098a00000, 0x0000000098a00000|100%| E|CS|TAMS 0x0000000098900000| PB 0x0000000098900000| Complete 
| 394|0x0000000098a00000, 0x0000000098b00000, 0x0000000098b00000|100%| E|CS|TAMS 0x0000000098a00000| PB 0x0000000098a00000| Complete 
| 395|0x0000000098b00000, 0x0000000098c00000, 0x0000000098c00000|100%| E|CS|TAMS 0x0000000098b00000| PB 0x0000000098b00000| Complete 
| 396|0x0000000098c00000, 0x0000000098d00000, 0x0000000098d00000|100%| E|CS|TAMS 0x0000000098c00000| PB 0x0000000098c00000| Complete 
| 397|0x0000000098d00000, 0x0000000098e00000, 0x0000000098e00000|100%| E|CS|TAMS 0x0000000098d00000| PB 0x0000000098d00000| Complete 
| 398|0x0000000098e00000, 0x0000000098f00000, 0x0000000098f00000|100%| E|CS|TAMS 0x0000000098e00000| PB 0x0000000098e00000| Complete 
| 399|0x0000000098f00000, 0x0000000099000000, 0x0000000099000000|100%| E|CS|TAMS 0x0000000098f00000| PB 0x0000000098f00000| Complete 
| 400|0x0000000099000000, 0x0000000099100000, 0x0000000099100000|100%| E|CS|TAMS 0x0000000099000000| PB 0x0000000099000000| Complete 
| 401|0x0000000099100000, 0x0000000099200000, 0x0000000099200000|100%| E|CS|TAMS 0x0000000099100000| PB 0x0000000099100000| Complete 
| 402|0x0000000099200000, 0x0000000099300000, 0x0000000099300000|100%| E|CS|TAMS 0x0000000099200000| PB 0x0000000099200000| Complete 
| 403|0x0000000099300000, 0x0000000099400000, 0x0000000099400000|100%| E|CS|TAMS 0x0000000099300000| PB 0x0000000099300000| Complete 
| 404|0x0000000099400000, 0x0000000099500000, 0x0000000099500000|100%| E|CS|TAMS 0x0000000099400000| PB 0x0000000099400000| Complete 
| 405|0x0000000099500000, 0x0000000099600000, 0x0000000099600000|100%| E|CS|TAMS 0x0000000099500000| PB 0x0000000099500000| Complete 
| 406|0x0000000099600000, 0x0000000099700000, 0x0000000099700000|100%| E|CS|TAMS 0x0000000099600000| PB 0x0000000099600000| Complete 
| 407|0x0000000099700000, 0x0000000099800000, 0x0000000099800000|100%| E|CS|TAMS 0x0000000099700000| PB 0x0000000099700000| Complete 
| 408|0x0000000099800000, 0x0000000099900000, 0x0000000099900000|100%| E|CS|TAMS 0x0000000099800000| PB 0x0000000099800000| Complete 
| 409|0x0000000099900000, 0x0000000099a00000, 0x0000000099a00000|100%| E|CS|TAMS 0x0000000099900000| PB 0x0000000099900000| Complete 
| 410|0x0000000099a00000, 0x0000000099b00000, 0x0000000099b00000|100%| E|CS|TAMS 0x0000000099a00000| PB 0x0000000099a00000| Complete 
| 411|0x0000000099b00000, 0x0000000099c00000, 0x0000000099c00000|100%| E|CS|TAMS 0x0000000099b00000| PB 0x0000000099b00000| Complete 
| 412|0x0000000099c00000, 0x0000000099d00000, 0x0000000099d00000|100%| E|CS|TAMS 0x0000000099c00000| PB 0x0000000099c00000| Complete 
| 413|0x0000000099d00000, 0x0000000099e00000, 0x0000000099e00000|100%| E|CS|TAMS 0x0000000099d00000| PB 0x0000000099d00000| Complete 
| 414|0x0000000099e00000, 0x0000000099f00000, 0x0000000099f00000|100%| E|CS|TAMS 0x0000000099e00000| PB 0x0000000099e00000| Complete 
| 415|0x0000000099f00000, 0x000000009a000000, 0x000000009a000000|100%| E|CS|TAMS 0x0000000099f00000| PB 0x0000000099f00000| Complete 
| 416|0x000000009a000000, 0x000000009a100000, 0x000000009a100000|100%| E|CS|TAMS 0x000000009a000000| PB 0x000000009a000000| Complete 
| 417|0x000000009a100000, 0x000000009a200000, 0x000000009a200000|100%| E|CS|TAMS 0x000000009a100000| PB 0x000000009a100000| Complete 
| 418|0x000000009a200000, 0x000000009a300000, 0x000000009a300000|100%| E|CS|TAMS 0x000000009a200000| PB 0x000000009a200000| Complete 
| 419|0x000000009a300000, 0x000000009a400000, 0x000000009a400000|100%| E|CS|TAMS 0x000000009a300000| PB 0x000000009a300000| Complete 
| 420|0x000000009a400000, 0x000000009a500000, 0x000000009a500000|100%| E|CS|TAMS 0x000000009a400000| PB 0x000000009a400000| Complete 
| 421|0x000000009a500000, 0x000000009a600000, 0x000000009a600000|100%| E|CS|TAMS 0x000000009a500000| PB 0x000000009a500000| Complete 
| 422|0x000000009a600000, 0x000000009a700000, 0x000000009a700000|100%| E|CS|TAMS 0x000000009a600000| PB 0x000000009a600000| Complete 
| 423|0x000000009a700000, 0x000000009a800000, 0x000000009a800000|100%| E|CS|TAMS 0x000000009a700000| PB 0x000000009a700000| Complete 
| 424|0x000000009a800000, 0x000000009a900000, 0x000000009a900000|100%| E|CS|TAMS 0x000000009a800000| PB 0x000000009a800000| Complete 
| 425|0x000000009a900000, 0x000000009aa00000, 0x000000009aa00000|100%| E|CS|TAMS 0x000000009a900000| PB 0x000000009a900000| Complete 
| 426|0x000000009aa00000, 0x000000009ab00000, 0x000000009ab00000|100%| E|CS|TAMS 0x000000009aa00000| PB 0x000000009aa00000| Complete 
| 427|0x000000009ab00000, 0x000000009ac00000, 0x000000009ac00000|100%| E|CS|TAMS 0x000000009ab00000| PB 0x000000009ab00000| Complete 
| 428|0x000000009ac00000, 0x000000009ad00000, 0x000000009ad00000|100%| E|CS|TAMS 0x000000009ac00000| PB 0x000000009ac00000| Complete 
| 429|0x000000009ad00000, 0x000000009ae00000, 0x000000009ae00000|100%| E|CS|TAMS 0x000000009ad00000| PB 0x000000009ad00000| Complete 
| 430|0x000000009ae00000, 0x000000009af00000, 0x000000009af00000|100%| E|CS|TAMS 0x000000009ae00000| PB 0x000000009ae00000| Complete 
| 431|0x000000009af00000, 0x000000009b000000, 0x000000009b000000|100%| E|CS|TAMS 0x000000009af00000| PB 0x000000009af00000| Complete 
| 432|0x000000009b000000, 0x000000009b100000, 0x000000009b100000|100%| E|CS|TAMS 0x000000009b000000| PB 0x000000009b000000| Complete 
| 433|0x000000009b100000, 0x000000009b200000, 0x000000009b200000|100%| E|CS|TAMS 0x000000009b100000| PB 0x000000009b100000| Complete 
| 434|0x000000009b200000, 0x000000009b300000, 0x000000009b300000|100%| E|CS|TAMS 0x000000009b200000| PB 0x000000009b200000| Complete 
| 435|0x000000009b300000, 0x000000009b400000, 0x000000009b400000|100%| E|CS|TAMS 0x000000009b300000| PB 0x000000009b300000| Complete 
| 436|0x000000009b400000, 0x000000009b500000, 0x000000009b500000|100%| E|CS|TAMS 0x000000009b400000| PB 0x000000009b400000| Complete 
| 437|0x000000009b500000, 0x000000009b600000, 0x000000009b600000|100%| E|CS|TAMS 0x000000009b500000| PB 0x000000009b500000| Complete 
| 438|0x000000009b600000, 0x000000009b700000, 0x000000009b700000|100%| E|CS|TAMS 0x000000009b600000| PB 0x000000009b600000| Complete 
| 439|0x000000009b700000, 0x000000009b800000, 0x000000009b800000|100%| E|CS|TAMS 0x000000009b700000| PB 0x000000009b700000| Complete 
| 440|0x000000009b800000, 0x000000009b900000, 0x000000009b900000|100%| E|CS|TAMS 0x000000009b800000| PB 0x000000009b800000| Complete 
| 441|0x000000009b900000, 0x000000009ba00000, 0x000000009ba00000|100%| E|CS|TAMS 0x000000009b900000| PB 0x000000009b900000| Complete 
| 442|0x000000009ba00000, 0x000000009bb00000, 0x000000009bb00000|100%| E|CS|TAMS 0x000000009ba00000| PB 0x000000009ba00000| Complete 
| 443|0x000000009bb00000, 0x000000009bc00000, 0x000000009bc00000|100%| E|CS|TAMS 0x000000009bb00000| PB 0x000000009bb00000| Complete 
| 444|0x000000009bc00000, 0x000000009bd00000, 0x000000009bd00000|100%| E|CS|TAMS 0x000000009bc00000| PB 0x000000009bc00000| Complete 
| 445|0x000000009bd00000, 0x000000009be00000, 0x000000009be00000|100%| E|CS|TAMS 0x000000009bd00000| PB 0x000000009bd00000| Complete 
| 446|0x000000009be00000, 0x000000009bf00000, 0x000000009bf00000|100%| E|CS|TAMS 0x000000009be00000| PB 0x000000009be00000| Complete 
| 447|0x000000009bf00000, 0x000000009c000000, 0x000000009c000000|100%| E|CS|TAMS 0x000000009bf00000| PB 0x000000009bf00000| Complete 
| 448|0x000000009c000000, 0x000000009c100000, 0x000000009c100000|100%| E|CS|TAMS 0x000000009c000000| PB 0x000000009c000000| Complete 
| 449|0x000000009c100000, 0x000000009c200000, 0x000000009c200000|100%| E|CS|TAMS 0x000000009c100000| PB 0x000000009c100000| Complete 
| 450|0x000000009c200000, 0x000000009c300000, 0x000000009c300000|100%| E|CS|TAMS 0x000000009c200000| PB 0x000000009c200000| Complete 
| 451|0x000000009c300000, 0x000000009c400000, 0x000000009c400000|100%| E|CS|TAMS 0x000000009c300000| PB 0x000000009c300000| Complete 
| 452|0x000000009c400000, 0x000000009c500000, 0x000000009c500000|100%| E|CS|TAMS 0x000000009c400000| PB 0x000000009c400000| Complete 
| 453|0x000000009c500000, 0x000000009c600000, 0x000000009c600000|100%| E|CS|TAMS 0x000000009c500000| PB 0x000000009c500000| Complete 
| 454|0x000000009c600000, 0x000000009c700000, 0x000000009c700000|100%| E|CS|TAMS 0x000000009c600000| PB 0x000000009c600000| Complete 
| 455|0x000000009c700000, 0x000000009c800000, 0x000000009c800000|100%| E|CS|TAMS 0x000000009c700000| PB 0x000000009c700000| Complete 
| 456|0x000000009c800000, 0x000000009c900000, 0x000000009c900000|100%| E|CS|TAMS 0x000000009c800000| PB 0x000000009c800000| Complete 
| 457|0x000000009c900000, 0x000000009ca00000, 0x000000009ca00000|100%| E|CS|TAMS 0x000000009c900000| PB 0x000000009c900000| Complete 
| 458|0x000000009ca00000, 0x000000009cb00000, 0x000000009cb00000|100%| E|CS|TAMS 0x000000009ca00000| PB 0x000000009ca00000| Complete 
| 459|0x000000009cb00000, 0x000000009cc00000, 0x000000009cc00000|100%| E|CS|TAMS 0x000000009cb00000| PB 0x000000009cb00000| Complete 
| 460|0x000000009cc00000, 0x000000009cd00000, 0x000000009cd00000|100%| E|CS|TAMS 0x000000009cc00000| PB 0x000000009cc00000| Complete 
| 461|0x000000009cd00000, 0x000000009ce00000, 0x000000009ce00000|100%| E|CS|TAMS 0x000000009cd00000| PB 0x000000009cd00000| Complete 
| 462|0x000000009ce00000, 0x000000009cf00000, 0x000000009cf00000|100%| E|CS|TAMS 0x000000009ce00000| PB 0x000000009ce00000| Complete 
| 463|0x000000009cf00000, 0x000000009d000000, 0x000000009d000000|100%| E|CS|TAMS 0x000000009cf00000| PB 0x000000009cf00000| Complete 
| 464|0x000000009d000000, 0x000000009d100000, 0x000000009d100000|100%| E|CS|TAMS 0x000000009d000000| PB 0x000000009d000000| Complete 
| 465|0x000000009d100000, 0x000000009d200000, 0x000000009d200000|100%| E|CS|TAMS 0x000000009d100000| PB 0x000000009d100000| Complete 
| 466|0x000000009d200000, 0x000000009d300000, 0x000000009d300000|100%| E|CS|TAMS 0x000000009d200000| PB 0x000000009d200000| Complete 
| 467|0x000000009d300000, 0x000000009d400000, 0x000000009d400000|100%| E|CS|TAMS 0x000000009d300000| PB 0x000000009d300000| Complete 
| 468|0x000000009d400000, 0x000000009d500000, 0x000000009d500000|100%| E|CS|TAMS 0x000000009d400000| PB 0x000000009d400000| Complete 
| 469|0x000000009d500000, 0x000000009d600000, 0x000000009d600000|100%| E|CS|TAMS 0x000000009d500000| PB 0x000000009d500000| Complete 
| 470|0x000000009d600000, 0x000000009d700000, 0x000000009d700000|100%| E|CS|TAMS 0x000000009d600000| PB 0x000000009d600000| Complete 
| 471|0x000000009d700000, 0x000000009d800000, 0x000000009d800000|100%| E|CS|TAMS 0x000000009d700000| PB 0x000000009d700000| Complete 
| 472|0x000000009d800000, 0x000000009d900000, 0x000000009d900000|100%| E|CS|TAMS 0x000000009d800000| PB 0x000000009d800000| Complete 
| 473|0x000000009d900000, 0x000000009da00000, 0x000000009da00000|100%| E|CS|TAMS 0x000000009d900000| PB 0x000000009d900000| Complete 
| 474|0x000000009da00000, 0x000000009db00000, 0x000000009db00000|100%| E|CS|TAMS 0x000000009da00000| PB 0x000000009da00000| Complete 
| 475|0x000000009db00000, 0x000000009dc00000, 0x000000009dc00000|100%| E|CS|TAMS 0x000000009db00000| PB 0x000000009db00000| Complete 
| 476|0x000000009dc00000, 0x000000009dd00000, 0x000000009dd00000|100%| E|CS|TAMS 0x000000009dc00000| PB 0x000000009dc00000| Complete 
| 477|0x000000009dd00000, 0x000000009de00000, 0x000000009de00000|100%| E|CS|TAMS 0x000000009dd00000| PB 0x000000009dd00000| Complete 
| 478|0x000000009de00000, 0x000000009df00000, 0x000000009df00000|100%| E|CS|TAMS 0x000000009de00000| PB 0x000000009de00000| Complete 
| 479|0x000000009df00000, 0x000000009e000000, 0x000000009e000000|100%| E|CS|TAMS 0x000000009df00000| PB 0x000000009df00000| Complete 
| 480|0x000000009e000000, 0x000000009e100000, 0x000000009e100000|100%| E|CS|TAMS 0x000000009e000000| PB 0x000000009e000000| Complete 
| 481|0x000000009e100000, 0x000000009e200000, 0x000000009e200000|100%| E|CS|TAMS 0x000000009e100000| PB 0x000000009e100000| Complete 
| 482|0x000000009e200000, 0x000000009e300000, 0x000000009e300000|100%| E|CS|TAMS 0x000000009e200000| PB 0x000000009e200000| Complete 
| 483|0x000000009e300000, 0x000000009e400000, 0x000000009e400000|100%| E|CS|TAMS 0x000000009e300000| PB 0x000000009e300000| Complete 
| 484|0x000000009e400000, 0x000000009e500000, 0x000000009e500000|100%| E|CS|TAMS 0x000000009e400000| PB 0x000000009e400000| Complete 
| 485|0x000000009e500000, 0x000000009e600000, 0x000000009e600000|100%| E|CS|TAMS 0x000000009e500000| PB 0x000000009e500000| Complete 
| 486|0x000000009e600000, 0x000000009e700000, 0x000000009e700000|100%| E|CS|TAMS 0x000000009e600000| PB 0x000000009e600000| Complete 
| 487|0x000000009e700000, 0x000000009e800000, 0x000000009e800000|100%| E|CS|TAMS 0x000000009e700000| PB 0x000000009e700000| Complete 
| 488|0x000000009e800000, 0x000000009e900000, 0x000000009e900000|100%| E|CS|TAMS 0x000000009e800000| PB 0x000000009e800000| Complete 
| 489|0x000000009e900000, 0x000000009ea00000, 0x000000009ea00000|100%| E|CS|TAMS 0x000000009e900000| PB 0x000000009e900000| Complete 
| 490|0x000000009ea00000, 0x000000009eb00000, 0x000000009eb00000|100%| E|CS|TAMS 0x000000009ea00000| PB 0x000000009ea00000| Complete 
| 491|0x000000009eb00000, 0x000000009ec00000, 0x000000009ec00000|100%| E|CS|TAMS 0x000000009eb00000| PB 0x000000009eb00000| Complete 
| 492|0x000000009ec00000, 0x000000009ed00000, 0x000000009ed00000|100%| E|CS|TAMS 0x000000009ec00000| PB 0x000000009ec00000| Complete 
| 493|0x000000009ed00000, 0x000000009ee00000, 0x000000009ee00000|100%| E|CS|TAMS 0x000000009ed00000| PB 0x000000009ed00000| Complete 
| 494|0x000000009ee00000, 0x000000009ef00000, 0x000000009ef00000|100%| E|CS|TAMS 0x000000009ee00000| PB 0x000000009ee00000| Complete 
| 495|0x000000009ef00000, 0x000000009f000000, 0x000000009f000000|100%| E|CS|TAMS 0x000000009ef00000| PB 0x000000009ef00000| Complete 
| 496|0x000000009f000000, 0x000000009f100000, 0x000000009f100000|100%| E|CS|TAMS 0x000000009f000000| PB 0x000000009f000000| Complete 
| 497|0x000000009f100000, 0x000000009f200000, 0x000000009f200000|100%| E|CS|TAMS 0x000000009f100000| PB 0x000000009f100000| Complete 
| 498|0x000000009f200000, 0x000000009f270048, 0x000000009f300000| 43%| S|CS|TAMS 0x000000009f200000| PB 0x000000009f200000| Complete 
| 499|0x000000009f300000, 0x000000009f400000, 0x000000009f400000|100%| S|CS|TAMS 0x000000009f300000| PB 0x000000009f300000| Complete 
| 500|0x000000009f400000, 0x000000009f500000, 0x000000009f500000|100%| S|CS|TAMS 0x000000009f400000| PB 0x000000009f400000| Complete 
| 501|0x000000009f500000, 0x000000009f600000, 0x000000009f600000|100%| S|CS|TAMS 0x000000009f500000| PB 0x000000009f500000| Complete 
| 502|0x000000009f600000, 0x000000009f700000, 0x000000009f700000|100%| S|CS|TAMS 0x000000009f600000| PB 0x000000009f600000| Complete 
| 503|0x000000009f700000, 0x000000009f800000, 0x000000009f800000|100%| S|CS|TAMS 0x000000009f700000| PB 0x000000009f700000| Complete 
| 504|0x000000009f800000, 0x000000009f900000, 0x000000009f900000|100%| S|CS|TAMS 0x000000009f800000| PB 0x000000009f800000| Complete 
| 505|0x000000009f900000, 0x000000009fa00000, 0x000000009fa00000|100%| S|CS|TAMS 0x000000009f900000| PB 0x000000009f900000| Complete 
| 506|0x000000009fa00000, 0x000000009fb00000, 0x000000009fb00000|100%| S|CS|TAMS 0x000000009fa00000| PB 0x000000009fa00000| Complete 
| 507|0x000000009fb00000, 0x000000009fc00000, 0x000000009fc00000|100%| S|CS|TAMS 0x000000009fb00000| PB 0x000000009fb00000| Complete 
| 508|0x000000009fc00000, 0x000000009fd00000, 0x000000009fd00000|100%| S|CS|TAMS 0x000000009fc00000| PB 0x000000009fc00000| Complete 
| 509|0x000000009fd00000, 0x000000009fe00000, 0x000000009fe00000|100%| S|CS|TAMS 0x000000009fd00000| PB 0x000000009fd00000| Complete 
| 510|0x000000009fe00000, 0x000000009ff00000, 0x000000009ff00000|100%| S|CS|TAMS 0x000000009fe00000| PB 0x000000009fe00000| Complete 
| 511|0x000000009ff00000, 0x00000000a0000000, 0x00000000a0000000|100%| S|CS|TAMS 0x000000009ff00000| PB 0x000000009ff00000| Complete 
| 512|0x00000000a0000000, 0x00000000a0100000, 0x00000000a0100000|100%| S|CS|TAMS 0x00000000a0000000| PB 0x00000000a0000000| Complete 
| 513|0x00000000a0100000, 0x00000000a0200000, 0x00000000a0200000|100%| S|CS|TAMS 0x00000000a0100000| PB 0x00000000a0100000| Complete 
| 514|0x00000000a0200000, 0x00000000a0300000, 0x00000000a0300000|100%| S|CS|TAMS 0x00000000a0200000| PB 0x00000000a0200000| Complete 
| 515|0x00000000a0300000, 0x00000000a0400000, 0x00000000a0400000|100%| S|CS|TAMS 0x00000000a0300000| PB 0x00000000a0300000| Complete 
| 516|0x00000000a0400000, 0x00000000a0500000, 0x00000000a0500000|100%| S|CS|TAMS 0x00000000a0400000| PB 0x00000000a0400000| Complete 
| 517|0x00000000a0500000, 0x00000000a0600000, 0x00000000a0600000|100%| E|CS|TAMS 0x00000000a0500000| PB 0x00000000a0500000| Complete 
| 518|0x00000000a0600000, 0x00000000a0700000, 0x00000000a0700000|100%| E|CS|TAMS 0x00000000a0600000| PB 0x00000000a0600000| Complete 
| 519|0x00000000a0700000, 0x00000000a0800000, 0x00000000a0800000|100%| E|CS|TAMS 0x00000000a0700000| PB 0x00000000a0700000| Complete 
| 520|0x00000000a0800000, 0x00000000a0900000, 0x00000000a0900000|100%| E|CS|TAMS 0x00000000a0800000| PB 0x00000000a0800000| Complete 
| 521|0x00000000a0900000, 0x00000000a0a00000, 0x00000000a0a00000|100%| E|CS|TAMS 0x00000000a0900000| PB 0x00000000a0900000| Complete 
| 522|0x00000000a0a00000, 0x00000000a0b00000, 0x00000000a0b00000|100%| E|CS|TAMS 0x00000000a0a00000| PB 0x00000000a0a00000| Complete 
| 523|0x00000000a0b00000, 0x00000000a0c00000, 0x00000000a0c00000|100%| E|CS|TAMS 0x00000000a0b00000| PB 0x00000000a0b00000| Complete 
| 524|0x00000000a0c00000, 0x00000000a0d00000, 0x00000000a0d00000|100%| E|CS|TAMS 0x00000000a0c00000| PB 0x00000000a0c00000| Complete 
| 525|0x00000000a0d00000, 0x00000000a0e00000, 0x00000000a0e00000|100%| E|CS|TAMS 0x00000000a0d00000| PB 0x00000000a0d00000| Complete 
| 526|0x00000000a0e00000, 0x00000000a0f00000, 0x00000000a0f00000|100%| E|CS|TAMS 0x00000000a0e00000| PB 0x00000000a0e00000| Complete 
| 527|0x00000000a0f00000, 0x00000000a1000000, 0x00000000a1000000|100%| E|CS|TAMS 0x00000000a0f00000| PB 0x00000000a0f00000| Complete 
| 528|0x00000000a1000000, 0x00000000a1100000, 0x00000000a1100000|100%| E|CS|TAMS 0x00000000a1000000| PB 0x00000000a1000000| Complete 
| 529|0x00000000a1100000, 0x00000000a1200000, 0x00000000a1200000|100%| E|CS|TAMS 0x00000000a1100000| PB 0x00000000a1100000| Complete 
| 530|0x00000000a1200000, 0x00000000a1300000, 0x00000000a1300000|100%| E|CS|TAMS 0x00000000a1200000| PB 0x00000000a1200000| Complete 
| 531|0x00000000a1300000, 0x00000000a1400000, 0x00000000a1400000|100%| E|CS|TAMS 0x00000000a1300000| PB 0x00000000a1300000| Complete 
| 532|0x00000000a1400000, 0x00000000a1500000, 0x00000000a1500000|100%| E|CS|TAMS 0x00000000a1400000| PB 0x00000000a1400000| Complete 
| 533|0x00000000a1500000, 0x00000000a1600000, 0x00000000a1600000|100%| E|CS|TAMS 0x00000000a1500000| PB 0x00000000a1500000| Complete 
| 534|0x00000000a1600000, 0x00000000a1700000, 0x00000000a1700000|100%| E|CS|TAMS 0x00000000a1600000| PB 0x00000000a1600000| Complete 
| 535|0x00000000a1700000, 0x00000000a1800000, 0x00000000a1800000|100%| E|CS|TAMS 0x00000000a1700000| PB 0x00000000a1700000| Complete 
| 536|0x00000000a1800000, 0x00000000a1900000, 0x00000000a1900000|100%| E|CS|TAMS 0x00000000a1800000| PB 0x00000000a1800000| Complete 
| 537|0x00000000a1900000, 0x00000000a1a00000, 0x00000000a1a00000|100%| E|CS|TAMS 0x00000000a1900000| PB 0x00000000a1900000| Complete 
| 538|0x00000000a1a00000, 0x00000000a1b00000, 0x00000000a1b00000|100%| E|CS|TAMS 0x00000000a1a00000| PB 0x00000000a1a00000| Complete 
| 539|0x00000000a1b00000, 0x00000000a1c00000, 0x00000000a1c00000|100%| E|CS|TAMS 0x00000000a1b00000| PB 0x00000000a1b00000| Complete 
| 540|0x00000000a1c00000, 0x00000000a1d00000, 0x00000000a1d00000|100%| E|CS|TAMS 0x00000000a1c00000| PB 0x00000000a1c00000| Complete 
| 541|0x00000000a1d00000, 0x00000000a1e00000, 0x00000000a1e00000|100%| E|CS|TAMS 0x00000000a1d00000| PB 0x00000000a1d00000| Complete 
| 542|0x00000000a1e00000, 0x00000000a1f00000, 0x00000000a1f00000|100%| E|CS|TAMS 0x00000000a1e00000| PB 0x00000000a1e00000| Complete 
| 543|0x00000000a1f00000, 0x00000000a2000000, 0x00000000a2000000|100%| E|CS|TAMS 0x00000000a1f00000| PB 0x00000000a1f00000| Complete 
| 544|0x00000000a2000000, 0x00000000a2100000, 0x00000000a2100000|100%| E|CS|TAMS 0x00000000a2000000| PB 0x00000000a2000000| Complete 
| 545|0x00000000a2100000, 0x00000000a2200000, 0x00000000a2200000|100%| E|CS|TAMS 0x00000000a2100000| PB 0x00000000a2100000| Complete 
| 546|0x00000000a2200000, 0x00000000a2300000, 0x00000000a2300000|100%| E|CS|TAMS 0x00000000a2200000| PB 0x00000000a2200000| Complete 
| 547|0x00000000a2300000, 0x00000000a2400000, 0x00000000a2400000|100%| E|CS|TAMS 0x00000000a2300000| PB 0x00000000a2300000| Complete 
| 548|0x00000000a2400000, 0x00000000a2500000, 0x00000000a2500000|100%| E|CS|TAMS 0x00000000a2400000| PB 0x00000000a2400000| Complete 
| 549|0x00000000a2500000, 0x00000000a2600000, 0x00000000a2600000|100%| E|CS|TAMS 0x00000000a2500000| PB 0x00000000a2500000| Complete 
| 550|0x00000000a2600000, 0x00000000a2700000, 0x00000000a2700000|100%| E|CS|TAMS 0x00000000a2600000| PB 0x00000000a2600000| Complete 
|2017|0x00000000fe100000, 0x00000000fe200000, 0x00000000fe200000|100%| O|  |TAMS 0x00000000fe100000| PB 0x00000000fe100000| Untracked 
|2018|0x00000000fe200000, 0x00000000fe300000, 0x00000000fe300000|100%| E|CS|TAMS 0x00000000fe200000| PB 0x00000000fe200000| Complete 
|2019|0x00000000fe300000, 0x00000000fe400000, 0x00000000fe400000|100%| E|CS|TAMS 0x00000000fe300000| PB 0x00000000fe300000| Complete 
|2020|0x00000000fe400000, 0x00000000fe500000, 0x00000000fe500000|100%| E|CS|TAMS 0x00000000fe400000| PB 0x00000000fe400000| Complete 
|2021|0x00000000fe500000, 0x00000000fe600000, 0x00000000fe600000|100%| E|CS|TAMS 0x00000000fe500000| PB 0x00000000fe500000| Complete 
|2022|0x00000000fe600000, 0x00000000fe700000, 0x00000000fe700000|100%| E|CS|TAMS 0x00000000fe600000| PB 0x00000000fe600000| Complete 
|2023|0x00000000fe700000, 0x00000000fe800000, 0x00000000fe800000|100%| E|CS|TAMS 0x00000000fe700000| PB 0x00000000fe700000| Complete 
|2024|0x00000000fe800000, 0x00000000fe900000, 0x00000000fe900000|100%| E|CS|TAMS 0x00000000fe800000| PB 0x00000000fe800000| Complete 
|2025|0x00000000fe900000, 0x00000000fea00000, 0x00000000fea00000|100%| E|CS|TAMS 0x00000000fe900000| PB 0x00000000fe900000| Complete 
|2026|0x00000000fea00000, 0x00000000feb00000, 0x00000000feb00000|100%| E|CS|TAMS 0x00000000fea00000| PB 0x00000000fea00000| Complete 
|2027|0x00000000feb00000, 0x00000000fec00000, 0x00000000fec00000|100%| E|CS|TAMS 0x00000000feb00000| PB 0x00000000feb00000| Complete 
|2028|0x00000000fec00000, 0x00000000fed00000, 0x00000000fed00000|100%| E|CS|TAMS 0x00000000fec00000| PB 0x00000000fec00000| Complete 
|2029|0x00000000fed00000, 0x00000000fee00000, 0x00000000fee00000|100%| E|CS|TAMS 0x00000000fed00000| PB 0x00000000fed00000| Complete 
|2030|0x00000000fee00000, 0x00000000fef00000, 0x00000000fef00000|100%| E|CS|TAMS 0x00000000fee00000| PB 0x00000000fee00000| Complete 
|2031|0x00000000fef00000, 0x00000000ff000000, 0x00000000ff000000|100%| E|CS|TAMS 0x00000000fef00000| PB 0x00000000fef00000| Complete 
|2032|0x00000000ff000000, 0x00000000ff100000, 0x00000000ff100000|100%| E|CS|TAMS 0x00000000ff000000| PB 0x00000000ff000000| Complete 
|2033|0x00000000ff100000, 0x00000000ff200000, 0x00000000ff200000|100%| O|  |TAMS 0x00000000ff100000| PB 0x00000000ff100000| Untracked 
|2034|0x00000000ff200000, 0x00000000ff300000, 0x00000000ff300000|100%| E|CS|TAMS 0x00000000ff200000| PB 0x00000000ff200000| Complete 
|2035|0x00000000ff300000, 0x00000000ff400000, 0x00000000ff400000|100%| E|CS|TAMS 0x00000000ff300000| PB 0x00000000ff300000| Complete 
|2036|0x00000000ff400000, 0x00000000ff500000, 0x00000000ff500000|100%| O|  |TAMS 0x00000000ff400000| PB 0x00000000ff400000| Untracked 
|2037|0x00000000ff500000, 0x00000000ff600000, 0x00000000ff600000|100%| E|CS|TAMS 0x00000000ff500000| PB 0x00000000ff500000| Complete 
|2038|0x00000000ff600000, 0x00000000ff700000, 0x00000000ff700000|100%| E|CS|TAMS 0x00000000ff600000| PB 0x00000000ff600000| Complete 
|2039|0x00000000ff700000, 0x00000000ff800000, 0x00000000ff800000|100%| O|  |TAMS 0x00000000ff700000| PB 0x00000000ff700000| Untracked 
|2040|0x00000000ff800000, 0x00000000ff900000, 0x00000000ff900000|100%| O|  |TAMS 0x00000000ff800000| PB 0x00000000ff800000| Untracked 
|2041|0x00000000ff900000, 0x00000000ffa00000, 0x00000000ffa00000|100%| O|  |TAMS 0x00000000ff900000| PB 0x00000000ff900000| Untracked 
|2042|0x00000000ffa00000, 0x00000000ffb00000, 0x00000000ffb00000|100%| E|CS|TAMS 0x00000000ffa00000| PB 0x00000000ffa00000| Complete 
|2043|0x00000000ffb00000, 0x00000000ffc00000, 0x00000000ffc00000|100%| O|  |TAMS 0x00000000ffb00000| PB 0x00000000ffb00000| Untracked 
|2044|0x00000000ffc00000, 0x00000000ffd00000, 0x00000000ffd00000|100%| O|  |TAMS 0x00000000ffc00000| PB 0x00000000ffc00000| Untracked 
|2045|0x00000000ffd00000, 0x00000000ffe00000, 0x00000000ffe00000|100%| O|  |TAMS 0x00000000ffd00000| PB 0x00000000ffd00000| Untracked 
|2046|0x00000000ffe00000, 0x00000000fff00000, 0x00000000fff00000|100%| O|  |TAMS 0x00000000ffe00000| PB 0x00000000ffe00000| Untracked 
|2047|0x00000000fff00000, 0x0000000100000000, 0x0000000100000000|100%| O|  |TAMS 0x00000000fff00000| PB 0x00000000fff00000| Untracked 

Card table byte_map: [0x000001a67f600000,0x000001a67fa00000] _byte_map_base: 0x000001a67f200000

Marking Bits: (CMBitMap*) 0x000001a67ee744e0
 Bits: [0x000001a6120a0000, 0x000001a6140a0000)

Polling page: 0x000001a67cc80000

Metaspace:

Usage:
  Non-class:    157.60 MB used.
      Class:     24.49 MB used.
       Both:    182.09 MB used.

Virtual space:
  Non-class space:      192.00 MB reserved,     158.88 MB ( 83%) committed,  3 nodes.
      Class space:        1.00 GB reserved,      25.81 MB (  3%) committed,  1 nodes.
             Both:        1.19 GB reserved,     184.69 MB ( 15%) committed. 

Chunk freelists:
   Non-Class:  1.12 MB
       Class:  6.17 MB
        Both:  7.30 MB

MaxMetaspaceSize: unlimited
CompressedClassSpaceSize: 1.00 GB
Initial GC threshold: 21.00 MB
Current GC threshold: 305.25 MB
CDS: off
 - commit_granule_bytes: 65536.
 - commit_granule_words: 8192.
 - virtual_space_node_default_size: 8388608.
 - enlarge_chunks_in_place: 1.
 - use_allocation_guard: 0.


Internal statistics:

num_allocs_failed_limit: 6.
num_arena_births: 5252.
num_arena_deaths: 22.
num_vsnodes_births: 4.
num_vsnodes_deaths: 0.
num_space_committed: 2950.
num_space_uncommitted: 0.
num_chunks_returned_to_freelist: 54.
num_chunks_taken_from_freelist: 13194.
num_chunk_merges: 2.
num_chunk_splits: 8719.
num_chunks_enlarged: 5708.
num_inconsistent_stats: 0.

CodeHeap 'non-profiled nmethods': size=120000Kb used=10100Kb max_used=17224Kb free=109899Kb
 bounds [0x000001a60ab70000, 0x000001a60bc70000, 0x000001a6120a0000]
CodeHeap 'profiled nmethods': size=120000Kb used=17332Kb max_used=40508Kb free=102667Kb
 bounds [0x000001a6030a0000, 0x000001a605830000, 0x000001a60a5d0000]
CodeHeap 'non-nmethods': size=5760Kb used=2951Kb max_used=3094Kb free=2808Kb
 bounds [0x000001a60a5d0000, 0x000001a60a8f0000, 0x000001a60ab70000]
CodeCache: size=245760Kb, used=30383Kb, max_used=60826Kb, free=215374Kb
 total_blobs=10208, nmethods=9025, adapters=1084, full_count=0
Compilation: enabled, stopped_count=0, restarted_count=0

Compilation events (20 events):
Event: 756.399 Thread 0x000001a6166fdac0 nmethod 37469 0x000001a603d9ef90 code [0x000001a603d9f120, 0x000001a603d9f270]
Event: 756.399 Thread 0x000001a6166fdac0 37436       3       kotlin.text.StringsKt__StringsKt::lastIndexOf$default (29 bytes)
Event: 756.400 Thread 0x000001a6166fdac0 nmethod 37436 0x000001a603867490 code [0x000001a6038676e0, 0x000001a603867e78]
Event: 756.400 Thread 0x000001a6166fdac0 37579       2       java.util.WeakHashMap::get (75 bytes)
Event: 756.401 Thread 0x000001a6166fdac0 nmethod 37579 0x000001a60546fa10 code [0x000001a60546fc00, 0x000001a60546ff50]
Event: 756.401 Thread 0x000001a6166fdac0 37581       2       org.gradle.api.internal.file.AbstractFileCollection::getFiles (23 bytes)
Event: 756.401 Thread 0x000001a6166fdac0 nmethod 37581 0x000001a603866e90 code [0x000001a603867080, 0x000001a603867368]
Event: 756.401 Thread 0x000001a6166fdac0 37586       2       java.util.concurrent.locks.ReentrantLock::tryLock (8 bytes)
Event: 756.401 Thread 0x000001a6166fdac0 nmethod 37586 0x000001a60546f690 code [0x000001a60546f840, 0x000001a60546f970]
Event: 756.401 Thread 0x000001a6166fdac0 37582       2       org.gradle.api.internal.file.AbstractFileCollection$1::<init> (15 bytes)
Event: 756.401 Thread 0x000001a6166fdac0 nmethod 37582 0x000001a603866a90 code [0x000001a603866c40, 0x000001a603866df0]
Event: 756.401 Thread 0x000001a6166fdac0 37589       2       java.util.concurrent.atomic.AtomicReferenceArray::set (13 bytes)
Event: 756.403 Thread 0x000001a6166fdac0 nmethod 37589 0x000001a603865c90 code [0x000001a603865ee0, 0x000001a603866590]
Event: 756.403 Thread 0x000001a6166fdac0 37593       2       com.google.common.cache.LocalCache$Segment::copyEntry (88 bytes)
Event: 756.403 Thread 0x000001a6166fdac0 nmethod 37593 0x000001a603865590 code [0x000001a6038657a0, 0x000001a603865ad8]
Event: 756.403 Thread 0x000001a6166fdac0 37596       2       com.google.common.cache.LocalCache$EntryFactory::copyEntry (15 bytes)
Event: 756.404 Thread 0x000001a6166fdac0 nmethod 37596 0x000001a603865190 code [0x000001a603865340, 0x000001a6038654c8]
Event: 756.404 Thread 0x000001a6166fdac0 37595       2       com.google.common.cache.LocalCache$Segment::expand (282 bytes)
Event: 756.410 Thread 0x000001a6166fdac0 nmethod 37595 0x000001a60544dc10 code [0x000001a60544e0e0, 0x000001a60544ff28]
Event: 756.410 Thread 0x000001a6166fdac0 37606   !   3       com.sun.org.apache.xerces.internal.impl.XMLDocumentFragmentScannerImpl$FragmentContentDriver::next (2331 bytes)

GC Heap History (20 events):
Event: 744.976 GC heap before
{Heap before GC invocations=115 (full 0):
 garbage-first heap   total 595968K, used 563523K [0x0000000080000000, 0x0000000100000000)
  region size 1024K, 289 young (295936K), 12 survivors (12288K)
 Metaspace       used 184772K, committed 187456K, reserved 1245184K
  class space    used 24874K, committed 26240K, reserved 1048576K
}
Event: 744.990 GC heap after
{Heap after GC invocations=116 (full 0):
 garbage-first heap   total 595968K, used 276739K [0x0000000080000000, 0x0000000100000000)
  region size 1024K, 11 young (11264K), 11 survivors (11264K)
 Metaspace       used 184772K, committed 187456K, reserved 1245184K
  class space    used 24874K, committed 26240K, reserved 1048576K
}
Event: 745.867 GC heap before
{Heap before GC invocations=117 (full 0):
 garbage-first heap   total 595968K, used 566531K [0x0000000080000000, 0x0000000100000000)
  region size 1024K, 292 young (299008K), 11 survivors (11264K)
 Metaspace       used 184801K, committed 187456K, reserved 1245184K
  class space    used 24874K, committed 26240K, reserved 1048576K
}
Event: 745.879 GC heap after
{Heap after GC invocations=118 (full 0):
 garbage-first heap   total 595968K, used 274929K [0x0000000080000000, 0x0000000100000000)
  region size 1024K, 10 young (10240K), 10 survivors (10240K)
 Metaspace       used 184801K, committed 187456K, reserved 1245184K
  class space    used 24874K, committed 26240K, reserved 1048576K
}
Event: 746.851 GC heap before
{Heap before GC invocations=118 (full 0):
 garbage-first heap   total 595968K, used 563697K [0x0000000080000000, 0x0000000100000000)
  region size 1024K, 292 young (299008K), 10 survivors (10240K)
 Metaspace       used 184804K, committed 187456K, reserved 1245184K
  class space    used 24874K, committed 26240K, reserved 1048576K
}
Event: 746.870 GC heap after
{Heap after GC invocations=119 (full 0):
 garbage-first heap   total 595968K, used 267169K [0x0000000080000000, 0x0000000100000000)
  region size 1024K, 11 young (11264K), 11 survivors (11264K)
 Metaspace       used 184804K, committed 187456K, reserved 1245184K
  class space    used 24874K, committed 26240K, reserved 1048576K
}
Event: 748.062 GC heap before
{Heap before GC invocations=119 (full 0):
 garbage-first heap   total 595968K, used 564129K [0x0000000080000000, 0x0000000100000000)
  region size 1024K, 301 young (308224K), 11 survivors (11264K)
 Metaspace       used 184815K, committed 187520K, reserved 1245184K
  class space    used 24874K, committed 26240K, reserved 1048576K
}
Event: 748.073 GC heap after
{Heap after GC invocations=120 (full 0):
 garbage-first heap   total 595968K, used 267986K [0x0000000080000000, 0x0000000100000000)
  region size 1024K, 12 young (12288K), 12 survivors (12288K)
 Metaspace       used 184815K, committed 187520K, reserved 1245184K
  class space    used 24874K, committed 26240K, reserved 1048576K
}
Event: 749.366 GC heap before
{Heap before GC invocations=121 (full 0):
 garbage-first heap   total 595968K, used 563922K [0x0000000080000000, 0x0000000100000000)
  region size 1024K, 301 young (308224K), 12 survivors (12288K)
 Metaspace       used 184828K, committed 187520K, reserved 1245184K
  class space    used 24877K, committed 26240K, reserved 1048576K
}
Event: 749.379 GC heap after
{Heap after GC invocations=122 (full 0):
 garbage-first heap   total 595968K, used 269547K [0x0000000080000000, 0x0000000100000000)
  region size 1024K, 13 young (13312K), 13 survivors (13312K)
 Metaspace       used 184828K, committed 187520K, reserved 1245184K
  class space    used 24877K, committed 26240K, reserved 1048576K
}
Event: 750.170 GC heap before
{Heap before GC invocations=122 (full 0):
 garbage-first heap   total 595968K, used 564459K [0x0000000080000000, 0x0000000100000000)
  region size 1024K, 301 young (308224K), 13 survivors (13312K)
 Metaspace       used 184838K, committed 187520K, reserved 1245184K
  class space    used 24877K, committed 26240K, reserved 1048576K
}
Event: 750.187 GC heap after
{Heap after GC invocations=123 (full 0):
 garbage-first heap   total 595968K, used 261601K [0x0000000080000000, 0x0000000100000000)
  region size 1024K, 14 young (14336K), 14 survivors (14336K)
 Metaspace       used 184838K, committed 187520K, reserved 1245184K
  class space    used 24877K, committed 26240K, reserved 1048576K
}
Event: 750.992 GC heap before
{Heap before GC invocations=123 (full 0):
 garbage-first heap   total 595968K, used 564705K [0x0000000080000000, 0x0000000100000000)
  region size 1024K, 310 young (317440K), 14 survivors (14336K)
 Metaspace       used 184846K, committed 187520K, reserved 1245184K
  class space    used 24877K, committed 26240K, reserved 1048576K
}
Event: 751.008 GC heap after
{Heap after GC invocations=124 (full 0):
 garbage-first heap   total 595968K, used 262937K [0x0000000080000000, 0x0000000100000000)
  region size 1024K, 16 young (16384K), 16 survivors (16384K)
 Metaspace       used 184846K, committed 187520K, reserved 1245184K
  class space    used 24877K, committed 26240K, reserved 1048576K
}
Event: 752.434 GC heap before
{Heap before GC invocations=125 (full 0):
 garbage-first heap   total 595968K, used 569113K [0x0000000080000000, 0x0000000100000000)
  region size 1024K, 310 young (317440K), 16 survivors (16384K)
 Metaspace       used 184868K, committed 187520K, reserved 1245184K
  class space    used 24878K, committed 26240K, reserved 1048576K
}
Event: 752.446 GC heap after
{Heap after GC invocations=126 (full 0):
 garbage-first heap   total 595968K, used 260573K [0x0000000080000000, 0x0000000100000000)
  region size 1024K, 13 young (13312K), 13 survivors (13312K)
 Metaspace       used 184868K, committed 187520K, reserved 1245184K
  class space    used 24878K, committed 26240K, reserved 1048576K
}
Event: 753.816 GC heap before
{Heap before GC invocations=126 (full 0):
 garbage-first heap   total 595968K, used 564701K [0x0000000080000000, 0x0000000100000000)
  region size 1024K, 310 young (317440K), 13 survivors (13312K)
 Metaspace       used 184919K, committed 187584K, reserved 1245184K
  class space    used 24882K, committed 26240K, reserved 1048576K
}
Event: 753.832 GC heap after
{Heap after GC invocations=127 (full 0):
 garbage-first heap   total 595968K, used 251904K [0x0000000080000000, 0x0000000100000000)
  region size 1024K, 14 young (14336K), 14 survivors (14336K)
 Metaspace       used 184919K, committed 187584K, reserved 1245184K
  class space    used 24882K, committed 26240K, reserved 1048576K
}
Event: 754.316 GC heap before
{Heap before GC invocations=127 (full 0):
 garbage-first heap   total 595968K, used 305152K [0x0000000080000000, 0x0000000100000000)
  region size 1024K, 68 young (69632K), 14 survivors (14336K)
 Metaspace       used 184957K, committed 187648K, reserved 1245184K
  class space    used 24882K, committed 26240K, reserved 1048576K
}
Event: 754.333 GC heap after
{Heap after GC invocations=128 (full 0):
 garbage-first heap   total 595968K, used 258592K [0x0000000080000000, 0x0000000100000000)
  region size 1024K, 19 young (19456K), 19 survivors (19456K)
 Metaspace       used 184957K, committed 187648K, reserved 1245184K
  class space    used 24882K, committed 26240K, reserved 1048576K
}

Dll operation events (3 events):
Event: 0.009 Loaded shared library C:\Program Files\Android\Android Studio1\jbr\bin\java.dll
Event: 0.014 Loaded shared library C:\Program Files\Android\Android Studio1\jbr\bin\zip.dll
Event: 0.574 Loaded shared library C:\Program Files\Android\Android Studio1\jbr\bin\verify.dll

Deoptimization events (20 events):
Event: 756.424 Thread 0x000001a6205456b0 DEOPT PACKING pc=0x000001a60395ff66 sp=0x000000213c9fb1e0
Event: 756.424 Thread 0x000001a6205456b0 DEOPT UNPACKING pc=0x000001a60a624b42 sp=0x000000213c9fa6a8 mode 0
Event: 756.437 Thread 0x000001a62964ab40 Uncommon trap: trap_request=0xffffff45 fr.pc=0x000001a60ba8f51c relative=0x0000000000001b1c
Event: 756.437 Thread 0x000001a62964ab40 Uncommon trap: reason=unstable_if action=reinterpret pc=0x000001a60ba8f51c method=com.sun.org.apache.xerces.internal.impl.XMLScanner.scanAttributeValue(Lcom/sun/org/apache/xerces/internal/xni/XMLString;Lcom/sun/org/apache/xerces/internal/xni/XMLString;Lja
Event: 756.437 Thread 0x000001a62964ab40 DEOPT PACKING pc=0x000001a60ba8f51c sp=0x000000213d6fb200
Event: 756.437 Thread 0x000001a62964ab40 DEOPT UNPACKING pc=0x000001a60a6243a2 sp=0x000000213d6fb198 mode 2
Event: 756.437 Thread 0x000001a62964ab40 Uncommon trap: trap_request=0xffffff76 fr.pc=0x000001a60abe5400 relative=0x0000000000000580
Event: 756.437 Thread 0x000001a62964ab40 Uncommon trap: reason=predicate action=maybe_recompile pc=0x000001a60abe5400 method=com.sun.org.apache.xerces.internal.impl.XMLEntityScanner.normalizeNewlines(SLcom/sun/org/apache/xerces/internal/xni/XMLString;ZZLcom/sun/org/apache/xerces/internal/impl/XM
Event: 756.437 Thread 0x000001a62964ab40 DEOPT PACKING pc=0x000001a60abe5400 sp=0x000000213d6fb0d0
Event: 756.437 Thread 0x000001a62964ab40 DEOPT UNPACKING pc=0x000001a60a6243a2 sp=0x000000213d6fb048 mode 2
Event: 756.466 Thread 0x000001a6205456b0 DEOPT PACKING pc=0x000001a60395ff66 sp=0x000000213c9fb240
Event: 756.466 Thread 0x000001a6205456b0 DEOPT UNPACKING pc=0x000001a60a624b42 sp=0x000000213c9fa708 mode 0
Event: 756.545 Thread 0x000001a6205456b0 DEOPT PACKING pc=0x000001a60395ff66 sp=0x000000213c9fb190
Event: 756.545 Thread 0x000001a6205456b0 DEOPT UNPACKING pc=0x000001a60a624b42 sp=0x000000213c9fa678 mode 0
Event: 756.608 Thread 0x000001a6205456b0 DEOPT PACKING pc=0x000001a60395ff66 sp=0x000000213c9fb190
Event: 756.608 Thread 0x000001a6205456b0 DEOPT UNPACKING pc=0x000001a60a624b42 sp=0x000000213c9fa678 mode 0
Event: 756.681 Thread 0x000001a6205456b0 DEOPT PACKING pc=0x000001a60395ff66 sp=0x000000213c9fb190
Event: 756.681 Thread 0x000001a6205456b0 DEOPT UNPACKING pc=0x000001a60a624b42 sp=0x000000213c9fa678 mode 0
Event: 756.747 Thread 0x000001a6205456b0 DEOPT PACKING pc=0x000001a60395ff66 sp=0x000000213c9fb190
Event: 756.747 Thread 0x000001a6205456b0 DEOPT UNPACKING pc=0x000001a60a624b42 sp=0x000000213c9fa678 mode 0

Classes loaded (20 events):
Event: 732.827 Loading class java/nio/file/Files$2
Event: 732.828 Loading class java/nio/file/Files$2 done
Event: 754.890 Loading class java/nio/file/FileTreeIterator
Event: 754.891 Loading class java/nio/file/FileTreeIterator done
Event: 755.296 Loading class java/nio/BufferUnderflowException
Event: 755.296 Loading class java/nio/BufferUnderflowException done
Event: 755.321 Loading class java/util/concurrent/Executors$DelegatedScheduledExecutorService
Event: 755.321 Loading class java/util/concurrent/Executors$DelegatedScheduledExecutorService done
Event: 755.332 Loading class java/lang/ProcessImpl
Event: 755.332 Loading class java/lang/ProcessImpl done
Event: 755.486 Loading class java/lang/ProcessHandleImpl
Event: 755.486 Loading class java/lang/ProcessHandleImpl done
Event: 755.490 Loading class java/lang/ProcessImpl$2
Event: 755.490 Loading class java/lang/ProcessImpl$2 done
Event: 755.490 Loading class java/lang/Process$PipeInputStream
Event: 755.490 Loading class java/lang/Process$PipeInputStream done
Event: 755.495 Loading class jdk/internal/event/ProcessStartEvent
Event: 755.495 Loading class jdk/internal/event/ProcessStartEvent done
Event: 756.424 Loading class java/util/concurrent/ForkJoinTask$AdaptedInterruptibleCallable
Event: 756.424 Loading class java/util/concurrent/ForkJoinTask$InterruptibleTask

Classes unloaded (20 events):
Event: 720.014 Thread 0x000001a6165a2790 Unloading class 0x0000000101508840 '_BuildScript_$_run_closure1$_closure3'
Event: 720.014 Thread 0x000001a6165a2790 Unloading class 0x0000000101508420 '_BuildScript_$_run_closure1$_closure2'
Event: 720.014 Thread 0x000001a6165a2790 Unloading class 0x0000000101508000 '_BuildScript_$_run_closure1'
Event: 720.014 Thread 0x000001a6165a2790 Unloading class 0x0000000101507918 '_BuildScript_'
Event: 720.014 Thread 0x000001a6165a2790 Unloading class 0x00000001015074f8 'KotlinCoroutineJvmDebugArgumentsProvider$_asArguments_closure1'
Event: 720.014 Thread 0x000001a6165a2790 Unloading class 0x0000000101507230 'KotlinCoroutineJvmDebugArgumentsProvider'
Event: 720.014 Thread 0x000001a6165a2790 Unloading class 0x0000000101507000 'Properties'
Event: 720.014 Thread 0x000001a6165a2790 Unloading class 0x0000000101505420 '_BuildScript_$_run_closure1$_closure2'
Event: 720.014 Thread 0x000001a6165a2790 Unloading class 0x0000000101505000 '_BuildScript_$_run_closure1'
Event: 720.014 Thread 0x000001a6165a2790 Unloading class 0x0000000101504800 '_BuildScript_'
Event: 720.014 Thread 0x000001a6165a2790 Unloading class 0x0000000101502420 '_BuildScript_$_run_closure1$_closure2$_closure4'
Event: 720.014 Thread 0x000001a6165a2790 Unloading class 0x0000000101502000 '_BuildScript_$_run_closure1$_closure2$_closure3'
Event: 720.014 Thread 0x000001a6165a2790 Unloading class 0x0000000101501988 '_BuildScript_$_run_closure1$_closure2'
Event: 720.014 Thread 0x000001a6165a2790 Unloading class 0x0000000101501568 '_BuildScript_$_run_closure1'
Event: 720.014 Thread 0x000001a6165a2790 Unloading class 0x0000000101501000 '_BuildScript_'
Event: 720.014 Thread 0x000001a6165a2790 Unloading class 0x00000001014ff420 '_BuildScript_$_run_closure1$_closure2'
Event: 720.014 Thread 0x000001a6165a2790 Unloading class 0x00000001014ff000 '_BuildScript_$_run_closure1'
Event: 720.014 Thread 0x000001a6165a2790 Unloading class 0x00000001014fe800 '_BuildScript_'
Event: 734.761 Thread 0x000001a6165a2790 Unloading class 0x0000000101814c00 'java/lang/invoke/LambdaForm$DMH+0x0000000101814c00'
Event: 734.761 Thread 0x000001a6165a2790 Unloading class 0x0000000101814400 'java/lang/invoke/LambdaForm$DMH+0x0000000101814400'

Classes redefined (0 events):
No events

Internal exceptions (20 events):
Event: 756.733 Thread 0x000001a6205456b0 Exception <a 'sun/nio/fs/WindowsException'{0x00000000969654a0}> (0x00000000969654a0) 
thrown [s\src\hotspot\share\prims\jni.cpp, line 537]
Event: 756.736 Thread 0x000001a6205456b0 Exception <a 'sun/nio/fs/WindowsException'{0x000000009697cb00}> (0x000000009697cb00) 
thrown [s\src\hotspot\share\prims\jni.cpp, line 537]
Event: 756.739 Thread 0x000001a6205456b0 Exception <a 'sun/nio/fs/WindowsException'{0x00000000969922b8}> (0x00000000969922b8) 
thrown [s\src\hotspot\share\prims\jni.cpp, line 537]
Event: 756.742 Thread 0x000001a6205456b0 Exception <a 'sun/nio/fs/WindowsException'{0x00000000969a7988}> (0x00000000969a7988) 
thrown [s\src\hotspot\share\prims\jni.cpp, line 537]
Event: 756.744 Thread 0x000001a6205456b0 Exception <a 'sun/nio/fs/WindowsException'{0x00000000969becb8}> (0x00000000969becb8) 
thrown [s\src\hotspot\share\prims\jni.cpp, line 537]
Event: 756.747 Thread 0x000001a6205456b0 Exception <a 'sun/nio/fs/WindowsException'{0x00000000969dad58}> (0x00000000969dad58) 
thrown [s\src\hotspot\share\prims\jni.cpp, line 537]
Event: 756.751 Thread 0x000001a6205456b0 Exception <a 'sun/nio/fs/WindowsException'{0x00000000969f1f48}> (0x00000000969f1f48) 
thrown [s\src\hotspot\share\prims\jni.cpp, line 537]
Event: 756.754 Thread 0x000001a6205456b0 Exception <a 'sun/nio/fs/WindowsException'{0x000000009680de48}> (0x000000009680de48) 
thrown [s\src\hotspot\share\prims\jni.cpp, line 537]
Event: 756.756 Thread 0x000001a6205456b0 Exception <a 'sun/nio/fs/WindowsException'{0x0000000096829060}> (0x0000000096829060) 
thrown [s\src\hotspot\share\prims\jni.cpp, line 537]
Event: 756.759 Thread 0x000001a6205456b0 Exception <a 'sun/nio/fs/WindowsException'{0x000000009683de08}> (0x000000009683de08) 
thrown [s\src\hotspot\share\prims\jni.cpp, line 537]
Event: 756.762 Thread 0x000001a6205456b0 Exception <a 'sun/nio/fs/WindowsException'{0x00000000968524b0}> (0x00000000968524b0) 
thrown [s\src\hotspot\share\prims\jni.cpp, line 537]
Event: 756.765 Thread 0x000001a6205456b0 Exception <a 'sun/nio/fs/WindowsException'{0x0000000096866e70}> (0x0000000096866e70) 
thrown [s\src\hotspot\share\prims\jni.cpp, line 537]
Event: 756.768 Thread 0x000001a6205456b0 Exception <a 'sun/nio/fs/WindowsException'{0x000000009687ba08}> (0x000000009687ba08) 
thrown [s\src\hotspot\share\prims\jni.cpp, line 537]
Event: 756.771 Thread 0x000001a6205456b0 Exception <a 'sun/nio/fs/WindowsException'{0x00000000968a7d60}> (0x00000000968a7d60) 
thrown [s\src\hotspot\share\prims\jni.cpp, line 537]
Event: 756.774 Thread 0x000001a6205456b0 Exception <a 'sun/nio/fs/WindowsException'{0x00000000968bc6f8}> (0x00000000968bc6f8) 
thrown [s\src\hotspot\share\prims\jni.cpp, line 537]
Event: 756.776 Thread 0x000001a6205456b0 Exception <a 'sun/nio/fs/WindowsException'{0x00000000968d0fe0}> (0x00000000968d0fe0) 
thrown [s\src\hotspot\share\prims\jni.cpp, line 537]
Event: 756.779 Thread 0x000001a6205456b0 Exception <a 'sun/nio/fs/WindowsException'{0x00000000968e5b28}> (0x00000000968e5b28) 
thrown [s\src\hotspot\share\prims\jni.cpp, line 537]
Event: 756.787 Thread 0x000001a6205456b0 Exception <a 'sun/nio/fs/WindowsException'{0x00000000968fa4b8}> (0x00000000968fa4b8) 
thrown [s\src\hotspot\share\prims\jni.cpp, line 537]
Event: 756.791 Thread 0x000001a6205456b0 Exception <a 'sun/nio/fs/WindowsException'{0x000000009670f2b0}> (0x000000009670f2b0) 
thrown [s\src\hotspot\share\prims\jni.cpp, line 537]
Event: 756.794 Thread 0x000001a6205456b0 Exception <a 'sun/nio/fs/WindowsException'{0x0000000096723e18}> (0x0000000096723e18) 
thrown [s\src\hotspot\share\prims\jni.cpp, line 537]

ZGC Phase Switch (0 events):
No events

VM Operations (20 events):
Event: 752.434 Executing safepoint VM operation: G1CollectForAllocation (G1 Evacuation Pause)
Event: 752.446 Executing safepoint VM operation: G1CollectForAllocation (G1 Evacuation Pause) done
Event: 753.454 Executing safepoint VM operation: Cleanup
Event: 753.454 Executing safepoint VM operation: Cleanup done
Event: 753.815 Executing safepoint VM operation: G1CollectForAllocation (G1 Evacuation Pause)
Event: 753.832 Executing safepoint VM operation: G1CollectForAllocation (G1 Evacuation Pause) done
Event: 754.316 Executing safepoint VM operation: G1TryInitiateConcMark (G1 Humongous Allocation)
Event: 754.333 Executing safepoint VM operation: G1TryInitiateConcMark (G1 Humongous Allocation) done
Event: 754.630 Executing safepoint VM operation: G1PauseRemark
Event: 754.635 Executing safepoint VM operation: G1PauseRemark done
Event: 754.839 Executing safepoint VM operation: G1PauseCleanup
Event: 754.839 Executing safepoint VM operation: G1PauseCleanup done
Event: 755.204 Executing safepoint VM operation: ICBufferFull
Event: 755.204 Executing safepoint VM operation: ICBufferFull done
Event: 755.329 Executing non-safepoint VM operation: HandshakeAllThreads (Deoptimize)
Event: 755.329 Executing non-safepoint VM operation: HandshakeAllThreads (Deoptimize) done
Event: 755.494 Executing non-safepoint VM operation: HandshakeAllThreads (Deoptimize)
Event: 755.494 Executing non-safepoint VM operation: HandshakeAllThreads (Deoptimize) done
Event: 756.276 Executing safepoint VM operation: ICBufferFull
Event: 756.277 Executing safepoint VM operation: ICBufferFull done

Memory protections (0 events):
No events

Nmethod flushes (20 events):
Event: 754.634 Thread 0x000001a6165a2790 flushing  nmethod 0x000001a605802410
Event: 754.634 Thread 0x000001a6165a2790 flushing  nmethod 0x000001a6032c7e10
Event: 754.634 Thread 0x000001a6165a2790 flushing  nmethod 0x000001a6032f0a90
Event: 754.634 Thread 0x000001a6165a2790 flushing  nmethod 0x000001a6034c7a90
Event: 754.634 Thread 0x000001a6165a2790 flushing  nmethod 0x000001a603d86210
Event: 754.634 Thread 0x000001a6165a2790 flushing  nmethod 0x000001a603f9df90
Event: 754.634 Thread 0x000001a6165a2790 flushing  nmethod 0x000001a6047b5b10
Event: 754.634 Thread 0x000001a6165a2790 flushing  nmethod 0x000001a6052fd390
Event: 754.634 Thread 0x000001a6165a2790 flushing  nmethod 0x000001a605818f10
Event: 754.634 Thread 0x000001a6165a2790 flushing  nmethod 0x000001a6031cff10
Event: 754.634 Thread 0x000001a6165a2790 flushing  nmethod 0x000001a6031dbb10
Event: 754.634 Thread 0x000001a6165a2790 flushing  nmethod 0x000001a60341c390
Event: 754.634 Thread 0x000001a6165a2790 flushing  nmethod 0x000001a603dc4390
Event: 754.634 Thread 0x000001a6165a2790 flushing  nmethod 0x000001a6044be190
Event: 754.634 Thread 0x000001a6165a2790 flushing  nmethod 0x000001a6057d1510
Event: 754.634 Thread 0x000001a6165a2790 flushing  nmethod 0x000001a6030d1f90
Event: 754.634 Thread 0x000001a6165a2790 flushing  nmethod 0x000001a6043ae910
Event: 754.634 Thread 0x000001a6165a2790 flushing  nmethod 0x000001a604f1d990
Event: 754.634 Thread 0x000001a6165a2790 flushing  nmethod 0x000001a604f1ed90
Event: 754.634 Thread 0x000001a6165a2790 flushing  nmethod 0x000001a605746490

Events (20 events):
Event: 724.249 Thread 0x000001a623cd37a0 Thread added: 0x000001a6228e03c0
Event: 724.249 Thread 0x000001a623cd37a0 Thread added: 0x000001a6228e0a50
Event: 724.250 Thread 0x000001a623cd37a0 Thread added: 0x000001a6228e1e00
Event: 724.250 Thread 0x000001a623cd37a0 Thread added: 0x000001a6228e2490
Event: 724.251 Thread 0x000001a623cd37a0 Thread added: 0x000001a6228df6a0
Event: 724.251 Thread 0x000001a623cd37a0 Thread added: 0x000001a6228e31b0
Event: 724.442 Thread 0x000001a623cd37a0 Thread added: 0x000001a6228e3ed0
Event: 724.442 Thread 0x000001a623cd37a0 Thread added: 0x000001a6228e5280
Event: 724.442 Thread 0x000001a623cd37a0 Thread added: 0x000001a6228e4bf0
Event: 724.443 Thread 0x000001a623cd37a0 Thread added: 0x000001a6228e5910
Event: 724.443 Thread 0x000001a623cd37a0 Thread added: 0x000001a6228e5fa0
Event: 724.444 Thread 0x000001a623cd37a0 Thread added: 0x000001a6228e6630
Event: 724.446 Thread 0x000001a623cd37a0 Thread added: 0x000001a6228e4560
Event: 724.660 Thread 0x000001a6214d7570 Thread added: 0x000001a6228e3840
Event: 724.660 Thread 0x000001a6214d7570 Thread added: 0x000001a61f9493d0
Event: 755.323 Thread 0x000001a623cd3110 Thread added: 0x000001a620848370
Event: 755.512 Thread 0x000001a623cd3110 Thread added: 0x000001a620846930
Event: 755.512 Thread 0x000001a623cd3110 Thread added: 0x000001a620847ce0
Event: 755.638 Thread 0x000001a62964ab40 Thread added: 0x000001a620847650
Event: 755.638 Thread 0x000001a62964ab40 Thread added: 0x000001a620844ef0


Dynamic libraries:
0x00007ff6dd130000 - 0x00007ff6dd13a000 	C:\Program Files\Android\Android Studio1\jbr\bin\java.exe
0x00007ff97aa00000 - 0x00007ff97ac66000 	C:\WINDOWS\SYSTEM32\ntdll.dll
0x00007ff9794d0000 - 0x00007ff979599000 	C:\WINDOWS\System32\KERNEL32.DLL
0x00007ff9781f0000 - 0x00007ff9785ee000 	C:\WINDOWS\System32\KERNELBASE.dll
0x00007ff974750000 - 0x00007ff9747f0000 	C:\WINDOWS\SYSTEM32\apphelp.dll
0x00007ff977d00000 - 0x00007ff977e4c000 	C:\WINDOWS\System32\ucrtbase.dll
0x00007ff959840000 - 0x00007ff95985b000 	C:\Program Files\Android\Android Studio1\jbr\bin\VCRUNTIME140.dll
0x00007ff949850000 - 0x00007ff949868000 	C:\Program Files\Android\Android Studio1\jbr\bin\jli.dll
0x00007ff978730000 - 0x00007ff9788f7000 	C:\WINDOWS\System32\USER32.dll
0x00007ff977c20000 - 0x00007ff977c47000 	C:\WINDOWS\System32\win32u.dll
0x00007ff953e40000 - 0x00007ff9540d2000 	C:\WINDOWS\WinSxS\amd64_microsoft.windows.common-controls_6595b64144ccf1df_6.0.26100.8875_none_3e0d5d42e32fe9dd\COMCTL32.dll
0x00007ff97a060000 - 0x00007ff97a109000 	C:\WINDOWS\System32\msvcrt.dll
0x00007ff9794a0000 - 0x00007ff9794cb000 	C:\WINDOWS\System32\GDI32.dll
0x00007ff978600000 - 0x00007ff97872a000 	C:\WINDOWS\System32\gdi32full.dll
0x00007ff977c50000 - 0x00007ff977cf3000 	C:\WINDOWS\System32\msvcp_win.dll
0x00007ff97a920000 - 0x00007ff97a952000 	C:\WINDOWS\System32\IMM32.DLL
0x00007ff972500000 - 0x00007ff97250c000 	C:\Program Files\Android\Android Studio1\jbr\bin\vcruntime140_1.dll
0x00007ff8f6420000 - 0x00007ff8f64ad000 	C:\Program Files\Android\Android Studio1\jbr\bin\msvcp140.dll
0x00007ff8c5f20000 - 0x00007ff8c6bb6000 	C:\Program Files\Android\Android Studio1\jbr\bin\server\jvm.dll
0x00007ff979f10000 - 0x00007ff979fc7000 	C:\WINDOWS\System32\ADVAPI32.dll
0x00007ff979150000 - 0x00007ff9791fa000 	C:\WINDOWS\System32\sechost.dll
0x00007ff979020000 - 0x00007ff979138000 	C:\WINDOWS\System32\RPCRT4.dll
0x00007ff979fd0000 - 0x00007ff97a050000 	C:\WINDOWS\System32\WS2_32.dll
0x00007ff977a80000 - 0x00007ff977ade000 	C:\WINDOWS\SYSTEM32\POWRPROF.dll
0x00007ff95fd20000 - 0x00007ff95fd56000 	C:\WINDOWS\SYSTEM32\WINMM.dll
0x00007ff967030000 - 0x00007ff96703b000 	C:\WINDOWS\SYSTEM32\VERSION.dll
0x00007ff977a60000 - 0x00007ff977a74000 	C:\WINDOWS\SYSTEM32\UMPDC.dll
0x00007ff9768c0000 - 0x00007ff9768db000 	C:\WINDOWS\SYSTEM32\kernel.appcore.dll
0x00007ff96a7b0000 - 0x00007ff96a7ba000 	C:\Program Files\Android\Android Studio1\jbr\bin\jimage.dll
0x00007ff9750f0000 - 0x00007ff975332000 	C:\WINDOWS\SYSTEM32\DBGHELP.DLL
0x00007ff978900000 - 0x00007ff978c83000 	C:\WINDOWS\System32\combase.dll
0x00007ff978d50000 - 0x00007ff978e29000 	C:\WINDOWS\System32\OLEAUT32.dll
0x00007ff95fe10000 - 0x00007ff95fe4b000 	C:\WINDOWS\SYSTEM32\dbgcore.DLL
0x00007ff978070000 - 0x00007ff97811c000 	C:\WINDOWS\System32\bcryptPrimitives.dll
0x00007ff968e90000 - 0x00007ff968e9e000 	C:\Program Files\Android\Android Studio1\jbr\bin\instrument.dll
0x00007ff959300000 - 0x00007ff959320000 	C:\Program Files\Android\Android Studio1\jbr\bin\java.dll
0x00007ff93b4e0000 - 0x00007ff93b4f8000 	C:\Program Files\Android\Android Studio1\jbr\bin\zip.dll
0x00007ff9795c0000 - 0x00007ff979d52000 	C:\WINDOWS\System32\SHELL32.dll
0x00007ff9756a0000 - 0x00007ff975f32000 	C:\WINDOWS\SYSTEM32\windows.storage.dll
0x00007ff979220000 - 0x00007ff979317000 	C:\WINDOWS\System32\SHCORE.dll
0x00007ff97a7d0000 - 0x00007ff97a837000 	C:\WINDOWS\System32\shlwapi.dll
0x00007ff977b40000 - 0x00007ff977b69000 	C:\WINDOWS\SYSTEM32\profapi.dll
0x00007ff959570000 - 0x00007ff959580000 	C:\Program Files\Android\Android Studio1\jbr\bin\net.dll
0x00007ff96b2d0000 - 0x00007ff96b3f7000 	C:\WINDOWS\SYSTEM32\WINHTTP.dll
0x00007ff976e50000 - 0x00007ff976ebc000 	C:\WINDOWS\system32\mswsock.dll
0x00007ff91b4a0000 - 0x00007ff91b4b6000 	C:\Program Files\Android\Android Studio1\jbr\bin\nio.dll
0x00007ff968ea0000 - 0x00007ff968eb0000 	C:\Program Files\Android\Android Studio1\jbr\bin\verify.dll
0x00007ff916d10000 - 0x00007ff916d37000 	C:\Users\HP\.gradle\native\1def1411415f61bf3af743bc5b6707747c0891f09f0c88961ee8f79bc544acac\windows-amd64\native-platform.dll
0x00007ff910240000 - 0x00007ff9102b8000 	C:\Users\HP\.gradle\native\0.2.7\x86_64-windows-gnu\gradle-fileevents.dll
0x00007ff953280000 - 0x00007ff953289000 	C:\Program Files\Android\Android Studio1\jbr\bin\management.dll
0x00007ff953250000 - 0x00007ff95325b000 	C:\Program Files\Android\Android Studio1\jbr\bin\management_ext.dll
0x00007ff979140000 - 0x00007ff979148000 	C:\WINDOWS\System32\PSAPI.DLL
0x00007ff976270000 - 0x00007ff9762a3000 	C:\WINDOWS\SYSTEM32\IPHLPAPI.DLL
0x00007ff979d60000 - 0x00007ff979d6a000 	C:\WINDOWS\System32\NSI.dll
0x00007ff9594a0000 - 0x00007ff9594a9000 	C:\Program Files\Android\Android Studio1\jbr\bin\extnet.dll
0x00007ff977280000 - 0x00007ff97729b000 	C:\WINDOWS\SYSTEM32\CRYPTSP.dll
0x00007ff976820000 - 0x00007ff976859000 	C:\WINDOWS\system32\rsaenh.dll
0x00007ff976f10000 - 0x00007ff976f42000 	C:\WINDOWS\SYSTEM32\USERENV.dll
0x00007ff977b10000 - 0x00007ff977b3a000 	C:\WINDOWS\SYSTEM32\bcrypt.dll
0x00007ff9770c0000 - 0x00007ff9770cc000 	C:\WINDOWS\SYSTEM32\CRYPTBASE.dll
0x00007ff96f070000 - 0x00007ff96f078000 	C:\WINDOWS\system32\wshunix.dll
0x00007ff9769f0000 - 0x00007ff976a26000 	C:\WINDOWS\SYSTEM32\ntmarta.dll
0x00007ff976360000 - 0x00007ff9764b6000 	C:\WINDOWS\SYSTEM32\DNSAPI.dll
0x00007ff976c50000 - 0x00007ff976c5d000 	C:\WINDOWS\SYSTEM32\DSPARSE.dll
0x00007ff96b7d0000 - 0x00007ff96b7db000 	C:\Windows\System32\rasadhlp.dll
0x00007ff9697d0000 - 0x00007ff969856000 	C:\WINDOWS\System32\fwpuclnt.dll

JVMTI agents:
C:\Users\HP\.gradle\wrapper\dists\gradle-8.13-bin\5xuhj0ry160q40clulazy9h7d\gradle-8.13\lib\agents\gradle-instrumentation-agent-8.13.jar path:C:\Program Files\Android\Android Studio1\jbr\bin\instrument.dll, loaded, initialized, instrumentlib options:none

dbghelp: loaded successfully - version: 4.0.5 - missing functions: none
symbol engine: initialized successfully - sym options: 0x614 - pdb path: .;C:\Program Files\Android\Android Studio1\jbr\bin;C:\WINDOWS\SYSTEM32;C:\WINDOWS\WinSxS\amd64_microsoft.windows.common-controls_6595b64144ccf1df_6.0.26100.8875_none_3e0d5d42e32fe9dd;C:\Program Files\Android\Android Studio1\jbr\bin\server;C:\Users\HP\.gradle\native\1def1411415f61bf3af743bc5b6707747c0891f09f0c88961ee8f79bc544acac\windows-amd64;C:\Users\HP\.gradle\native\0.2.7\x86_64-windows-gnu

VM Arguments:
jvm_args: --add-opens=java.base/java.lang=ALL-UNNAMED --add-opens=java.base/java.lang.invoke=ALL-UNNAMED --add-opens=java.base/java.util=ALL-UNNAMED --add-opens=java.prefs/java.util.prefs=ALL-UNNAMED --add-exports=jdk.compiler/com.sun.tools.javac.api=ALL-UNNAMED --add-exports=jdk.compiler/com.sun.tools.javac.util=ALL-UNNAMED --add-opens=java.base/java.util=ALL-UNNAMED --add-opens=java.prefs/java.util.prefs=ALL-UNNAMED --add-opens=java.base/java.nio.charset=ALL-UNNAMED --add-opens=java.base/java.net=ALL-UNNAMED --add-opens=java.base/java.util.concurrent.atomic=ALL-UNNAMED --add-opens=java.xml/javax.xml.namespace=ALL-UNNAMED -Xmx2048m -Dfile.encoding=UTF-8 -Duser.country=US -Duser.language=en -Duser.variant -javaagent:C:\Users\HP\.gradle\wrapper\dists\gradle-8.13-bin\5xuhj0ry160q40clulazy9h7d\gradle-8.13\lib\agents\gradle-instrumentation-agent-8.13.jar 
java_command: org.gradle.launcher.daemon.bootstrap.GradleDaemon 8.13
java_class_path (initial): C:\Users\HP\.gradle\wrapper\dists\gradle-8.13-bin\5xuhj0ry160q40clulazy9h7d\gradle-8.13\lib\gradle-daemon-main-8.13.jar
Launcher Type: SUN_STANDARD

[Global flags]
     intx CICompilerCount                          = 4                                         {product} {ergonomic}
     uint ConcGCThreads                            = 2                                         {product} {ergonomic}
     uint G1ConcRefinementThreads                  = 8                                         {product} {ergonomic}
   size_t G1HeapRegionSize                         = 1048576                                   {product} {ergonomic}
    uintx GCDrainStackTargetSize                   = 64                                        {product} {ergonomic}
   size_t InitialHeapSize                          = 266338304                                 {product} {ergonomic}
   size_t MarkStackSize                            = 4194304                                   {product} {ergonomic}
   size_t MaxHeapSize                              = 2147483648                                {product} {command line}
   size_t MaxNewSize                               = 1287651328                                {product} {ergonomic}
   size_t MinHeapDeltaBytes                        = 1048576                                   {product} {ergonomic}
   size_t MinHeapSize                              = 8388608                                   {product} {ergonomic}
    uintx NonNMethodCodeHeapSize                   = 5839372                                {pd product} {ergonomic}
    uintx NonProfiledCodeHeapSize                  = 122909434                              {pd product} {ergonomic}
    uintx ProfiledCodeHeapSize                     = 122909434                              {pd product} {ergonomic}
    uintx ReservedCodeCacheSize                    = 251658240                              {pd product} {ergonomic}
     bool SegmentedCodeCache                       = true                                      {product} {ergonomic}
   size_t SoftMaxHeapSize                          = 2147483648                             {manageable} {ergonomic}
     bool UseCompressedOops                        = true                           {product lp64_product} {ergonomic}
     bool UseG1GC                                  = true                                      {product} {ergonomic}
     bool UseLargePagesIndividualAllocation        = false                                  {pd product} {ergonomic}

Logging:
Log output configuration:
 #0: stdout all=warning uptime,level,tags foldmultilines=false
 #1: stderr all=off uptime,level,tags foldmultilines=false

Release file:
JAVA_VERSION="21.0.10" 
MODULES="java.base java.compiler java.datatransfer java.xml java.prefs java.desktop java.instrument java.logging java.management java.security.sasl java.naming java.rmi java.management.rmi java.net.http java.scripting java.security.jgss java.transaction.xa java.sql java.sql.rowset java.xml.crypto java.se java.smartcardio jdk.accessibility jdk.internal.jvmstat jdk.attach jdk.charsets jdk.internal.opt jdk.zipfs jdk.compiler jdk.crypto.ec jdk.crypto.cryptoki jdk.dynalink jdk.hotspot.agent jdk.httpserver jdk.internal.ed jdk.internal.le jdk.internal.vm.ci jdk.jartool jdk.javadoc jdk.jcmd jdk.jdeps jdk.jdwp.agent jdk.jdi jdk.jfr jdk.jlink jdk.jsobject jdk.localedata jdk.management jdk.management.agent jdk.management.jfr jdk.naming.dns jdk.naming.rmi jdk.net jdk.sctp jdk.security.auth jdk.security.jgss jdk.unsupported jdk.unsupported.desktop jdk.xml.dom" 
IMPLEMENTOR="JetBrains s.r.o." 
JAVA_RUNTIME_VERSION="21.0.10+-14961533-b1163.108" 
LIBC="default" 
OS_ARCH="x86_64" 
OS_NAME="Windows" 
SOURCE=".:git:1351622c2ff2" 

Environment Variables:
JAVA_HOME=C:\Program Files\Android\Android Studio\jbr
PATH=C:\Program Files (x86)\VMware\VMware Workstation\bin\;C:\WINDOWS\system32;C:\WINDOWS;C:\WINDOWS\System32\Wbem;C:\WINDOWS\System32\WindowsPowerShell\v1.0\;C:\WINDOWS\System32\OpenSSH\;C:\Program Files\Git\cmd;C:\Program Files\nodejs\;C:\Users\HP\AppData\Local\Android\Sdk\platform-tools;C:\Program Files\Android\Android Studio\jbr\bin;C:\Program Files\Android\Android Studio\jbr\bin;;C:\Program Files\Docker\Docker\resources\bin;C:\Users\HP\AppData\Local\Programs\Python\Launcher\;C:\Users\HP\miniconda3;C:\Users\HP\miniconda3\Library\mingw-w64\bin;C:\Users\HP\miniconda3\Library\usr\bin;C:\Users\HP\miniconda3\Library\bin;C:\Users\HP\miniconda3\Scripts;C:\Users\HP\AppData\Local\Microsoft\WindowsApps;C:\Users\HP\AppData\Local\Programs\Microsoft VS Code\bin;C:\Users\HP\AppData\Roaming\npm;C:\Users\HP\AppData\Local\Programs\Antigravity\bin;C:\Program Files\Android\Android Studio\jbr\bin;C:\Users\HP\AppData\Local\Programs\DDEV;C:\Users\HP\AppData\Local\Programs\Antigravity IDE\bin
USERNAME=HP
OS=Windows_NT
PROCESSOR_IDENTIFIER=Intel64 Family 6 Model 142 Stepping 12, GenuineIntel
TMP=C:\Users\HP\AppData\Local\Temp
TEMP=C:\Users\HP\AppData\Local\Temp




Periodic native trim disabled

JNI global refs:
JNI global refs: 31, weak refs: 298

JNI global refs memory usage: 835, weak refs: 6585

Process memory usage:
Resident Set Size: 1163180K (7% of 16578848K total physical memory with 1009668K free physical memory)

OOME stack traces (most recent first):
Classloader memory used:
Loader org.gradle.internal.classloader.VisitableURLClassLoader$InstrumentingVisitableURLClassLoader: 61086K
Loader org.gradle.internal.classloader.VisitableURLClassLoader                         : 55494K
Loader bootstrap                                                                       : 35504K
Loader org.gradle.internal.classloader.VisitableURLClassLoader                         : 17099K
Loader org.gradle.initialization.MixInLegacyTypesClassLoader                           : 14804K
Loader jdk.internal.reflect.DelegatingClassLoader                                      : 1219K
Loader jdk.internal.loader.ClassLoaders$PlatformClassLoader                            : 811K
Loader org.gradle.groovy.scripts.internal.DefaultScriptCompilationHandler$ScriptClassLoader: 244K
Loader jdk.internal.loader.ClassLoaders$AppClassLoader                                 : 235K
Loader org.codehaus.groovy.runtime.callsite.CallSiteClassLoader                        : 66384B

Classes loaded by more than one classloader:
Class com.google.common.collect.Iterators                                             : loaded 5 times (x 71B)
Class com.google.common.collect.Lists                                                 : loaded 5 times (x 71B)
Class com.google.common.collect.Iterators$9                                           : loaded 5 times (x 81B)
Class com.google.common.collect.ImmutableList                                         : loaded 5 times (x 206B)
Class com.google.common.collect.ImmutableCollection                                   : loaded 5 times (x 125B)
Class com.google.common.collect.PeekingIterator                                       : loaded 5 times (x 70B)
Class com.google.common.collect.Iterators$MergingIterator                             : loaded 5 times (x 81B)
Class com.google.common.collect.Iterators$5                                           : loaded 5 times (x 82B)
Class com.google.common.base.Preconditions                                            : loaded 5 times (x 71B)
Class com.google.common.collect.Iterators$ArrayItr                                    : loaded 5 times (x 97B)
Class com.google.common.collect.Iterators$4                                           : loaded 5 times (x 82B)
Class com.google.common.collect.UnmodifiableIterator                                  : loaded 5 times (x 80B)
Class com.google.common.collect.UnmodifiableListIterator                              : loaded 5 times (x 95B)
Class com.google.common.collect.Lists$StringAsImmutableList                           : loaded 5 times (x 207B)
Class com.google.common.collect.Iterators$1                                           : loaded 5 times (x 81B)
Class com.google.common.collect.AbstractIterator                                      : loaded 5 times (x 82B)
Class com.google.common.collect.AbstractIndexedListIterator                           : loaded 5 times (x 96B)
Class Program                                                                         : loaded 5 times (x 72B)
Class com.google.common.collect.SingletonImmutableList                                : loaded 4 times (x 207B)
Class com.google.common.collect.ImmutableRangeSet$Builder                             : loaded 4 times (x 77B)
Class com.google.common.base.CharMatcher$BitSetMatcher                                : loaded 4 times (x 113B)
Class com.google.common.collect.ImmutableSet                                          : loaded 4 times (x 145B)
Class com.google.common.collect.ImmutableList$ReverseImmutableList                    : loaded 4 times (x 207B)
Class com.google.common.base.CharMatcher$Or                                           : loaded 4 times (x 113B)
Class com.google.common.collect.RegularImmutableList                                  : loaded 4 times (x 207B)
Class com.google.common.base.CharMatcher$IsEither                                     : loaded 4 times (x 112B)
Class org.gradle.internal.Cast                                                        : loaded 4 times (x 71B)
Class org.gradle.api.Action                                                           : loaded 4 times (x 70B)
Class com.google.common.base.CharMatcher$FastMatcher                                  : loaded 4 times (x 112B)
Class com.google.common.base.CharMatcher$And                                          : loaded 4 times (x 113B)
Class com.google.common.base.Predicate                                                : loaded 4 times (x 70B)
Class com.google.common.base.Function                                                 : loaded 4 times (x 70B)
Class com.google.common.base.CharMatcher$NegatedFastMatcher                           : loaded 4 times (x 114B)
Class com.google.common.collect.AbstractRangeSet                                      : loaded 4 times (x 114B)
Class com.google.common.collect.Range                                                 : loaded 4 times (x 86B)
Class com.google.common.collect.SingletonImmutableSet                                 : loaded 4 times (x 146B)
Class com.google.common.collect.ImmutableSet$CachingAsList                            : loaded 4 times (x 148B)
Class com.google.common.collect.ImmutableRangeSet$1                                   : loaded 4 times (x 210B)
Class com.google.common.collect.RegularImmutableAsList                                : loaded 4 times (x 217B)
Class org.gradle.api.GradleException                                                  : loaded 4 times (x 82B)
Class com.google.common.collect.ImmutableList$Builder                                 : loaded 4 times (x 77B)
Class com.google.common.collect.Iterators$SingletonIterator                           : loaded 4 times (x 81B)
Class com.intellij.gradle.toolingExtension.util.GradleVersionUtil                     : loaded 4 times (x 71B)
Class com.google.common.base.CharMatcher$IsNot                                        : loaded 4 times (x 112B)
Class com.google.common.base.Joiner                                                   : loaded 4 times (x 80B)
Class org.gradle.internal.IoActions                                                   : loaded 4 times (x 71B)
Class com.google.common.collect.ImmutableSet$RegularSetBuilderImpl                    : loaded 4 times (x 77B)
Class com.google.common.collect.ImmutableList$1                                       : loaded 4 times (x 97B)
Class com.google.common.collect.ImmutableRangeSet$ComplementRanges                    : loaded 4 times (x 207B)
Class com.google.common.collect.ImmutableRangeSet$AsSet                               : loaded 4 times (x 300B)
Class com.google.common.collect.SortedIterable                                        : loaded 4 times (x 70B)
Class com.google.common.collect.ImmutableCollection$Builder                           : loaded 4 times (x 76B)
Class com.google.common.base.CharMatcher$Negated                                      : loaded 4 times (x 114B)
Class com.google.common.base.CharMatcher$Is                                           : loaded 4 times (x 112B)
Class com.google.common.collect.ImmutableSortedSet                                    : loaded 4 times (x 300B)
Class com.google.common.collect.RegularImmutableSet                                   : loaded 4 times (x 149B)
Class com.google.common.base.CharMatcher$ForPredicate                                 : loaded 4 times (x 113B)
Class com.google.common.base.CharMatcher                                              : loaded 4 times (x 112B)
Class com.google.common.base.Joiner$1                                                 : loaded 4 times (x 81B)
Class com.google.common.base.CharMatcher$AnyOf                                        : loaded 4 times (x 113B)
Class com.google.common.base.CharMatcher$NamedFastMatcher                             : loaded 4 times (x 113B)
Class com.google.common.base.CharMatcher$1                                            : loaded 4 times (x 114B)
Class com.google.common.base.Joiner$2                                                 : loaded 4 times (x 80B)
Class com.google.common.collect.RangeSet                                              : loaded 4 times (x 70B)
Class com.google.common.collect.ImmutableRangeSet                                     : loaded 4 times (x 115B)
Class com.google.common.base.CharMatcher$InRange                                      : loaded 4 times (x 112B)
Class com.google.common.collect.ImmutableAsList                                       : loaded 4 times (x 209B)
Class com.google.common.collect.ImmutableSet$SetBuilderImpl                           : loaded 4 times (x 76B)
Class com.google.common.collect.ForwardingObject                                      : loaded 4 times (x 72B)
Class com.google.common.collect.ImmutableList$SubList                                 : loaded 4 times (x 207B)
Class com.google.common.collect.RegularImmutableSortedSet                             : loaded 4 times (x 300B)
Class org.jetbrains.plugins.gradle.model.GradleExtensions                             : loaded 3 times (x 70B)
Class org.jetbrains.plugins.gradle.model.AnnotationProcessingModel                    : loaded 3 times (x 70B)
Class org.gradle.tooling.internal.adapter.TargetTypeProvider                          : loaded 3 times (x 70B)
Class com.amazon.ion.IonCatalog                                                       : loaded 3 times (x 70B)
Class com.amazon.ion.system.IonSystemBuilder                                          : loaded 3 times (x 75B)
Class com.amazon.ion.impl._Private_IonWriterBase                                      : loaded 3 times (x 162B)
Class [Lcom.amazon.ion.impl.bin.IonManagedBinaryWriter$SymbolState;                   : loaded 3 times (x 69B)
Class com.intellij.util.ThrowableConsumer                                             : loaded 3 times (x 70B)
Class org.jetbrains.plugins.gradle.javaModel.JavaGradleManifestModel                  : loaded 3 times (x 70B)
Class org.gradle.tooling.internal.adapter.ProtocolToModelAdapter$MethodInvocationCache$MethodInvocationKey: loaded 3 times (x 73B)
Class com.intellij.gradle.toolingExtension.impl.model.taskModel.GradleTaskSerialisationService$Companion: loaded 3 times (x 71B)
Class com.android.builder.model.v2.ide.AaptOptions$Namespacing                        : loaded 3 times (x 79B)
Class com.android.utils.FileUtils                                                     : loaded 3 times (x 71B)
Class org.jetbrains.plugins.gradle.tooling.serialization.GradleExtensionsSerializationService$WriteContext: loaded 3 times (x 72B)
Class org.jetbrains.plugins.gradle.model.UnresolvedExternalDependency                 : loaded 3 times (x 70B)
Class kotlin.coroutines.jvm.internal.CoroutineStackFrame                              : loaded 3 times (x 70B)
Class kotlin.sequences.TransformingSequence                                           : loaded 3 times (x 75B)
Class org.gradle.tooling.internal.adapter.MethodInvocation                            : loaded 3 times (x 85B)
Class kotlin.coroutines.intrinsics.IntrinsicsKt__IntrinsicsJvmKt                      : loaded 3 times (x 71B)
Class io.opentelemetry.api.internal.OtelEncodingUtils                                 : loaded 3 times (x 71B)
Class org.gradle.internal.operations.MultipleBuildOperationFailures                   : loaded 3 times (x 95B)
Class io.opentelemetry.context.ContextStorageProvider                                 : loaded 3 times (x 70B)
Class com.android.utils.StringHelper                                                  : loaded 3 times (x 71B)
Class kotlin.jvm.internal.StringCompanionObject                                       : loaded 3 times (x 71B)
Class kotlin.jvm.internal.Ref$BooleanRef                                              : loaded 3 times (x 71B)
Class com.amazon.ion.SymbolTable                                                      : loaded 3 times (x 70B)
Class com.amazon.ion.impl.bin.IonManagedBinaryWriter$ImportDescriptor                 : loaded 3 times (x 76B)
Class [Lcom.amazon.ion.impl.bin.IonRawBinaryWriter$StreamCloseMode;                   : loaded 3 times (x 69B)
Class com.amazon.ion.impl.lite.IonSymbolLite                                          : loaded 3 times (x 247B)
Class com.amazon.ion.impl.bin.IonManagedBinaryWriter$ImportedSymbolResolverMode$1     : loaded 3 times (x 80B)
Class org.gradle.util.GradleVersion                                                   : loaded 3 times (x 81B)
Class io.opentelemetry.api.trace.SpanContextKey                                       : loaded 3 times (x 71B)
Class kotlin.coroutines.jvm.internal.SuspendFunction                                  : loaded 3 times (x 70B)
Class com.intellij.util.containers.IntObjectHashMap$ArrayProducer                     : loaded 3 times (x 70B)
Class io.opentelemetry.api.GlobalOpenTelemetry                                        : loaded 3 times (x 71B)
Class org.jetbrains.kotlin.idea.gradleTooling.AndroidAwareGradleModelProvider$Companion: loaded 3 times (x 71B)
Class com.android.builder.model.v2.ide.AndroidArtifact                                : loaded 3 times (x 70B)
Class com.android.builder.model.v2.ide.BasicArtifact                                  : loaded 3 times (x 70B)
Class com.amazon.ion.SubstituteSymbolTableException                                   : loaded 3 times (x 84B)
Class com.amazon.ion.impl.SymbolTokenImpl                                             : loaded 3 times (x 81B)
Class com.amazon.ion.IonText                                                          : loaded 3 times (x 70B)
Class com.amazon.ion.impl.bin.utf8.Pool$Allocator                                     : loaded 3 times (x 70B)
Class com.amazon.ion.impl.bin.utf8.Utf8StringEncoder$Result                           : loaded 3 times (x 74B)
Class org.gradle.tooling.model.DomainObjectSet                                        : loaded 3 times (x 70B)
Class org.gradle.tooling.model.idea.IdeaProject                                       : loaded 3 times (x 70B)
Class org.gradle.tooling.internal.adapter.ProtocolToModelAdapter$ViewGraphDetails     : loaded 3 times (x 72B)
Class kotlin.io.NoSuchFileException                                                   : loaded 3 times (x 82B)
Class com.amazon.ion.impl.bin.IonManagedBinaryWriter$ImportedSymbolResolverMode$2     : loaded 3 times (x 80B)
Class com.android.builder.model.v2.ide.LintOptions                                    : loaded 3 times (x 70B)
Class com.google.common.collect.ReverseNaturalOrdering                                : loaded 3 times (x 114B)
Class kotlin.text.MatcherMatchResult$groupValues$1                                    : loaded 3 times (x 198B)
Class kotlin.sequences.SequencesKt___SequencesKt                                      : loaded 3 times (x 71B)
Class [Lcom.amazon.ion.impl.bin.IonRawBinaryWriter$ContainerType;                     : loaded 3 times (x 69B)
Class io.opentelemetry.context.Scope                                                  : loaded 3 times (x 70B)
Class kotlin.collections.AbstractList$Companion                                       : loaded 3 times (x 71B)
Class Build_gradle                                                                    : loaded 3 times (x 130B)
Class kotlin.jvm.internal.markers.KMappedMarker                                       : loaded 3 times (x 70B)
Class org.gradle.internal.time.Timer                                                  : loaded 3 times (x 70B)
Class com.android.builder.model.v2.ide.SourceSetContainer                             : loaded 3 times (x 70B)
Class org.jetbrains.plugins.gradle.model.GradleExtension                              : loaded 3 times (x 70B)
Class com.amazon.ion.IonBufferConfiguration$Builder                                   : loaded 3 times (x 78B)
Class com.amazon.ion.impl.lite.IonDecimalLite                                         : loaded 3 times (x 189B)
Class com.android.ide.gradle.model.GradlePluginModel                                  : loaded 3 times (x 70B)
Class com.google.common.collect.Ordering                                              : loaded 3 times (x 114B)
Class [Lcom.android.ide.common.repository.AgpVersion$PreviewKind;                     : loaded 3 times (x 69B)
Class kotlin.sequences.SequencesKt___SequencesKt$flatMap$2                            : loaded 3 times (x 129B)
Class org.gradle.tooling.model.build.JavaEnvironment                                  : loaded 3 times (x 70B)
Class org.jetbrains.plugins.gradle.tooling.serialization.internal.IdeaProjectSerializationService: loaded 3 times (x 77B)
Class com.android.builder.model.v2.models.VariantDependenciesFlatList                 : loaded 3 times (x 70B)
Class com.google.common.collect.ReverseOrdering                                       : loaded 3 times (x 115B)
Class com.android.builder.model.v2.ide.Edge                                           : loaded 3 times (x 70B)
Class com.amazon.ion.impl.bin.IonRawBinaryWriter$PreallocationMode$3                  : loaded 3 times (x 82B)
Class org.jetbrains.kotlin.idea.gradleTooling.PrepareKotlinIdeImportTaskModel         : loaded 3 times (x 70B)
Class com.android.builder.model.v2.ide.VectorDrawablesOptions                         : loaded 3 times (x 70B)
Class com.amazon.ion.impl.lite.IonSystemLite                                          : loaded 3 times (x 275B)
Class com.amazon.ion.util.InputStreamInterceptor                                      : loaded 3 times (x 70B)
Class com.amazon.ion.impl.bin.IonRawBinaryWriter$PreallocationMode                    : loaded 3 times (x 82B)
Class com.amazon.ion.impl.bin._Private_IonRawWriter                                   : loaded 3 times (x 70B)
Class com.amazon.ion.IonWriter                                                        : loaded 3 times (x 70B)
Class kotlin.ranges.IntProgression$Companion                                          : loaded 3 times (x 71B)
Class com.amazon.ion.impl.bin.IonRawBinaryWriter$PreallocationMode$2                  : loaded 3 times (x 82B)
Class com.amazon.ion.IonInt                                                           : loaded 3 times (x 70B)
Class kotlin.NoWhenBranchMatchedException                                             : loaded 3 times (x 82B)
Class kotlin.text.StringsKt__AppendableKt                                             : loaded 3 times (x 71B)
Class kotlin.collections.CollectionsKt                                                : loaded 3 times (x 71B)
Class com.android.builder.model.v2.models.AndroidDsl                                  : loaded 3 times (x 70B)
Class org.jetbrains.kotlin.idea.gradleTooling.KotlinMPPGradleModel                    : loaded 3 times (x 70B)
Class io.opentelemetry.context.propagation.ContextPropagators                         : loaded 3 times (x 70B)
Class org.gradle.tooling.internal.gradle.DefaultProjectIdentifier                     : loaded 3 times (x 86B)
Class org.gradle.tooling.model.BuildIdentifier                                        : loaded 3 times (x 70B)
Class com.intellij.gradle.toolingExtension.impl.model.dependencyDownloadPolicyModel.GradleDependencyDownloadPolicy: loaded 3 times (x 70B)
Class [Lcom.amazon.ion.impl.bin._Private_IonManagedBinaryWriterBuilder$AllocatorMode; : loaded 3 times (x 69B)
Class com.amazon.ion.impl.bin.IonRawBinaryWriter$PreallocationMode$1                  : loaded 3 times (x 82B)
Class com.amazon.ion.impl._Private_ValueFactory                                       : loaded 3 times (x 70B)
Class com.amazon.ion.impl._Private_IonContainer                                       : loaded 3 times (x 70B)
Class com.android.ide.common.gradle.Numeric                                           : loaded 3 times (x 77B)
Class com.amazon.ion.impl.lite.IonClobLite                                            : loaded 3 times (x 221B)
Class org.jetbrains.plugins.gradle.model.DependencyAccessorsModel                     : loaded 3 times (x 70B)
Class gnu.trove.TObjectIntHashMap                                                     : loaded 3 times (x 109B)
Class [Lcom.intellij.openapi.externalSystem.model.project.dependencies.ResolutionState;: loaded 3 times (x 69B)
Class com.google.common.collect.Iterators$PeekingImpl                                 : loaded 3 times (x 85B)
Class com.google.common.collect.ComparatorOrdering                                    : loaded 3 times (x 115B)
Class kotlin.jvm.internal.CallableReference$NoReceiver                                : loaded 3 times (x 71B)
Class com.intellij.gradle.toolingExtension.impl.model.buildScriptClasspathModel.GradleBuildScriptClasspathSerializationService$ReadContext: loaded 3 times (x 72B)
Class com.intellij.gradle.toolingExtension.impl.model.utilTurnOffDefaultTasksModel.TurnOffDefaultTasks: loaded 3 times (x 70B)
Class kotlin.text.StringsKt__StringBuilderKt                                          : loaded 3 times (x 71B)
Class com.amazon.ion.impl.lite.IonNullLite                                            : loaded 3 times (x 176B)
Class org.jetbrains.plugins.gradle.tooling.serialization.AnnotationProcessingModelSerializationService: loaded 3 times (x 77B)
Class kotlin.collections.ArraysKt__ArraysJVMKt                                        : loaded 3 times (x 71B)
Class com.android.builder.model.v2.models.ProjectGraph                                : loaded 3 times (x 70B)
Class com.android.ide.common.repository.AgpVersion$PreviewKind                        : loaded 3 times (x 79B)
Class com.amazon.ion.system.IonBinaryWriterBuilder                                    : loaded 3 times (x 99B)
Class com.android.ide.common.gradle.Version$Companion$ParseState$NUMERIC              : loaded 3 times (x 74B)
Class com.amazon.ion.impl.bin.IonManagedBinaryWriter$UserState$4                      : loaded 3 times (x 85B)
Class com.amazon.ion.impl.SharedSymbolTable                                           : loaded 3 times (x 93B)
Class com.amazon.ion.impl.bin.IonRawBinaryWriter                                      : loaded 3 times (x 168B)
Class com.amazon.ion.SymbolToken                                                      : loaded 3 times (x 70B)
Class com.intellij.gradle.toolingExtension.impl.model.sourceSetModel.GradleSourceSetSerialisationService$SourceSetModelReadContext: loaded 3 times (x 72B)
Class com.amazon.ion.impl._Private_LocalSymbolTableFactory                            : loaded 3 times (x 70B)
Class com.amazon.ion.impl.bin.IonManagedBinaryWriter$ImportedSymbolResolverMode$1$1$1 : loaded 3 times (x 76B)
Class kotlin.text.StringsKt__StringNumberConversionsJVMKt                             : loaded 3 times (x 71B)
Class com.amazon.ion.system.IonTextWriterBuilder                                      : loaded 3 times (x 98B)
Class com.google.common.collect.NaturalOrdering                                       : loaded 3 times (x 115B)
Class org.gradle.internal.time.Time                                                   : loaded 3 times (x 71B)
Class kotlin.text.MatchResult                                                         : loaded 3 times (x 70B)
Class io.opentelemetry.api.trace.TraceFlags                                           : loaded 3 times (x 70B)
Class com.android.builder.model.v2.models.BasicAndroidProject                         : loaded 3 times (x 70B)
Class kotlin.sequences.SequenceScope                                                  : loaded 3 times (x 73B)
Class kotlin.sequences.Sequence                                                       : loaded 3 times (x 70B)
Class org.gradle.tooling.ToolingModelContract                                         : loaded 3 times (x 70B)
Class org.jetbrains.plugins.gradle.tooling.serialization.ExternalTestsSerializationService: loaded 3 times (x 77B)
Class kotlin.coroutines.EmptyCoroutineContext                                         : loaded 3 times (x 77B)
Class kotlin.collections.SetsKt__SetsKt                                               : loaded 3 times (x 71B)
Class com.google.common.collect.ByFunctionOrdering                                    : loaded 3 times (x 115B)
Class io.opentelemetry.api.trace.TraceId                                              : loaded 3 times (x 71B)
Class kotlin.ranges.IntProgressionIterator                                            : loaded 3 times (x 82B)
Class com.android.builder.model.v2.dsl.DependenciesInfo                               : loaded 3 times (x 70B)
Class com.android.builder.model.v2.dsl.BuildType                                      : loaded 3 times (x 70B)
Class com.amazon.ion.impl.lite.IonBoolLite                                            : loaded 3 times (x 179B)
Class com.amazon.ion.IonSequence                                                      : loaded 3 times (x 70B)
Class com.amazon.ion.IonLob                                                           : loaded 3 times (x 70B)
Class com.amazon.ion.IonBlob                                                          : loaded 3 times (x 70B)
Class com.amazon.ion.impl.bin.IonRawBinaryWriter$PatchPoint                           : loaded 3 times (x 72B)
Class kotlin.collections.CollectionsKt___CollectionsKt$asSequence$$inlined$Sequence$1 : loaded 3 times (x 75B)
Class org.gradle.tooling.model.HierarchicalElement                                    : loaded 3 times (x 70B)
Class io.opentelemetry.api.trace.PropagatedSpan                                       : loaded 3 times (x 112B)
Class com.intellij.gradle.toolingExtension.impl.model.projectModel.GradleExternalProjectSerializationService: loaded 3 times (x 77B)
Class kotlin.collections.ArraysKt                                                     : loaded 3 times (x 71B)
Class kotlin.collections.ArrayDeque$Companion                                         : loaded 3 times (x 71B)
Class kotlin.coroutines.CoroutineContext                                              : loaded 3 times (x 70B)
Class kotlin.text.CharsKt__CharKt                                                     : loaded 3 times (x 71B)
Class com.android.builder.model.v2.ide.ProjectInfo                                    : loaded 3 times (x 70B)
Class com.amazon.ion.impl._Private_IonBinaryWriterBuilder$Mutable                     : loaded 3 times (x 115B)
Class com.amazon.ion.impl.bin.IonRawBinaryWriter$StreamCloseMode                      : loaded 3 times (x 79B)
Class org.jetbrains.kotlin.idea.gradleTooling.model.kapt.KaptGradleModel              : loaded 3 times (x 70B)
Class org.jetbrains.plugins.gradle.model.ClasspathEntryModel                          : loaded 3 times (x 70B)
Class org.jetbrains.kotlin.idea.gradleTooling.KotlinDslScriptAdditionalTask           : loaded 3 times (x 70B)
Class org.jetbrains.plugins.gradle.model.tests.ExternalTestsModel                     : loaded 3 times (x 70B)
Class org.gradle.internal.exceptions.DefaultMultiCauseException                       : loaded 3 times (x 95B)
Class io.opentelemetry.api.OpenTelemetry                                              : loaded 3 times (x 70B)
Class org.gradle.tooling.internal.adapter.WeakIdentityHashMap$WeakKey                 : loaded 3 times (x 79B)
Class org.gradle.tooling.internal.adapter.ProtocolToModelAdapter$SafeMethodInvoker    : loaded 3 times (x 76B)
Class org.gradle.tooling.model.idea.IdeaLanguageLevel                                 : loaded 3 times (x 70B)
Class com.amazon.ion.IonTimestamp                                                     : loaded 3 times (x 70B)
Class com.amazon.ion.impl.bin.PooledBlockAllocatorProvider$PooledBlockAllocator       : loaded 3 times (x 81B)
Class kotlin.ranges.RangesKt___RangesKt                                               : loaded 3 times (x 71B)
Class org.gradle.api.JavaVersion                                                      : loaded 3 times (x 79B)
Class com.android.ide.common.repository.AgpVersion$Companion$WhenMappings             : loaded 3 times (x 71B)
Class [Lio.opentelemetry.api.trace.ImmutableTraceFlags;                               : loaded 3 times (x 69B)
Class org.jetbrains.plugins.gradle.tooling.serialization.GradleExtensionsSerializationService: loaded 3 times (x 77B)
Class com.intellij.platform.diagnostic.telemetry.rt.context.TelemetryContextGetter    : loaded 3 times (x 75B)
Class org.gradle.tooling.model.Dependency                                             : loaded 3 times (x 70B)
Class org.gradle.tooling.internal.adapter.ProtocolToModelAdapter$InvocationHandlerImpl: loaded 3 times (x 77B)
Class com.amazon.ion.IonDecimal                                                       : loaded 3 times (x 70B)
Class kotlin.KotlinNullPointerException                                               : loaded 3 times (x 83B)
Class com.amazon.ion.IonDatagram                                                      : loaded 3 times (x 70B)
Class com.amazon.ion.impl.bin.IonManagedBinaryWriter$ImportedSymbolResolverMode$1$1   : loaded 3 times (x 78B)
Class com.amazon.ion.impl._Private_ByteTransferSink                                   : loaded 3 times (x 70B)
Class kotlin.sequences.SequenceBuilderIterator                                        : loaded 3 times (x 85B)
Class kotlin.ranges.OpenEndRange                                                      : loaded 3 times (x 70B)
Class com.android.ide.common.gradle.Version$Companion$ParseState$EMPTY                : loaded 3 times (x 74B)
Class org.jetbrains.plugins.gradle.model.GradleConfiguration                          : loaded 3 times (x 70B)
Class kotlin.text.StringsKt__RegexExtensionsJVMKt                                     : loaded 3 times (x 71B)
Class com.android.builder.model.v2.ide.AbstractArtifact                               : loaded 3 times (x 70B)
Class com.amazon.ion.BufferConfiguration$OversizedValueHandler                        : loaded 3 times (x 70B)
Class com.google.common.collect.AllEqualOrdering                                      : loaded 3 times (x 114B)
Class kotlin.collections.ArraysKt___ArraysJvmKt                                       : loaded 3 times (x 71B)
Class kotlin.collections.CollectionsKt__CollectionsKt                                 : loaded 3 times (x 71B)
Class com.amazon.ion.impl._Private_IonSystem                                          : loaded 3 times (x 70B)
Class com.intellij.openapi.externalSystem.model.project.dependencies.ResolutionState  : loaded 3 times (x 79B)
Class com.amazon.ion.impl.bin.utf8.Utf8StringEncoderPool                              : loaded 3 times (x 74B)
Class io.opentelemetry.api.trace.Span                                                 : loaded 3 times (x 70B)
Class org.gradle.tooling.model.ProjectModel                                           : loaded 3 times (x 70B)
Class com.intellij.gradle.toolingExtension.impl.model.dependencyModel.DependencyWriteContext: loaded 3 times (x 72B)
Class com.intellij.gradle.toolingExtension.impl.model.projectModel.GradleExternalProjectSerializationService$ReadContext: loaded 3 times (x 73B)
Class kotlin.collections.CollectionsKt__IterablesKt                                   : loaded 3 times (x 71B)
Class kotlin.coroutines.intrinsics.CoroutineSingletons                                : loaded 3 times (x 79B)
Class kotlin.collections.MapsKt                                                       : loaded 3 times (x 71B)
Class kotlin.jvm.internal.Intrinsics                                                  : loaded 3 times (x 71B)
Class org.gradle.internal.time.CountdownTimer                                         : loaded 3 times (x 70B)
Class kotlin.text.Regex$Companion                                                     : loaded 3 times (x 71B)
Class org.gradle.internal.exceptions.MultiCauseException                              : loaded 3 times (x 70B)
Class kotlin.coroutines.intrinsics.IntrinsicsKt                                       : loaded 3 times (x 71B)
Class org.jetbrains.plugins.gradle.model.ExternalLibraryDependency                    : loaded 3 times (x 70B)
Class kotlin.jvm.internal.markers.KMutableCollection                                  : loaded 3 times (x 70B)
Class kotlin.reflect.KAnnotatedElement                                                : loaded 3 times (x 70B)
Class kotlin.collections.EmptyMap                                                     : loaded 3 times (x 108B)
Class kotlin.text.MatcherMatchResult$groups$1                                         : loaded 3 times (x 151B)
Class com.android.builder.model.v2.ide.TestedTargetVariant                            : loaded 3 times (x 70B)
Class kotlin.ranges.IntRange$Companion                                                : loaded 3 times (x 71B)
Class com.amazon.ion.IonValue                                                         : loaded 3 times (x 70B)
Class com.amazon.ion.impl._Private_Utils                                              : loaded 3 times (x 71B)
Class com.intellij.gradle.toolingExtension.model.repositoryModel.ProjectRepositoriesModel: loaded 3 times (x 70B)
Class io.opentelemetry.context.propagation.NoopTextMapPropagator                      : loaded 3 times (x 76B)
Class gnu.trove.TObjectCanonicalHashingStrategy                                       : loaded 3 times (x 78B)
Class org.jetbrains.plugins.gradle.model.GradleProperty                               : loaded 3 times (x 70B)
Class org.jetbrains.plugins.gradle.tooling.util.IntObjectMap$ObjectFactory            : loaded 3 times (x 70B)
Class org.gradle.tooling.model.build.GradleEnvironment                                : loaded 3 times (x 70B)
Class kotlin.coroutines.jvm.internal.DebugProbesKt                                    : loaded 3 times (x 71B)
Class kotlin.jvm.internal.FunctionReference                                           : loaded 3 times (x 126B)
Class com.android.builder.model.v2.models.VariantDependencies                         : loaded 3 times (x 70B)
Class [Lkotlin.coroutines.intrinsics.CoroutineSingletons;                             : loaded 3 times (x 69B)
Class kotlin.jvm.internal.FunctionBase                                                : loaded 3 times (x 70B)
Class com.android.builder.model.v2.models.VariantDependenciesAdjacencyList            : loaded 3 times (x 70B)
Class kotlin.enums.EnumEntriesList                                                    : loaded 3 times (x 223B)
Class com.intellij.gradle.toolingExtension.impl.model.sourceSetModel.GradleSourceSetSerialisationService$SourceSetModelWriteContext: loaded 3 times (x 72B)
Class com.amazon.ion.IonLoader                                                        : loaded 3 times (x 70B)
Class kotlin.enums.EnumEntriesKt                                                      : loaded 3 times (x 71B)
Class com.amazon.ion.impl.bin.IonRawBinaryWriter$ContainerType                        : loaded 3 times (x 79B)
Class com.amazon.ion.impl._Private_IonTextWriterBuilder$Mutable                       : loaded 3 times (x 102B)
Class io.opentelemetry.api.internal.ImmutableSpanContext                              : loaded 3 times (x 91B)
Class kotlin.collections.CollectionsKt__MutableCollectionsJVMKt                       : loaded 3 times (x 71B)
Class kotlin.comparisons.ComparisonsKt___ComparisonsJvmKt                             : loaded 3 times (x 71B)
Class com.google.common.collect.NullsLastOrdering                                     : loaded 3 times (x 115B)
Class kotlin.text.StringsKt___StringsKt                                               : loaded 3 times (x 71B)
Class org.gradle.tooling.internal.adapter.WeakIdentityHashMap                         : loaded 3 times (x 76B)
Class [Lcom.android.ide.common.gradle.Separator;                                      : loaded 3 times (x 69B)
Class kotlin.collections.CollectionsKt__IteratorsJVMKt                                : loaded 3 times (x 71B)
Class com.amazon.ion.IonBool                                                          : loaded 3 times (x 70B)
Class com.amazon.ion.impl.bin.utf8.Utf8StringEncoder                                  : loaded 3 times (x 80B)
Class [Lcom.amazon.ion.impl.bin.IonManagedBinaryWriter$UserState;                     : loaded 3 times (x 69B)
Class org.gradle.tooling.internal.adapter.ProtocolToModelAdapter$ReflectionMethodInvoker: loaded 3 times (x 76B)
Class gnu.trove.TObjectHashingStrategy                                                : loaded 3 times (x 70B)
Class kotlin.collections.MapsKt__MapWithDefaultKt                                     : loaded 3 times (x 71B)
Class com.amazon.ion.IonNumber                                                        : loaded 3 times (x 70B)
Class com.amazon.ion.impl.lite.IonTextLite                                            : loaded 3 times (x 182B)
Class com.amazon.ion.impl.lite.IonLobLite                                             : loaded 3 times (x 185B)
Class io.opentelemetry.context.LazyStorage                                            : loaded 3 times (x 71B)
Class org.jetbrains.plugins.gradle.tooling.ModelBuilderService$Parameter              : loaded 3 times (x 70B)
Class kotlin.collections.ArraysKt___ArraysKt                                          : loaded 3 times (x 71B)
Class com.android.builder.model.v2.ide.TestInfo$Execution                             : loaded 3 times (x 79B)
Class kotlin.collections.MapsKt___MapsKt                                              : loaded 3 times (x 71B)
Class org.gradle.tooling.GradleConnectionException                                    : loaded 3 times (x 83B)
Class com.android.builder.model.v2.models.Versions$Version                            : loaded 3 times (x 70B)
Class kotlin.io.FilesKt                                                               : loaded 3 times (x 71B)
Class kotlin.Result                                                                   : loaded 3 times (x 72B)
Class io.opentelemetry.context.ContextStorageWrappers                                 : loaded 3 times (x 71B)
Class io.opentelemetry.context.propagation.DefaultContextPropagators                  : loaded 3 times (x 75B)
Class com.amazon.ion.IonClob                                                          : loaded 3 times (x 70B)
Class org.jetbrains.plugins.gradle.model.IntelliJSettings                             : loaded 3 times (x 70B)
Class org.jetbrains.kotlin.idea.gradleTooling.KotlinSourceSetContainer                : loaded 3 times (x 70B)
Class org.jetbrains.plugins.gradle.model.AnnotationProcessingConfig                   : loaded 3 times (x 70B)
Class io.opentelemetry.api.trace.TraceState                                           : loaded 3 times (x 70B)
Class gnu.trove.Equality                                                              : loaded 3 times (x 70B)
Class kotlin.annotation.Retention                                                     : loaded 3 times (x 70B)
Class kotlin.reflect.KDeclarationContainer                                            : loaded 3 times (x 70B)
Class org.gradle.tooling.internal.adapter.ProtocolToModelAdapter$1                    : loaded 3 times (x 75B)
Class com.amazon.ion.impl.IonWriterSystem                                             : loaded 3 times (x 171B)
Class com.amazon.ion.impl.bin.Symbols$2                                               : loaded 3 times (x 107B)
Class com.amazon.ion.impl.bin._Private_IonManagedWriter                               : loaded 3 times (x 70B)
Class com.android.builder.model.v2.ide.ApiVersion                                     : loaded 3 times (x 70B)
Class com.android.ide.gradle.model.GradlePropertiesModel                              : loaded 3 times (x 70B)
Class org.gradle.tooling.internal.adapter.ProtocolToModelAdapter$ViewDecoration       : loaded 3 times (x 70B)
Class kotlin.sequences.TransformingSequence$iterator$1                                : loaded 3 times (x 79B)
Class kotlin.Pair                                                                     : loaded 3 times (x 72B)
Class org.gradle.tooling.internal.adapter.ProtocolToModelAdapter$SupportedPropertyInvoker: loaded 3 times (x 76B)
Class org.gradle.tooling.model.UnsupportedMethodException                             : loaded 3 times (x 82B)
Class kotlin.text.StringsKt___StringsJvmKt                                            : loaded 3 times (x 71B)
Class com.android.builder.model.v2.ide.AndroidLibraryData                             : loaded 3 times (x 70B)
Class com.android.ide.common.gradle.Version                                           : loaded 3 times (x 75B)
Class com.amazon.ion.system.IonReaderBuilder                                          : loaded 3 times (x 95B)
Class com.amazon.ion.IonReader                                                        : loaded 3 times (x 70B)
Class org.gradle.tooling.internal.adapter.ViewBuilder                                 : loaded 3 times (x 70B)
Class org.gradle.tooling.model.idea.IdeaModuleDependency                              : loaded 3 times (x 70B)
Class org.gradle.internal.exceptions.NonGradleCauseExceptionsHolder                   : loaded 3 times (x 70B)
Class com.amazon.ion.impl.lite.IonContainerLite                                       : loaded 3 times (x 249B)
Class com.amazon.ion.IonBufferConfiguration$OversizedSymbolTableHandler               : loaded 3 times (x 70B)
Class com.amazon.ion.facet.Faceted                                                    : loaded 3 times (x 70B)
Class com.amazon.ion.system.IonWriterBuilder                                          : loaded 3 times (x 74B)
Class org.jetbrains.plugins.gradle.tooling.serialization.ToolingStreamApiUtils        : loaded 3 times (x 71B)
Class com.android.builder.model.v2.ide.BytecodeTransformation                         : loaded 3 times (x 79B)
Class com.amazon.ion.IonException                                                     : loaded 3 times (x 84B)
Class kotlin.collections.CollectionsKt__MutableCollectionsKt                          : loaded 3 times (x 71B)
Class com.amazon.ion.util.GzipStreamInterceptor                                       : loaded 3 times (x 85B)
Class io.opentelemetry.api.trace.AutoValue_ArrayBasedTraceState                       : loaded 3 times (x 87B)
Class org.jetbrains.plugins.gradle.tooling.util.ObjectCollector$Processor             : loaded 3 times (x 70B)
Class gnu.trove.TObjectHash                                                           : loaded 3 times (x 94B)
Class kotlin.collections.CollectionsKt___CollectionsKt                                : loaded 3 times (x 71B)
Class kotlin.annotation.Target                                                        : loaded 3 times (x 70B)
Class com.amazon.ion.impl.bin.utf8.Poolable                                           : loaded 3 times (x 79B)
Class com.amazon.ion.IonSymbol                                                        : loaded 3 times (x 70B)
Class kotlin.collections.EmptySet                                                     : loaded 3 times (x 122B)
Class kotlin.jvm.functions.Function4                                                  : loaded 3 times (x 70B)
Class com.amazon.ion.impl.bin.AbstractIonWriter                                       : loaded 3 times (x 160B)
Class kotlin.io.TerminateException                                                    : loaded 3 times (x 82B)
Class kotlin.io.FilesKt__FilePathComponentsKt                                         : loaded 3 times (x 71B)
Class com.android.builder.model.v2.ide.CodeShrinker                                   : loaded 3 times (x 79B)
Class com.amazon.ion.impl.bin.IonManagedBinaryWriter$UserState$3                      : loaded 3 times (x 85B)
Class com.amazon.ion.impl.lite.ContainerlessContext                                   : loaded 3 times (x 80B)
Class kotlin.reflect.KCallable                                                        : loaded 3 times (x 70B)
Class org.jetbrains.plugins.gradle.tooling.serialization.AnnotationProcessingModelSerializationService$WriteContext: loaded 3 times (x 72B)
Class io.opentelemetry.api.trace.SpanContext                                          : loaded 3 times (x 70B)
Class io.opentelemetry.api.trace.DefaultTracer$NoopSpanBuilder                        : loaded 3 times (x 91B)
Class org.gradle.tooling.internal.adapter.WeakIdentityHashMap$AbsentValueProvider     : loaded 3 times (x 70B)
Class io.opentelemetry.api.trace.TracerProvider                                       : loaded 3 times (x 70B)
Class com.android.ide.gradle.model.dependencies.Coordinates                           : loaded 3 times (x 70B)
Class kotlin.collections.MapsKt___MapsJvmKt                                           : loaded 3 times (x 71B)
Class com.amazon.ion.impl.lite.IonStructLite                                          : loaded 3 times (x 299B)
Class com.google.common.collect.ForwardingCollection                                  : loaded 3 times (x 130B)
Class com.amazon.ion.impl.bin.AbstractSymbolTable                                     : loaded 3 times (x 107B)
Class com.amazon.ion.Decimal                                                          : loaded 3 times (x 133B)
Class com.amazon.ion.impl.bin._Private_IonManagedBinaryWriterBuilder$AllocatorMode$1  : loaded 3 times (x 80B)
Class kotlin.text.CharsKt                                                             : loaded 3 times (x 71B)
Class com.google.common.collect.LexicographicalOrdering                               : loaded 3 times (x 115B)
Class org.jetbrains.plugins.gradle.tooling.serialization.GradleExtensionsSerializationService$ReadContext: loaded 3 times (x 72B)
Class io.opentelemetry.api.trace.DefaultTracer                                        : loaded 3 times (x 74B)
Class org.gradle.tooling.model.kotlin.dsl.KotlinDslScriptModel                        : loaded 3 times (x 70B)
Class com.intellij.gradle.toolingExtension.impl.util.collectionUtil.GradleCollections : loaded 3 times (x 71B)
Class org.jetbrains.plugins.gradle.tooling.serialization.ProjectDependenciesSerializationService$WriteContext: loaded 3 times (x 72B)
Class org.jetbrains.plugins.gradle.tooling.serialization.ProjectDependenciesSerializationService: loaded 3 times (x 77B)
Class org.gradle.tooling.internal.adapter.CollectionMapper                            : loaded 3 times (x 73B)
Class com.intellij.compose.ide.plugin.gradleTooling.rt.ComposeResourcesModel          : loaded 3 times (x 70B)
Class com.intellij.gradle.toolingExtension.impl.model.sourceSetModel.GradleSourceSetSerialisationService$Companion: loaded 3 times (x 71B)
Class com.amazon.ion.impl.SymbolTableAsStruct                                         : loaded 3 times (x 70B)
Class com.amazon.ion.impl._Private_Utils$1                                            : loaded 3 times (x 98B)
Class com.amazon.ion.impl.lite.IonFloatLite                                           : loaded 3 times (x 187B)
Class com.amazon.ion.impl._Private_IonTextWriterBuilder                               : loaded 3 times (x 102B)
Class com.amazon.ion.impl.bin._Private_IonManagedBinaryWriterBuilder$AllocatorMode$2  : loaded 3 times (x 80B)
Class [Lcom.android.builder.model.v2.ide.LibraryType;                                 : loaded 3 times (x 69B)
Class com.android.builder.model.v2.ide.LibraryType                                    : loaded 3 times (x 79B)
Class com.amazon.ion.impl.lite.IonSequenceLite                                        : loaded 3 times (x 433B)
Class kotlin.collections.CollectionsKt__ReversedViewsKt                               : loaded 3 times (x 71B)
Class com.google.common.collect.ExplicitOrdering                                      : loaded 3 times (x 115B)
Class io.opentelemetry.api.trace.ArrayBasedTraceStateBuilder                          : loaded 3 times (x 77B)
Class org.jetbrains.plugins.gradle.model.GradleSourceSetModel                         : loaded 3 times (x 70B)
Class io.opentelemetry.api.trace.DefaultTracerProvider                                : loaded 3 times (x 79B)
Class com.intellij.gradle.toolingExtension.impl.model.sourceSetDependencyModel.GradleSourceSetDependencySerialisationService: loaded 3 times (x 77B)
Class org.jetbrains.plugins.gradle.tooling.serialization.internal.IdeaProjectSerializationService$WriteContext: loaded 3 times (x 72B)
Class kotlin.jvm.functions.Function2                                                  : loaded 3 times (x 70B)
Class kotlin.sequences.SequencesKt__SequenceBuilderKt                                 : loaded 3 times (x 71B)
Class com.amazon.ion.impl._Private_IonReaderBuilder                                   : loaded 3 times (x 97B)
Class com.amazon.ion.IonMutableCatalog                                                : loaded 3 times (x 70B)
Class kotlin.KotlinNothingValueException                                              : loaded 3 times (x 82B)
Class com.android.builder.model.v2.models.ndk.NativeModelBuilderParameter             : loaded 3 times (x 70B)
Class com.amazon.ion.impl.bin.BlockAllocatorProvider                                  : loaded 3 times (x 72B)
Class kotlin.jvm.functions.Function1                                                  : loaded 3 times (x 70B)
Class org.jetbrains.plugins.gradle.ExternalDependencyId                               : loaded 3 times (x 70B)
Class kotlin.collections.AbstractMutableList                                          : loaded 3 times (x 206B)
Class gnu.trove.THash                                                                 : loaded 3 times (x 81B)
Class com.intellij.gradle.toolingExtension.impl.model.buildScriptClasspathModel.GradleBuildScriptClasspathSerializationService$WriteContext: loaded 3 times (x 72B)
Class org.gradle.tooling.internal.adapter.ProtocolToModelAdapter                      : loaded 3 times (x 80B)
Class com.android.builder.model.v2.ide.AaptOptions                                    : loaded 3 times (x 70B)
Class [Lcom.android.builder.model.v2.ide.BytecodeTransformation;                      : loaded 3 times (x 69B)
Class kotlin.io.FilesKt__FileTreeWalkKt                                               : loaded 3 times (x 71B)
Class com.android.ide.common.gradle.Version$Companion                                 : loaded 3 times (x 71B)
Class com.android.ide.common.gradle.Separator                                         : loaded 3 times (x 79B)
Class com.android.builder.model.v2.ide.AndroidGradlePluginProjectFlags$BooleanFlag    : loaded 3 times (x 79B)
Class kotlin.collections.MapsKt__MapsJVMKt                                            : loaded 3 times (x 71B)
Class kotlin.collections.EmptyList                                                    : loaded 3 times (x 174B)
Class kotlin.jvm.internal.CollectionToArray                                           : loaded 3 times (x 71B)
Class [Lio.opentelemetry.context.ThreadLocalContextStorage$NoopScope;                 : loaded 3 times (x 69B)
Class io.opentelemetry.context.ThreadLocalContextStorage$NoopScope                    : loaded 3 times (x 85B)
Class org.gradle.internal.time.DefaultTimer                                           : loaded 3 times (x 80B)
Class com.amazon.ion.impl.bin.AbstractIonWriter$WriteValueOptimization                : loaded 3 times (x 79B)
Class org.gradle.tooling.model.idea.IdeaDependency                                    : loaded 3 times (x 70B)
Class org.gradle.tooling.internal.adapter.MethodInvoker                               : loaded 3 times (x 70B)
Class kotlin.sequences.FilteringSequence$iterator$1                                   : loaded 3 times (x 79B)
Class org.jetbrains.plugins.gradle.tooling.serialization.ExternalTestsSerializationService$ReadContext: loaded 3 times (x 72B)
Class kotlin.collections.ArraysUtilJVM                                                : loaded 3 times (x 71B)
Class kotlin.jvm.functions.Function0                                                  : loaded 3 times (x 70B)
Class com.amazon.ion.impl.bin.PooledBlockAllocatorProvider$PooledBlockAllocator$1     : loaded 3 times (x 79B)
Class com.amazon.ion.impl.lite.IonStringLite                                          : loaded 3 times (x 213B)
Class kotlin.sequences.FlatteningSequence$iterator$1                                  : loaded 3 times (x 79B)
Class com.android.ide.common.repository.AgpVersion$Companion                          : loaded 3 times (x 71B)
Class com.amazon.ion.impl.BlockedBuffer$BufferedOutputStream                          : loaded 3 times (x 90B)
Class com.amazon.ion.impl.bin.IonBinaryWriterAdapter$Factory                          : loaded 3 times (x 70B)
Class [Lcom.amazon.ion.SymbolTable;                                                   : loaded 3 times (x 69B)
Class io.opentelemetry.context.propagation.TextMapSetter                              : loaded 3 times (x 70B)
Class org.gradle.tooling.internal.adapter.ProtocolToModelAdapter$ViewKey              : loaded 3 times (x 72B)
Class io.opentelemetry.context.ImplicitContextKeyed                                   : loaded 3 times (x 70B)
Class com.google.common.base.Objects                                                  : loaded 3 times (x 71B)
Class io.opentelemetry.context.ContextKey                                             : loaded 3 times (x 70B)
Class io.opentelemetry.api.trace.ArrayBasedTraceState                                 : loaded 3 times (x 86B)
Class org.gradle.tooling.internal.adapter.ProtocolToModelAdapter$ViewGraphDetails$1   : loaded 3 times (x 77B)
Class kotlin.ranges.RangesKt                                                          : loaded 3 times (x 71B)
Class [Lcom.android.builder.model.v2.ide.AaptOptions$Namespacing;                     : loaded 3 times (x 69B)
Class com.android.ide.common.gradle.Version$Companion$ParseState                      : loaded 3 times (x 70B)
Class io.opentelemetry.api.trace.Tracer                                               : loaded 3 times (x 70B)
Class com.amazon.ion.impl.bin.Block                                                   : loaded 3 times (x 79B)
Class org.gradle.tooling.internal.adapter.ProtocolToModelAdapter$DefaultViewBuilder   : loaded 3 times (x 80B)
Class com.android.builder.model.v2.CustomSourceDirectory                              : loaded 3 times (x 70B)
Class com.amazon.ion.impl._Private_IonValue                                           : loaded 3 times (x 70B)
Class com.google.common.collect.NullsFirstOrdering                                    : loaded 3 times (x 115B)
Class com.android.ide.common.repository.AgpVersion                                    : loaded 3 times (x 75B)
Class kotlin.sequences.SequencesKt___SequencesJvmKt                                   : loaded 3 times (x 71B)
Class kotlin.Unit                                                                     : loaded 3 times (x 71B)
Class kotlin.ResultKt                                                                 : loaded 3 times (x 71B)
Class kotlin.jvm.internal.markers.KMutableIterable                                    : loaded 3 times (x 70B)
Class org.gradle.tooling.internal.adapter.ProtocolToModelAdapter$PropertyCachingMethodInvoker: loaded 3 times (x 76B)
Class io.opentelemetry.context.DefaultContextKey                                      : loaded 3 times (x 72B)
Class kotlin.TuplesKt                                                                 : loaded 3 times (x 71B)
Class [Lcom.android.builder.model.v2.ide.ProjectType;                                 : loaded 3 times (x 69B)
Class com.amazon.ion.impl.bin.IonManagedBinaryWriter$UserState$2                      : loaded 3 times (x 85B)
Class com.amazon.ion.impl.bin.utf8.Utf8StringEncoderPool$1                            : loaded 3 times (x 76B)
Class com.amazon.ion.impl.lite.IonLoaderLite                                          : loaded 3 times (x 82B)
Class com.amazon.ion.impl.lite.IonContext                                             : loaded 3 times (x 70B)
Class com.amazon.ion.impl.IonWriterSystemText                                         : loaded 3 times (x 190B)
Class [Lcom.amazon.ion.impl.bin.IonManagedBinaryWriter$ImportedSymbolResolverMode;    : loaded 3 times (x 69B)
Class com.amazon.ion.ValueFactory                                                     : loaded 3 times (x 70B)
Class com.amazon.ion.system.IonWriterBuilderBase                                      : loaded 3 times (x 83B)
Class gnu.trove.PrimeFinder                                                           : loaded 3 times (x 71B)
Class com.android.builder.model.v2.models.ProjectSyncIssues                           : loaded 3 times (x 70B)
Class kotlin.collections.ArraysKt__ArraysKt                                           : loaded 3 times (x 71B)
Class org.jetbrains.plugins.gradle.model.ExternalTask                                 : loaded 3 times (x 70B)
Class kotlin.Result$Failure                                                           : loaded 3 times (x 72B)
Class io.opentelemetry.api.internal.IncubatingUtil                                    : loaded 3 times (x 71B)
Class io.opentelemetry.api.GlobalOpenTelemetry$ObfuscatedOpenTelemetry                : loaded 3 times (x 92B)
Class org.gradle.internal.time.DefaultCountdownTimer                                  : loaded 3 times (x 88B)
Class kotlin.collections.CollectionsKt___CollectionsJvmKt                             : loaded 3 times (x 71B)
Class com.intellij.openapi.externalSystem.model.ExternalSystemException               : loaded 3 times (x 86B)
Class kotlin.jvm.internal.FunctionReferenceImpl                                       : loaded 3 times (x 126B)
Class com.amazon.ion.impl.bin.BlockAllocator                                          : loaded 3 times (x 80B)
Class com.amazon.ion.impl.IonWriterSystemTextMarkup                                   : loaded 3 times (x 192B)
Class [Lio.opentelemetry.context.ThreadLocalContextStorage;                           : loaded 3 times (x 69B)
Class com.amazon.ion.UnexpectedEofException                                           : loaded 3 times (x 84B)
Class com.amazon.ion.impl.bin.IonManagedBinaryWriter$SymbolResolver                   : loaded 3 times (x 70B)
Class com.amazon.ion.impl._Private_SymbolToken                                        : loaded 3 times (x 70B)
Class com.amazon.ion.impl.bin._Private_IonManagedBinaryWriterBuilder$AllocatorMode    : loaded 3 times (x 80B)
Class com.amazon.ion.IonSexp                                                          : loaded 3 times (x 70B)
Class org.gradle.util.internal.DefaultGradleVersion                                   : loaded 3 times (x 82B)
Class org.jetbrains.plugins.gradle.model.GradleBuildScriptClasspathModel              : loaded 3 times (x 70B)
Class kotlin.collections.SetsKt__SetsJVMKt                                            : loaded 3 times (x 71B)
Class kotlin.Function                                                                 : loaded 3 times (x 70B)
Class org.jetbrains.plugins.gradle.model.GradleTaskModel                              : loaded 3 times (x 70B)
Class org.jetbrains.plugins.gradle.tooling.util.ObjectCollector                       : loaded 3 times (x 72B)
Class org.gradle.tooling.internal.adapter.ProtocolToModelAdapter$AdaptingMethodInvoker: loaded 3 times (x 76B)
Class org.gradle.tooling.internal.gradle.DefaultBuildIdentifier                       : loaded 3 times (x 79B)
Class kotlin.Result$Companion                                                         : loaded 3 times (x 71B)
Class kotlin.coroutines.jvm.internal.BaseContinuationImpl                             : loaded 3 times (x 87B)
Class com.android.builder.model.v2.ide.SourceProvider                                 : loaded 3 times (x 70B)
Class com.android.builder.model.v2.ide.BundleInfo                                     : loaded 3 times (x 70B)
Class [Lcom.amazon.ion.util.GzipStreamInterceptor;                                    : loaded 3 times (x 69B)
Class com.amazon.ion.impl._Private_IonReaderBuilder$Mutable                           : loaded 3 times (x 97B)
Class kotlin.comparisons.ComparisonsKt___ComparisonsKt                                : loaded 3 times (x 71B)
Class kotlin.comparisons.ComparisonsKt                                                : loaded 3 times (x 71B)
Class kotlin.io.FileAlreadyExistsException                                            : loaded 3 times (x 82B)
Class kotlin.internal.ProgressionUtilKt                                               : loaded 3 times (x 71B)
Class kotlin.text.CharsKt__CharJVMKt                                                  : loaded 3 times (x 71B)
Class kotlin.sequences.FilteringSequence                                              : loaded 3 times (x 75B)
Class com.intellij.openapi.externalSystem.model.project.IExternalSystemSourceType     : loaded 3 times (x 70B)
Class com.amazon.ion.IonStruct                                                        : loaded 3 times (x 70B)
Class com.amazon.ion.impl.bin.IonManagedBinaryWriter$SymbolState                      : loaded 3 times (x 80B)
Class io.opentelemetry.api.trace.SpanId                                               : loaded 3 times (x 71B)
Class kotlin.coroutines.Continuation                                                  : loaded 3 times (x 70B)
Class kotlin.sequences.SequencesKt__SequencesKt                                       : loaded 3 times (x 71B)
Class kotlin.collections.SetsKt___SetsKt                                              : loaded 3 times (x 71B)
Class kotlin.ranges.RangesKt__RangesKt                                                : loaded 3 times (x 71B)
Class com.android.builder.model.v2.ide.BasicVariant                                   : loaded 3 times (x 70B)
Class com.android.builder.model.v2.ide.AndroidGradlePluginProjectFlags                : loaded 3 times (x 70B)
Class [Lcom.android.builder.model.v2.ide.AndroidGradlePluginProjectFlags$BooleanFlag; : loaded 3 times (x 69B)
Class org.jetbrains.plugins.gradle.tooling.serialization.ProjectDependenciesSerializationService$ReadContext: loaded 3 times (x 72B)
Class io.opentelemetry.api.trace.TraceStateBuilder                                    : loaded 3 times (x 70B)
Class com.intellij.openapi.externalSystem.model.project.dependencies.ProjectDependencies: loaded 3 times (x 70B)
Class kotlin.comparisons.ComparisonsKt__ComparisonsKt                                 : loaded 3 times (x 71B)
Class com.amazon.ion.UnsupportedIonVersionException                                   : loaded 3 times (x 85B)
Class [Lcom.amazon.ion.impl.bin.IonRawBinaryWriter$StreamFlushMode;                   : loaded 3 times (x 69B)
Class org.gradle.tooling.model.internal.ImmutableDomainObjectSet                      : loaded 3 times (x 155B)
Class org.jetbrains.plugins.gradle.tooling.util.IntObjectMap$1                        : loaded 3 times (x 77B)
Class io.opentelemetry.context.ArrayBasedContext                                      : loaded 3 times (x 100B)
Class com.intellij.gradle.toolingExtension.impl.model.taskModel.GradleTaskSerialisationService: loaded 3 times (x 76B)
Class kotlin.sequences.SequencesKt__SequenceBuilderKt$sequence$$inlined$Sequence$1    : loaded 3 times (x 75B)
Class com.android.ide.gradle.model.LegacyV1AgpVersionModel                            : loaded 3 times (x 70B)
Class kotlin.text.Regex                                                               : loaded 3 times (x 72B)
Class com.amazon.ion.ReadOnlyValueException                                           : loaded 3 times (x 84B)
Class kotlin.text.StringsKt__StringBuilderJVMKt                                       : loaded 3 times (x 71B)
Class com.google.common.collect.Lists$ReverseList$1                                   : loaded 3 times (x 99B)
Class com.amazon.ion.IonBufferConfiguration                                           : loaded 3 times (x 72B)
Class com.amazon.ion.impl.bin.Symbols                                                 : loaded 3 times (x 71B)
Class com.amazon.ion.system.SimpleCatalog                                             : loaded 3 times (x 91B)
Class com.android.ide.gradle.model.artifacts.AdditionalClassifierArtifactsModel       : loaded 3 times (x 70B)
Class com.amazon.ion.BufferConfiguration                                              : loaded 3 times (x 72B)
Class kotlin.collections.AbstractCollection                                           : loaded 3 times (x 117B)
Class org.jetbrains.plugins.gradle.tooling.serialization.RepositoriesModelSerializationService: loaded 3 times (x 82B)
Class org.gradle.tooling.internal.gradle.GradleProjectIdentity                        : loaded 3 times (x 70B)
Class kotlin.collections.AbstractList                                                 : loaded 3 times (x 197B)
Class org.gradle.tooling.model.Element                                                : loaded 3 times (x 70B)
Class org.gradle.tooling.internal.adapter.ProtocolToModelAdapter$NoOpDecoration       : loaded 3 times (x 79B)
Class org.gradle.tooling.internal.adapter.TypeInspector                               : loaded 3 times (x 73B)
Class io.opentelemetry.context.propagation.TextMapPropagator                          : loaded 3 times (x 70B)
Class org.jetbrains.plugins.gradle.model.GradleSourceSetDependencyModel               : loaded 3 times (x 70B)
Class kotlin.coroutines.jvm.internal.RestrictedSuspendLambda                          : loaded 3 times (x 91B)
Class [Lcom.amazon.ion.impl.bin.AbstractIonWriter$WriteValueOptimization;             : loaded 3 times (x 69B)
Class kotlin.sequences.SequencesKt__SequencesJVMKt                                    : loaded 3 times (x 71B)
Class com.google.common.collect.CompoundOrdering                                      : loaded 3 times (x 115B)
Class kotlin.ranges.ClosedRange                                                       : loaded 3 times (x 70B)
Class com.android.builder.model.v2.ide.JavaArtifact                                   : loaded 3 times (x 70B)
Class com.android.builder.model.v2.dsl.ProductFlavor                                  : loaded 3 times (x 70B)
Class kotlin.io.FilePathComponents                                                    : loaded 3 times (x 72B)
Class org.jetbrains.plugins.gradle.tooling.serialization.RepositoriesModelSerializationService$ReadContext: loaded 3 times (x 72B)
Class [Lcom.android.builder.model.v2.ide.TestInfo$Execution;                          : loaded 3 times (x 69B)
Class io.opentelemetry.api.internal.AutoValue_ImmutableSpanContext                    : loaded 3 times (x 92B)
Class com.amazon.ion.IonString                                                        : loaded 3 times (x 70B)
Class Build_gradle$1                                                                  : loaded 3 times (x 74B)
Class org.jetbrains.plugins.gradle.model.FileCollectionDependency                     : loaded 3 times (x 70B)
Class com.google.common.collect.Multimap                                              : loaded 3 times (x 70B)
Class org.gradle.internal.time.Clock                                                  : loaded 3 times (x 70B)
Class io.opentelemetry.api.DefaultOpenTelemetry                                       : loaded 3 times (x 89B)
Class com.amazon.ion.impl.bin.IonManagedBinaryWriter$UserState                        : loaded 3 times (x 85B)
Class com.amazon.ion.impl._Private_IonWriter                                          : loaded 3 times (x 70B)
Class com.amazon.ion.impl.bin._Private_IonManagedBinaryWriterBuilder                  : loaded 3 times (x 72B)
Class io.opentelemetry.api.trace.SpanBuilder                                          : loaded 3 times (x 70B)
Class kotlin.text.StringsKt__StringsJVMKt                                             : loaded 3 times (x 71B)
Class kotlin.collections.IntIterator                                                  : loaded 3 times (x 82B)
Class com.google.common.collect.NullnessCasts                                         : loaded 3 times (x 71B)
Class com.intellij.gradle.toolingExtension.impl.model.utilDummyModel.DummyModel       : loaded 3 times (x 70B)
Class com.intellij.gradle.toolingExtension.impl.model.projectModel.GradleExternalProjectSerializationService$WriteContext: loaded 3 times (x 73B)
Class kotlin.collections.EmptyIterator                                                : loaded 3 times (x 89B)
Class kotlin.text.StringsKt__RegexExtensionsKt                                        : loaded 3 times (x 71B)
Class com.google.common.base.ExtraObjectsMethodsForWeb                                : loaded 3 times (x 71B)
Class com.amazon.ion.impl.lite.IonTimestampLite                                       : loaded 3 times (x 193B)
Class [Lcom.amazon.ion.SymbolToken;                                                   : loaded 3 times (x 69B)
Class com.amazon.ion.impl.LocalSymbolTableAsStruct                                    : loaded 3 times (x 132B)
Class com.intellij.gradle.toolingExtension.impl.model.buildScriptClasspathModel.GradleBuildScriptClasspathSerializationService: loaded 3 times (x 77B)
Class kotlin.text.StringsKt__IndentKt                                                 : loaded 3 times (x 71B)
Class com.android.builder.model.v2.dsl.SigningConfig                                  : loaded 3 times (x 70B)
Class com.amazon.ion.impl.bin.IonManagedBinaryWriter$ImportedSymbolResolverMode       : loaded 3 times (x 80B)
Class com.amazon.ion.impl._Private_LocalSymbolTable                                   : loaded 3 times (x 70B)
Class com.android.builder.model.v2.models.AndroidProject                              : loaded 3 times (x 70B)
Class com.android.builder.model.v2.AndroidModel                                       : loaded 3 times (x 70B)
Class com.amazon.ion.impl.LocalSymbolTable$Factory                                    : loaded 3 times (x 77B)
Class kotlin.collections.SetsKt                                                       : loaded 3 times (x 71B)
Class io.opentelemetry.context.ThreadLocalContextStorage$ScopeImpl                    : loaded 3 times (x 79B)
Class com.amazon.ion.IonFloat                                                         : loaded 3 times (x 70B)
Class io.opentelemetry.api.trace.ImmutableTraceFlags                                  : loaded 3 times (x 77B)
Class com.amazon.ion.BufferConfiguration$DataHandler                                  : loaded 3 times (x 70B)
Class com.amazon.ion.impl.lite.IonListLite                                            : loaded 3 times (x 491B)
Class com.amazon.ion.impl.lite.IonSexpLite                                            : loaded 3 times (x 491B)
Class kotlin.jvm.internal.DefaultConstructorMarker                                    : loaded 3 times (x 71B)
Class org.gradle.internal.time.TimeSource$1                                           : loaded 3 times (x 77B)
Class io.opentelemetry.context.propagation.TextMapGetter                              : loaded 3 times (x 70B)
Class com.android.builder.model.v2.dsl.BaseConfig                                     : loaded 3 times (x 70B)
Class [Lcom.amazon.ion.impl.bin.IonRawBinaryWriter$PreallocationMode;                 : loaded 3 times (x 69B)
Class com.amazon.ion.util._Private_FastAppendable                                     : loaded 3 times (x 70B)
Class com.amazon.ion.impl._Private_IonReaderBuilder$TwoElementInputStream             : loaded 3 times (x 92B)
Class com.amazon.ion.impl._Private_IonBinaryWriterBuilder                             : loaded 3 times (x 115B)
Class kotlin.reflect.KFunction                                                        : loaded 3 times (x 70B)
Class kotlin.collections.ArrayDeque                                                   : loaded 3 times (x 207B)
Class com.amazon.ion.impl.lite.IonIntLite                                             : loaded 3 times (x 190B)
Class org.jetbrains.plugins.gradle.tooling.serialization.KotlinDslScriptsModelSerializationService: loaded 3 times (x 81B)
Class com.intellij.gradle.toolingExtension.impl.model.sourceSetModel.GradleSourceSetSerialisationService: loaded 3 times (x 77B)
Class org.jetbrains.plugins.gradle.model.ExternalProjectDependency                    : loaded 3 times (x 70B)
Class com.android.builder.model.v2.ide.ProjectType                                    : loaded 3 times (x 79B)
Class kotlin.io.FileSystemException                                                   : loaded 3 times (x 82B)
Class com.android.builder.model.v2.ide.ComponentInfo                                  : loaded 3 times (x 70B)
Class org.gradle.tooling.model.ProjectIdentifier                                      : loaded 3 times (x 70B)
Class com.amazon.ion.system.IonSystemBuilder$Mutable                                  : loaded 3 times (x 75B)
Class com.amazon.ion.impl.bin.IonManagedBinaryWriter$SymbolResolverBuilder            : loaded 3 times (x 70B)
Class org.gradle.tooling.model.idea.IdeaCompilerOutput                                : loaded 3 times (x 70B)
Class kotlin.text.MatchResult$DefaultImpls                                            : loaded 3 times (x 71B)
Class com.amazon.ion.impl.bin.IonManagedBinaryWriter$ImportedSymbolContext            : loaded 3 times (x 72B)
Class kotlin.collections.MapsKt__MapsKt                                               : loaded 3 times (x 71B)
Class com.amazon.ion.IonSystem                                                        : loaded 3 times (x 70B)
Class org.jetbrains.plugins.gradle.tooling.serialization.ExternalTestsSerializationService$WriteContext: loaded 3 times (x 72B)
Class [Lio.opentelemetry.api.trace.TraceFlags;                                        : loaded 3 times (x 69B)
Class [Lio.opentelemetry.context.ContextStorage;                                      : loaded 3 times (x 69B)
Class com.intellij.platform.diagnostic.telemetry.rt.context.TelemetryContext          : loaded 3 times (x 134B)
Class org.jetbrains.kotlin.idea.gradleTooling.KotlinGradleModel                       : loaded 3 times (x 70B)
Class org.gradle.internal.exceptions.ResolutionProvider                               : loaded 3 times (x 70B)
Class org.gradle.tooling.internal.adapter.ProtocolToModelAdapter$MixInMappingAction   : loaded 3 times (x 80B)
Class org.jetbrains.plugins.gradle.tooling.serialization.internal.adapter.Supplier    : loaded 3 times (x 70B)
Class com.amazon.ion.impl.bin.IonManagedBinaryWriter$LocalSymbolTableView             : loaded 3 times (x 119B)
Class com.amazon.ion.impl.bin.IonRawBinaryWriter$ThrowingRunnable                     : loaded 3 times (x 70B)
Class com.android.ide.common.gradle.Part                                              : loaded 3 times (x 77B)
Class com.android.builder.model.v2.ide.JavaCompileOptions                             : loaded 3 times (x 70B)
Class com.amazon.ion.IonList                                                          : loaded 3 times (x 70B)
Class com.android.builder.model.v2.ide.Variant                                        : loaded 3 times (x 70B)
Class com.google.common.collect.Lists$RandomAccessReverseList                         : loaded 3 times (x 200B)
Class kotlin.enums.EnumEntries                                                        : loaded 3 times (x 70B)
Class org.gradle.tooling.internal.gradle.GradleBuildIdentity                          : loaded 3 times (x 70B)
Class org.jetbrains.plugins.gradle.tooling.serialization.SerializationService         : loaded 3 times (x 70B)
Class io.opentelemetry.context.ThreadLocalContextStorage                              : loaded 3 times (x 85B)
Class org.gradle.tooling.model.Model                                                  : loaded 3 times (x 70B)
Class kotlin.NotImplementedError                                                      : loaded 3 times (x 82B)
Class com.android.builder.model.v2.ide.TestInfo                                       : loaded 3 times (x 70B)
Class com.amazon.ion.impl.LocalSymbolTable                                            : loaded 3 times (x 127B)
Class com.amazon.ion.impl.lite.IonBlobLite                                            : loaded 3 times (x 220B)
Class com.amazon.ion.UnknownSymbolException                                           : loaded 3 times (x 86B)
Class org.gradle.tooling.model.kotlin.dsl.KotlinDslScriptsModel                       : loaded 3 times (x 70B)
Class org.gradle.internal.time.TimeSource                                             : loaded 3 times (x 70B)
Class gnu.trove.TObjectIntProcedure                                                   : loaded 3 times (x 70B)
Class org.jetbrains.plugins.gradle.tooling.serialization.internal.IdeaProjectSerializationService$ReadContext: loaded 3 times (x 72B)
Class kotlin.text.MatchResult$Destructured                                            : loaded 3 times (x 72B)
Class org.jetbrains.plugins.gradle.tooling.serialization.internal.IdeaProjectSerializationService$WriteContext$8: loaded 3 times (x 83B)
Class com.android.ide.gradle.model.composites.BuildMap                                : loaded 3 times (x 70B)
Class kotlin.Metadata                                                                 : loaded 3 times (x 70B)
Class kotlin.UninitializedPropertyAccessException                                     : loaded 3 times (x 82B)
Class org.gradle.tooling.model.idea.IdeaDependencyScope                               : loaded 3 times (x 70B)
Class kotlin.ranges.IntRange                                                          : loaded 3 times (x 93B)
Class com.amazon.ion.impl.bin.IonManagedBinaryWriter                                  : loaded 3 times (x 165B)
Class com.amazon.ion.impl.bin.WriteBuffer                                             : loaded 3 times (x 78B)
Class com.android.builder.model.v2.ide.Library                                        : loaded 3 times (x 70B)
Class com.android.builder.model.v2.ide.ArtifactDependenciesAdjacencyList              : loaded 3 times (x 70B)
Class [Lorg.gradle.api.JavaVersion;                                                   : loaded 3 times (x 69B)
Class org.jetbrains.plugins.gradle.model.RepositoryModels                             : loaded 3 times (x 70B)
Class org.jetbrains.plugins.gradle.tooling.serialization.internal.IdeaProjectSerializationService$WriteContext$7: loaded 3 times (x 83B)
Class com.android.builder.model.v2.models.Versions                                    : loaded 3 times (x 70B)
Class kotlin.jvm.internal.CallableReference                                           : loaded 3 times (x 110B)
Class kotlin.collections.AbstractList$SubList                                         : loaded 3 times (x 198B)
Class io.opentelemetry.context.Context                                                : loaded 3 times (x 70B)
Class org.gradle.tooling.internal.adapter.ProtocolToModelAdapter$MethodInvocationCache: loaded 3 times (x 73B)
Class org.jetbrains.plugins.gradle.model.IntelliJProjectSettings                      : loaded 3 times (x 70B)
Class org.jetbrains.plugins.gradle.tooling.serialization.RepositoriesModelSerializationService$WriteContext: loaded 3 times (x 72B)
Class com.amazon.ion.impl.lite.ValueFactoryLite                                       : loaded 3 times (x 218B)
Class org.jetbrains.plugins.gradle.tooling.util.IntObjectMap                          : loaded 3 times (x 73B)
Class org.jetbrains.plugins.gradle.tooling.serialization.internal.IdeaProjectSerializationService$WriteContext$6: loaded 3 times (x 83B)
Class com.android.builder.model.v2.ide.LibraryInfo                                    : loaded 3 times (x 70B)
Class com.android.ide.gradle.model.dependencies.DeclaredDependencies                  : loaded 3 times (x 70B)
Class com.amazon.ion.IonType                                                          : loaded 3 times (x 79B)
Class com.amazon.ion.impl.lite._Private_LiteDomTrampoline                             : loaded 3 times (x 71B)
Class com.amazon.ion.impl.bin.IntList                                                 : loaded 3 times (x 77B)
Class kotlin.sequences.FlatteningSequence                                             : loaded 3 times (x 75B)
Class kotlin.text.MatcherMatchResult                                                  : loaded 3 times (x 80B)
Class com.android.builder.model.v2.models.ndk.NativeModule                            : loaded 3 times (x 70B)
Class com.intellij.util.containers.IntObjectHashMap                                   : loaded 3 times (x 72B)
Class org.jetbrains.plugins.gradle.model.ExternalDependency                           : loaded 3 times (x 70B)
Class io.opentelemetry.context.ContextStorage                                         : loaded 3 times (x 70B)
Class com.intellij.gradle.toolingExtension.impl.model.sourceSetDependencyModel.GradleSourceSetDependencySerialisationService$SourceSetDependencyModelWriteContext: loaded 3 times (x 72B)
Class org.jetbrains.plugins.gradle.tooling.serialization.internal.IdeaProjectSerializationService$WriteContext$5: loaded 3 times (x 83B)
Class com.intellij.gradle.toolingExtension.util.GradleVersionSpecificsUtil            : loaded 3 times (x 71B)
Class kotlin.text.MatchGroupCollection                                                : loaded 3 times (x 70B)
Class com.google.common.collect.Lists$ReverseList                                     : loaded 3 times (x 200B)
Class kotlin.sequences.SequencesKt___SequencesKt$sortedWith$1                         : loaded 3 times (x 75B)
Class com.amazon.ion.BufferConfiguration$Builder                                      : loaded 3 times (x 78B)
Class org.jetbrains.kotlin.idea.gradleTooling.AndroidAwareGradleModelProvider         : loaded 3 times (x 79B)
Class org.gradle.internal.time.MonotonicClock                                         : loaded 3 times (x 77B)
Class com.amazon.ion.impl.bin.IonManagedBinaryWriter$SymbolState$1                    : loaded 3 times (x 80B)
Class com.amazon.ion.impl.LocalSymbolTableAsStruct$Factory                            : loaded 3 times (x 79B)
Class [Lcom.amazon.ion.IonType;                                                       : loaded 3 times (x 69B)
Class com.intellij.gradle.toolingExtension.impl.telemetry.GradleOpenTelemetry         : loaded 3 times (x 72B)
Class com.intellij.gradle.toolingExtension.impl.model.sourceSetDependencyModel.GradleSourceSetDependencySerialisationService$Companion: loaded 3 times (x 71B)
Class kotlin.ranges.IntProgression                                                    : loaded 3 times (x 81B)
Class com.android.ide.common.repository.AgpVersion$PreviewKind$Companion              : loaded 3 times (x 71B)
Class org.jetbrains.plugins.gradle.tooling.serialization.internal.IdeaProjectSerializationService$WriteContext$4: loaded 3 times (x 83B)
Class com.intellij.gradle.toolingExtension.impl.model.sourceSetDependencyModel.GradleSourceSetDependencySerialisationService$SourceSetDependencyModelReadContext: loaded 3 times (x 72B)
Class com.intellij.gradle.toolingExtension.impl.model.dependencyModel.DependencyReadContext: loaded 3 times (x 72B)
Class kotlin.jvm.internal.markers.KMutableList                                        : loaded 3 times (x 70B)
Class org.gradle.tooling.internal.adapter.ObjectGraphAdapter                          : loaded 3 times (x 70B)
Class org.jetbrains.plugins.gradle.model.VersionCatalogsModel                         : loaded 3 times (x 70B)
Class kotlin.text.MatchNamedGroupCollection                                           : loaded 3 times (x 70B)
Class com.google.common.collect.UsingToStringOrdering                                 : loaded 3 times (x 114B)
Class kotlin.io.FilesKt__FileReadWriteKt                                              : loaded 3 times (x 71B)
Class kotlin.text.StringsKt__StringNumberConversionsKt                                : loaded 3 times (x 71B)
Class [Lkotlin.Pair;                                                                  : loaded 3 times (x 69B)
Class com.amazon.ion.impl.bin.IonManagedBinaryWriter$SymbolState$2                    : loaded 3 times (x 80B)
Class com.amazon.ion.IonNull                                                          : loaded 3 times (x 70B)
Class com.android.builder.model.v2.ide.ViewBindingOptions                             : loaded 3 times (x 70B)
Class [Lio.opentelemetry.context.Scope;                                               : loaded 3 times (x 69B)
Class com.android.ide.gradle.model.LegacyAndroidGradlePluginPropertiesModelParameters : loaded 3 times (x 70B)
Class com.android.builder.model.v2.ide.Installation                                   : loaded 3 times (x 70B)
Class gnu.trove.TObjectHash$NULL                                                      : loaded 3 times (x 71B)
Class com.google.common.collect.ImmutableSortedAsList                                 : loaded 3 times (x 221B)
Class kotlin.text.RegexKt                                                             : loaded 3 times (x 71B)
Class kotlin.coroutines.intrinsics.IntrinsicsKt__IntrinsicsKt                         : loaded 3 times (x 71B)
Class com.intellij.gradle.toolingExtension.impl.model.warmUp.GradleTaskWarmUpRequest  : loaded 3 times (x 70B)
Class org.jetbrains.plugins.gradle.model.ExternalSourceSet                            : loaded 3 times (x 70B)
Class org.jetbrains.plugins.gradle.model.ProjectImportModelProvider                   : loaded 3 times (x 70B)
Class org.jetbrains.plugins.gradle.tooling.serialization.internal.IdeaProjectSerializationService$WriteContext$3: loaded 3 times (x 83B)
Class org.jetbrains.plugins.gradle.tooling.serialization.AnnotationProcessingModelSerializationService$ReadContext: loaded 3 times (x 72B)
Class kotlin.coroutines.jvm.internal.RestrictedContinuationImpl                       : loaded 3 times (x 87B)
Class org.gradle.util.internal.DefaultGradleVersion$Stage                             : loaded 3 times (x 75B)
Class com.amazon.ion.impl.bin.PooledBlockAllocatorProvider                            : loaded 3 times (x 73B)
Class com.amazon.ion.impl.bin.IonRawBinaryWriter$ContainerInfo                        : loaded 3 times (x 74B)
Class com.amazon.ion.impl.bin.IonManagedBinaryWriter$SymbolState$3                    : loaded 3 times (x 80B)
Class com.amazon.ion.impl.bin.IonRawBinaryWriter$StreamFlushMode                      : loaded 3 times (x 79B)
Class com.amazon.ion.IonBinaryWriter                                                  : loaded 3 times (x 70B)
Class kotlin.text.StringsKt__StringsKt                                                : loaded 3 times (x 71B)
Class com.android.builder.model.v2.models.ModelBuilderParameter                       : loaded 3 times (x 70B)
Class com.amazon.ion.IonContainer                                                     : loaded 3 times (x 70B)
Class com.amazon.ion.impl.lite.IonValueLite                                           : loaded 3 times (x 148B)
Class kotlin.io.FilesKt__UtilsKt                                                      : loaded 3 times (x 71B)
Class com.google.common.collect.Lists$TransformingRandomAccessList                    : loaded 3 times (x 199B)
Class com.amazon.ion.impl._Private_IonSymbol                                          : loaded 3 times (x 70B)
Class com.android.ide.gradle.model.LegacyAndroidGradlePluginProperties                : loaded 3 times (x 70B)
Class kotlin.collections.CollectionsKt__CollectionsJVMKt                              : loaded 3 times (x 71B)
Class com.intellij.gradle.toolingExtension.impl.model.sourceSetArtifactIndex.GradleSourceSetArtifactBuildRequest: loaded 3 times (x 70B)
Class org.jetbrains.plugins.gradle.tooling.serialization.internal.IdeaProjectSerializationService$WriteContext$2: loaded 3 times (x 83B)
Class kotlin.jvm.KotlinReflectionNotSupportedError                                    : loaded 3 times (x 82B)
Class org.gradle.tooling.model.gradle.GradleScript                                    : loaded 3 times (x 70B)
Class kotlin.text.StringsKt                                                           : loaded 3 times (x 71B)
Class [Lcom.android.builder.model.v2.ide.CodeShrinker;                                : loaded 3 times (x 69B)
Class com.amazon.ion.impl.bin.utf8.Pool                                               : loaded 3 times (x 74B)
Class com.amazon.ion.impl.bin.IonManagedBinaryWriter$SymbolState$4                    : loaded 3 times (x 80B)
Class [Lcom.amazon.ion.util.InputStreamInterceptor;                                   : loaded 3 times (x 69B)
Class org.jetbrains.plugins.gradle.model.ExternalProject                              : loaded 3 times (x 70B)
Class org.jetbrains.plugins.gradle.tooling.serialization.internal.IdeaProjectSerializationService$WriteContext$1: loaded 3 times (x 83B)
Class kotlin.collections.CollectionsKt__IteratorsKt                                   : loaded 3 times (x 71B)
Class com.amazon.ion.impl.bin.IonManagedBinaryWriter$UserState$1                      : loaded 3 times (x 85B)
Class com.amazon.ion.impl._Private_ReaderWriter                                       : loaded 3 times (x 70B)
Class kotlin.sequences.SequencesKt                                                    : loaded 3 times (x 71B)
Class com.android.tools.idea.gradle.project.sync.BuildId                              : loaded 2 times (x 72B)
Class com.android.tools.idea.gradle.project.sync.AndroidProjectResult                 : loaded 2 times (x 76B)
Class com.android.tools.idea.gradle.model.IdeExtraSourceProvider                      : loaded 2 times (x 70B)
Class com.android.tools.idea.gradle.project.sync.NativeVariantAbiResult$V2            : loaded 2 times (x 72B)
Class com.google.common.hash.ChecksumHashFunction                                     : loaded 2 times (x 96B)
Class com.google.common.util.concurrent.ListenableFuture                              : loaded 2 times (x 70B)
Class com.google.common.cache.ReferenceEntry                                          : loaded 2 times (x 70B)
Class com.google.gson.internal.bind.NumberTypeAdapter$1                               : loaded 2 times (x 76B)
Class com.google.gson.internal.bind.TypeAdapters$1                                    : loaded 2 times (x 75B)
Class com.google.gson.internal.bind.TypeAdapters$14                                   : loaded 2 times (x 75B)
Class com.google.common.base.Converter                                                : loaded 2 times (x 90B)
Class org.jetbrains.plugins.gradle.tooling.util.GradleVersionComparator               : loaded 2 times (x 75B)
Class com.android.tools.idea.gradle.project.sync.GradleProject                        : loaded 2 times (x 75B)
Class com.intellij.openapi.util.io.FileTooBigException                                : loaded 2 times (x 82B)
Class com.android.tools.idea.gradle.model.IdeUnresolvedAndroidLibrary                 : loaded 2 times (x 70B)
Class com.android.tools.idea.gradle.project.sync.ModelResult                          : loaded 2 times (x 72B)
Class org.gradle.api.internal.classpath.DefaultModuleRegistry                         : loaded 2 times (x 86B)
Class com.google.gson.internal.bind.TypeAdapters$13                                   : loaded 2 times (x 75B)
Class com.google.common.collect.SortedLists$KeyAbsentBehavior                         : loaded 2 times (x 80B)
Class org.gradle.tooling.internal.consumer.versioning.ModelMapping                    : loaded 2 times (x 73B)
Class org.gradle.tooling.model.idea.BasicIdeaProject                                  : loaded 2 times (x 70B)
Class com.android.tools.idea.gradle.project.sync.ModelFetchersKt                      : loaded 2 times (x 71B)
Class org.gradle.tooling.internal.consumer.converters.BasicGradleProjectIdentifierMixin: loaded 2 times (x 73B)
Class org.gradle.tooling.internal.consumer.converters.BackwardsCompatibleIdeaModuleDependency: loaded 2 times (x 70B)
Class com.google.common.hash.HashFunction                                             : loaded 2 times (x 70B)
Class com.google.common.collect.AbstractMapBasedMultimap                              : loaded 2 times (x 139B)
Class com.google.common.util.concurrent.AbstractFuture                                : loaded 2 times (x 106B)
Class com.google.common.base.FunctionalEquivalence                                    : loaded 2 times (x 83B)
Class com.google.gson.Strictness                                                      : loaded 2 times (x 79B)
Class com.google.gson.internal.sql.SqlTypesSupport$1                                  : loaded 2 times (x 74B)
Class com.google.gson.internal.bind.TypeAdapters$2                                    : loaded 2 times (x 75B)
Class com.google.gson.internal.bind.TypeAdapters$15                                   : loaded 2 times (x 75B)
Class com.google.common.collect.SortedLists$KeyPresentBehavior                        : loaded 2 times (x 80B)
Class com.android.tools.idea.gradle.model.impl.IdeBuildTypeContainerImpl              : loaded 2 times (x 79B)
Class com.android.tools.idea.gradle.model.impl.ThrowingIdeDependencies                : loaded 2 times (x 78B)
Class [Lcom.google.gson.ToNumberStrategy;                                             : loaded 2 times (x 69B)
Class com.android.ide.common.gradle.Module                                            : loaded 2 times (x 72B)
Class com.google.gson.internal.bind.TypeAdapters$12                                   : loaded 2 times (x 75B)
Class com.android.tools.idea.gradle.project.sync.AndroidSyncException                 : loaded 2 times (x 82B)
Class com.google.common.cache.LocalCache$LocalManualCache$1                           : loaded 2 times (x 75B)
Class com.google.common.util.concurrent.AbstractFuture$UnsafeAtomicHelper             : loaded 2 times (x 78B)
Class com.google.common.collect.ImmutableMultimap$Values                              : loaded 2 times (x 126B)
Class com.android.tools.idea.gradle.project.sync.LibraryIdentity$LibraryIdentityProvider$Companion: loaded 2 times (x 71B)
Class com.android.tools.idea.gradle.project.sync.FetchedVariantResult                 : loaded 2 times (x 71B)
Class org.gradle.tooling.model.GradleProject                                          : loaded 2 times (x 70B)
Class com.google.common.hash.HashCode                                                 : loaded 2 times (x 80B)
Class com.google.common.hash.ChecksumHashFunction$ChecksumHasher                      : loaded 2 times (x 147B)
Class com.google.common.io.CharStreams                                                : loaded 2 times (x 71B)
Class com.google.common.collect.ImmutableMultiset                                     : loaded 2 times (x 163B)
Class org.objectweb.asm.RecordComponentVisitor                                        : loaded 2 times (x 77B)
Class com.google.common.cache.CacheLoader$SupplierToCacheLoader                       : loaded 2 times (x 75B)
Class com.google.gson.internal.sql.SqlTypesSupport$2                                  : loaded 2 times (x 74B)
Class com.google.gson.internal.bind.TypeAdapters$16                                   : loaded 2 times (x 75B)
Class com.google.gson.internal.bind.TypeAdapters$3                                    : loaded 2 times (x 75B)
Class com.android.tools.idea.gradle.project.sync.VariantDetailsKt                     : loaded 2 times (x 71B)
Class com.google.common.collect.ImmutableSet$JdkBackedSetBuilderImpl                  : loaded 2 times (x 76B)
Class [Lcom.google.gson.FieldNamingPolicy;                                            : loaded 2 times (x 69B)
Class com.google.gson.internal.bind.TypeAdapters$11                                   : loaded 2 times (x 75B)
Class com.android.tools.idea.gradle.project.sync.ModelCacheV2ImplKt$modelCacheV2Impl$1: loaded 2 times (x 80B)
Class [Lcom.android.tools.idea.gradle.project.upgrade.AndroidGradlePluginCompatibility;: loaded 2 times (x 69B)
Class com.google.common.util.concurrent.internal.InternalFutureFailureAccess          : loaded 2 times (x 72B)
Class com.google.common.base.Splitter$SplittingIterator                               : loaded 2 times (x 84B)
Class com.android.tools.idea.gradle.model.impl.IdeCompositeBuildMapImpl               : loaded 2 times (x 76B)
Class org.gradle.tooling.internal.adapter.ProtocolToModelAdapter$MixInBeanMappingAction: loaded 2 times (x 81B)
Class com.android.tools.idea.gradle.project.sync.AndroidExtraModelProviderKt          : loaded 2 times (x 71B)
Class com.android.tools.idea.gradle.model.IdeProductFlavor                            : loaded 2 times (x 70B)
Class org.gradle.tooling.internal.adapter.ProtocolToModelAdapter$MixInTypeMappingAction: loaded 2 times (x 81B)
Class com.android.tools.idea.gradle.project.sync.AdditionalClassifierArtifactsModelCollectorKt: loaded 2 times (x 71B)
Class ijJvmDebugger2_5q0m81kjp8kqb11g0z586nleg                                        : loaded 2 times (x 179B)
Class org.gradle.api.internal.classpath.ModuleRegistry                                : loaded 2 times (x 70B)
Class com.google.gson.internal.bind.TypeAdapters$17                                   : loaded 2 times (x 75B)
Class com.google.gson.internal.bind.TypeAdapters$4                                    : loaded 2 times (x 75B)
Class com.google.common.collect.Maps$EntryTransformer                                 : loaded 2 times (x 70B)
Class org.gradle.internal.service.ServiceLookupException                              : loaded 2 times (x 82B)
Class org.gradle.internal.installation.GradleInstallation$1                           : loaded 2 times (x 75B)
Class com.android.builder.model.v2.models.TestSuiteSourceDependenciesAdjacencyList    : loaded 2 times (x 70B)
Class com.google.common.collect.ImmutableBiMap                                        : loaded 2 times (x 143B)
Class com.android.tools.idea.gradle.model.impl.IdeProjectPathImpl                     : loaded 2 times (x 77B)
Class com.google.gson.internal.bind.TypeAdapters$10                                   : loaded 2 times (x 75B)
Class com.android.tools.idea.gradle.project.sync.GradleModule                         : loaded 2 times (x 78B)
Class com.google.gson.internal.bind.ReflectiveTypeAdapterFactory$Adapter              : loaded 2 times (x 77B)
Class com.android.tools.idea.gradle.project.sync.BasicNonAndroidIncompleteGradleModule: loaded 2 times (x 73B)
Class com.google.common.cache.CacheLoader                                             : loaded 2 times (x 74B)
Class [Lorg.objectweb.asm.SymbolTable$Entry;                                          : loaded 2 times (x 69B)
Class com.google.common.collect.AbstractListMultimap                                  : loaded 2 times (x 172B)
Class [Lcom.google.common.base.Supplier;                                              : loaded 2 times (x 69B)
Class com.intellij.gradle.toolingExtension.impl.model.projectModel.GradleExternalProjectModelProvider: loaded 2 times (x 79B)
Class com.google.common.hash.AbstractByteHasher                                       : loaded 2 times (x 147B)
Class com.google.common.base.CharMatcher$JavaLetter                                   : loaded 2 times (x 111B)
Class com.google.gson.annotations.JsonAdapter                                         : loaded 2 times (x 70B)
Class [Lcom.google.common.cache.LocalCache$EntryFactory;                              : loaded 2 times (x 69B)
Class com.google.gson.internal.bind.SerializationDelegatingTypeAdapter                : loaded 2 times (x 74B)
Class com.google.gson.internal.bind.TypeAdapters$18                                   : loaded 2 times (x 75B)
Class com.google.gson.internal.bind.TypeAdapters$5                                    : loaded 2 times (x 75B)
Class org.gradle.internal.classloader.ClassLoaderFactory                              : loaded 2 times (x 70B)
Class com.android.tools.idea.gradle.project.sync.AndroidProjectResult$Companion$RuntimeClasspathBehaviour: loaded 2 times (x 71B)
Class com.android.tools.idea.gradle.model.impl.IdeMultiVariantDataImpl                : loaded 2 times (x 77B)
Class com.android.tools.idea.gradle.model.IdeUnresolvedJavaLibrary                    : loaded 2 times (x 70B)
Class com.android.tools.idea.gradle.project.sync.NativeVariantAbiResult               : loaded 2 times (x 71B)
Class com.android.tools.idea.gradle.model.IdeJavaLibrary                              : loaded 2 times (x 70B)
Class com.android.tools.idea.gradle.model.ClasspathType                               : loaded 2 times (x 79B)
Class com.android.tools.idea.gradle.project.sync.StandaloneDeliverableModel           : loaded 2 times (x 75B)
Class com.android.tools.idea.gradle.project.sync.AndroidVariantResolver               : loaded 2 times (x 70B)
Class com.android.tools.idea.gradle.model.impl.IdeDependenciesInfoImpl                : loaded 2 times (x 75B)
Class com.google.common.cache.LocalCache$Segment                                      : loaded 2 times (x 154B)
Class com.google.common.collect.AbstractMapBasedMultimap$AsMap$AsMapEntries           : loaded 2 times (x 138B)
Class org.gradle.tooling.internal.consumer.converters.EclipseProjectHasAutoBuildMixin : loaded 2 times (x 72B)
Class org.gradle.tooling.UnknownModelException                                        : loaded 2 times (x 83B)
Class com.google.common.collect.ImmutableMap$SerializedForm                           : loaded 2 times (x 73B)
Class com.google.common.base.CommonPattern                                            : loaded 2 times (x 74B)
Class com.google.common.cache.LocalCache$LocalManualCache                             : loaded 2 times (x 99B)
Class com.google.gson.internal.bind.ReflectiveTypeAdapterFactory$FieldReflectionAdapter: loaded 2 times (x 77B)
Class com.google.gson.internal.bind.TypeAdapters$19                                   : loaded 2 times (x 75B)
Class com.google.gson.internal.bind.TypeAdapters$6                                    : loaded 2 times (x 75B)
Class org.gradle.internal.service.CachingServiceLocator                               : loaded 2 times (x 82B)
Class com.intellij.gradle.toolingExtension.impl.modelSerialization.ToolingSerializerConverter: loaded 2 times (x 73B)
Class [Lcom.android.tools.idea.gradle.project.sync.SyncTestMode;                      : loaded 2 times (x 69B)
Class com.android.tools.idea.gradle.model.IdeProjectPath                              : loaded 2 times (x 70B)
Class kotlin.jvm.internal.Intrinsics$Kotlin                                           : loaded 2 times (x 71B)
Class org.jetbrains.plugins.gradle.tooling.serialization.internal.IdeaProjectSerializationService$10: loaded 2 times (x 76B)
Class io.opentelemetry.context.ContextExecutorService                                 : loaded 2 times (x 104B)
Class [Lcom.android.tools.idea.gradle.project.sync.MeasurementCheckpoint;             : loaded 2 times (x 69B)
Class org.gradle.tooling.model.idea.IdeaModule                                        : loaded 2 times (x 70B)
Class [Lcom.google.common.collect.SortedLists$KeyAbsentBehavior;                      : loaded 2 times (x 69B)
Class com.android.tools.idea.gradle.project.sync.DefaultVariantsKt                    : loaded 2 times (x 71B)
Class com.google.common.collect.Streams                                               : loaded 2 times (x 71B)
Class com.google.common.collect.AbstractMapBasedMultimap$KeySet                       : loaded 2 times (x 137B)
Class com.google.gson.annotations.SerializedName                                      : loaded 2 times (x 70B)
Class com.google.gson.internal.bind.TypeAdapters$7                                    : loaded 2 times (x 75B)
Class com.google.common.math.IntMath                                                  : loaded 2 times (x 71B)
Class com.android.tools.idea.gradle.model.IdeJavaArtifactCore                         : loaded 2 times (x 70B)
Class com.google.common.collect.ImmutableMap$IteratorBasedImmutableMap                : loaded 2 times (x 126B)
Class com.google.gson.internal.sql.SqlDateTypeAdapter$1                               : loaded 2 times (x 75B)
Class com.google.common.cache.LocalCache$ComputingValueReference                      : loaded 2 times (x 96B)
Class com.intellij.gradle.toolingExtension.modelAction.GradleModelFetchPhase          : loaded 2 times (x 70B)
Class com.android.tools.idea.gradle.project.sync.AndroidExtraModelProviderWorker      : loaded 2 times (x 72B)
Class com.android.ide.common.repository.AgpVersion$PreviewKind$WhenMappings           : loaded 2 times (x 71B)
Class com.android.tools.idea.gradle.model.impl.IdeTestOptionsImpl                     : loaded 2 times (x 77B)
Class com.android.builder.model.v2.ide.SyncIssue                                      : loaded 2 times (x 70B)
Class [Lcom.google.common.collect.HashBiMap$BiEntry;                                  : loaded 2 times (x 69B)
Class com.google.common.collect.MapMakerInternalMap$InternalEntry                     : loaded 2 times (x 70B)
Class org.objectweb.asm.commons.InstructionAdapter                                    : loaded 2 times (x 188B)
Class com.google.gson.internal.bind.CollectionTypeAdapterFactory$Adapter              : loaded 2 times (x 74B)
Class com.google.gson.internal.bind.TypeAdapters$8                                    : loaded 2 times (x 75B)
Class com.google.common.collect.ImmutableMapEntry                                     : loaded 2 times (x 85B)
Class com.google.gson.internal.sql.SqlTimestampTypeAdapter                            : loaded 2 times (x 76B)
Class com.google.gson.internal.bind.ReflectiveTypeAdapterFactory                      : loaded 2 times (x 75B)
Class com.android.tools.idea.gradle.project.sync.IdeSyncExecutionReport               : loaded 2 times (x 71B)
Class com.android.tools.idea.gradle.project.sync.FetchedVariantResult$Finished        : loaded 2 times (x 72B)
Class com.android.tools.idea.gradle.model.IdePreResolvedModuleLibraryImpl             : loaded 2 times (x 81B)
Class com.android.tools.idea.gradle.model.IdeAndroidLibraryImpl                       : loaded 2 times (x 106B)
Class com.android.tools.idea.gradle.project.sync.ModelCacheV2ImplKt$WhenMappings      : loaded 2 times (x 71B)
Class com.google.common.base.Suppliers$SupplierOfInstance                             : loaded 2 times (x 79B)
Class org.objectweb.asm.Edge                                                          : loaded 2 times (x 72B)
Class org.gradle.tooling.model.idea.IdeaSourceDirectory                               : loaded 2 times (x 70B)
Class org.gradle.tooling.model.eclipse.EclipseClasspathEntry                          : loaded 2 times (x 70B)
Class org.gradle.internal.impldep.com.google.common.base.Optional                     : loaded 2 times (x 80B)
Class com.android.tools.idea.gradle.project.sync.ActionToRun                          : loaded 2 times (x 72B)
Class com.google.common.collect.ImmutableMultimap                                     : loaded 2 times (x 147B)
Class com.google.common.base.Equivalence                                              : loaded 2 times (x 82B)
Class com.google.gson.internal.bind.TypeAdapters$9                                    : loaded 2 times (x 75B)
Class com.google.common.collect.ImmutableMapEntry$NonTerminalImmutableMapEntry        : loaded 2 times (x 85B)
Class com.android.tools.idea.gradle.model.CodeShrinker                                : loaded 2 times (x 79B)
Class com.android.tools.idea.gradle.model.IdeSourceProviderKt                         : loaded 2 times (x 71B)
Class com.android.tools.idea.gradle.project.sync.SyncVariantResultSuccess             : loaded 2 times (x 72B)
Class com.android.tools.idea.gradle.project.sync.FetchedVariant                       : loaded 2 times (x 72B)
Class com.android.tools.idea.gradle.model.impl.IdeSigningConfigImpl                   : loaded 2 times (x 78B)
Class com.android.tools.idea.gradle.model.impl.IdeAndroidGradlePluginProjectFlagsImpl : loaded 2 times (x 87B)
Class com.android.builder.model.v2.models.SourceType                                  : loaded 2 times (x 79B)
Class com.android.tools.idea.gradle.project.sync.SyncProjectActionWorker              : loaded 2 times (x 72B)
Class [Lcom.intellij.openapi.diagnostic.LogLevel;                                     : loaded 2 times (x 69B)
Class org.jetbrains.plugins.gradle.model.ExternalFilter                               : loaded 2 times (x 70B)
Class com.google.common.util.concurrent.AbstractFuture$AtomicHelper                   : loaded 2 times (x 78B)
Class org.objectweb.asm.SymbolTable$Entry                                             : loaded 2 times (x 74B)
Class com.google.common.io.CharStreams$NullWriter                                     : loaded 2 times (x 99B)
Class com.android.tools.idea.gradle.project.sync.SingleVariantSyncActionOptions       : loaded 2 times (x 73B)
Class com.google.common.hash.Hashing                                                  : loaded 2 times (x 71B)
Class com.google.common.collect.IndexedImmutableSet$1                                 : loaded 2 times (x 213B)
Class com.google.common.cache.CacheBuilder$OneWeigher                                 : loaded 2 times (x 82B)
Class com.google.gson.JsonParseException                                              : loaded 2 times (x 82B)
Class ijKotlinCoroutineJvmDebugInit2_1olfkkwxjlgu1be2ede06tci2                        : loaded 2 times (x 179B)
Class org.jetbrains.plugins.gradle.tooling.serialization.internal.adapter.kotlin.dsl.InternalKotlinDslScriptModel: loaded 2 times (x 84B)
Class com.android.builder.model.v2.ide.TestSuiteVariantTarget                         : loaded 2 times (x 70B)
Class com.android.tools.idea.gradle.model.IdeDependencyCore                           : loaded 2 times (x 70B)
Class com.android.builder.model.v2.models.BaseTestSuiteSourceIdentity                 : loaded 2 times (x 70B)
Class com.android.tools.idea.gradle.project.sync.AndroidModule                        : loaded 2 times (x 88B)
Class com.android.tools.idea.gradle.model.IdeTestOptions$Execution                    : loaded 2 times (x 79B)
Class com.android.builder.model.v2.ide.UnresolvedDependency                           : loaded 2 times (x 70B)
Class com.android.tools.idea.projectsystem.gradle.sync.Counter$time$1                 : loaded 2 times (x 78B)
Class org.jetbrains.plugins.gradle.model.MavenRepositoryModel                         : loaded 2 times (x 70B)
Class com.google.common.base.JdkPattern                                               : loaded 2 times (x 75B)
Class org.jetbrains.kotlin.gradle.idea.tcs.IdeaKotlinDependency                       : loaded 2 times (x 70B)
Class com.google.common.primitives.UnsignedInts                                       : loaded 2 times (x 71B)
Class org.gradle.internal.classloader.ClasspathUtil                                   : loaded 2 times (x 71B)
Class com.google.common.io.Files$FileByteSource                                       : loaded 2 times (x 85B)
Class com.android.tools.idea.gradle.model.IdeAndroidGradlePluginProjectFlags          : loaded 2 times (x 70B)
Class com.google.common.collect.Interners$InternerBuilder                             : loaded 2 times (x 76B)
Class com.android.tools.idea.gradle.project.sync.SwitchVariantRequest                 : loaded 2 times (x 72B)
Class com.android.tools.idea.gradle.project.sync.AgpCompatibilityKt$WhenMappings      : loaded 2 times (x 71B)
Class com.google.common.collect.ComparisonChain                                       : loaded 2 times (x 80B)
Class com.android.tools.idea.projectsystem.gradle.sync.Counter$time$2                 : loaded 2 times (x 78B)
Class org.gradle.tooling.internal.consumer.connection.StreamingAwareBuildControllerAdapter: loaded 2 times (x 112B)
Class org.gradle.tooling.internal.consumer.converters.GradleProjectIdentifierMixin    : loaded 2 times (x 73B)
Class com.intellij.util.ReflectionUtilRt                                              : loaded 2 times (x 71B)
Class org.jetbrains.kotlin.tooling.core.HasExtras                                     : loaded 2 times (x 70B)
Class org.jetbrains.kotlin.idea.gradleTooling.KotlinMPPGradleModel$Companion          : loaded 2 times (x 71B)
Class com.google.common.base.Charsets                                                 : loaded 2 times (x 71B)
Class com.google.common.util.concurrent.Uninterruptibles                              : loaded 2 times (x 71B)
Class com.android.tools.idea.projectsystem.gradle.sync.PerformanceMeasurementUtilKt   : loaded 2 times (x 71B)
Class com.android.tools.idea.gradle.project.sync.AgpVersionTooNew                     : loaded 2 times (x 82B)
Class com.android.tools.idea.gradle.model.impl.IdeDependenciesCoreDirect              : loaded 2 times (x 79B)
Class org.gradle.api.UncheckedIOException                                             : loaded 2 times (x 82B)
Class com.android.tools.idea.gradle.project.sync.FetchedVariantResult$InProgress      : loaded 2 times (x 71B)
Class org.gradle.internal.classpath.ClassPath                                         : loaded 2 times (x 70B)
Class [Lorg.gradle.tooling.internal.adapter.MethodInvoker;                            : loaded 2 times (x 69B)
Class Settings_gradle$1                                                               : loaded 2 times (x 74B)
Class com.google.gson.internal.bind.JsonTreeWriter                                    : loaded 2 times (x 98B)
Class com.google.gson.internal.bind.ArrayTypeAdapter$1                                : loaded 2 times (x 75B)
Class com.android.tools.idea.gradle.project.sync.SyncActionOptions                    : loaded 2 times (x 72B)
Class com.google.common.io.CharSource                                                 : loaded 2 times (x 85B)
Class com.google.common.collect.Maps                                                  : loaded 2 times (x 71B)
Class ijInit2_2nsbr1w3ycgvteyig7dvyd6je                                               : loaded 2 times (x 179B)
Class org.gradle.api.specs.Spec                                                       : loaded 2 times (x 70B)
Class com.google.common.cache.CacheBuilder                                            : loaded 2 times (x 72B)
Class com.google.common.io.ByteSink                                                   : loaded 2 times (x 76B)
Class org.gradle.tooling.internal.consumer.versioning.ModelMapping$DefaultModelIdentifier: loaded 2 times (x 76B)
Class com.intellij.openapi.util.io.FileUtilRt$RepeatableIOOperation                   : loaded 2 times (x 70B)
Class com.google.common.hash.Hashing$ChecksumType$1                                   : loaded 2 times (x 88B)
Class com.google.common.collect.MapMaker                                              : loaded 2 times (x 72B)
Class com.google.gson.internal.sql.SqlDateTypeAdapter                                 : loaded 2 times (x 74B)
Class [Lcom.google.common.collect.ImmutableEntry;                                     : loaded 2 times (x 69B)
Class com.android.tools.idea.gradle.project.sync.BasicIncompleteGradleModule          : loaded 2 times (x 73B)
Class com.android.builder.model.v2.models.HostJarTestSuiteSource                      : loaded 2 times (x 70B)
Class com.android.tools.idea.gradle.model.IdeUnresolvedLibrary                        : loaded 2 times (x 70B)
Class com.android.tools.idea.gradle.project.sync.ModelCacheV2ImplKt$modelCacheV2Impl$variantCoreFrom$6: loaded 2 times (x 129B)
Class com.android.tools.idea.gradle.model.impl.BuildFolderPaths                       : loaded 2 times (x 72B)
Class [Lcom.android.tools.idea.gradle.model.impl.IdeModuleWellKnownSourceSet;         : loaded 2 times (x 69B)
Class com.intellij.gradle.toolingExtension.impl.modelAction.GradleModelHolderState    : loaded 2 times (x 77B)
Class com.google.common.hash.Hashing$ChecksumType$2                                   : loaded 2 times (x 88B)
Class com.google.common.cache.LocalCache$LoadingValueReference                        : loaded 2 times (x 96B)
Class com.android.tools.idea.gradle.project.sync.ModelCacheV1ImplKt                   : loaded 2 times (x 71B)
Class com.android.tools.idea.gradle.model.ndk.v2.IdeNativeModule                      : loaded 2 times (x 70B)
Class com.google.common.collect.MapMakerInternalMap$Segment                           : loaded 2 times (x 142B)
Class org.gradle.tooling.model.cpp.CppComponent                                       : loaded 2 times (x 70B)
Class com.intellij.gradle.toolingExtension.impl.modelSerialization.DefaultSerializationService: loaded 2 times (x 76B)
Class org.gradle.tooling.model.Launchable                                             : loaded 2 times (x 70B)
Class com.android.tools.idea.gradle.model.impl.IdeBasicVariantImpl                    : loaded 2 times (x 79B)
Class org.gradle.internal.classpath.DefaultClassPath$ImmutableUniqueList              : loaded 2 times (x 199B)
Class org.gradle.tooling.FetchModelResult                                             : loaded 2 times (x 70B)
Class org.gradle.api.internal.ClassPathRegistry                                       : loaded 2 times (x 70B)
Class com.google.common.primitives.IntsMethodsForWeb                                  : loaded 2 times (x 71B)
Class org.gradle.tooling.model.BuildModel                                             : loaded 2 times (x 70B)
Class com.google.common.collect.ImmutableMultimap$Keys                                : loaded 2 times (x 166B)
Class com.google.common.hash.Hashing$ChecksumType$3                                   : loaded 2 times (x 88B)
Class com.google.common.io.LineReader$1                                               : loaded 2 times (x 75B)
Class com.google.common.collect.CollectSpliterators                                   : loaded 2 times (x 71B)
Class com.google.common.collect.AbstractMapBasedMultimap$AsMap                        : loaded 2 times (x 128B)
Class com.google.common.collect.MapMakerInternalMap$StrongKeyDummyValueEntry          : loaded 2 times (x 82B)
Class com.google.common.base.Platform                                                 : loaded 2 times (x 71B)
Class com.google.gson.internal.bind.ReflectiveTypeAdapterFactory$RecordAdapter        : loaded 2 times (x 77B)
Class org.gradle.tooling.internal.consumer.connection.UnparameterizedBuildController  : loaded 2 times (x 112B)
Class com.android.tools.idea.gradle.project.sync.ResolvedAndroidProjectPath           : loaded 2 times (x 70B)
Class com.android.tools.idea.gradle.model.IdeDependenciesCore                         : loaded 2 times (x 70B)
Class com.android.tools.idea.gradle.model.impl.IdeDependenciesImplKt                  : loaded 2 times (x 71B)
Class com.intellij.gradle.toolingExtension.impl.modelSerialization.SerializationServiceNotFoundException: loaded 2 times (x 82B)
Class com.android.tools.idea.projectsystem.gradle.sync.Counter                        : loaded 2 times (x 72B)
Class com.android.builder.model.ProjectSyncIssues                                     : loaded 2 times (x 70B)
Class com.android.tools.idea.gradle.project.sync.AgpVersionIncompatible               : loaded 2 times (x 82B)
Class com.android.tools.idea.gradle.project.sync.ArtifactDependenciesCompat$AdjacencyList: loaded 2 times (x 72B)
Class com.android.tools.idea.gradle.project.sync.ModelVersion                         : loaded 2 times (x 75B)
Class com.android.tools.idea.gradle.project.sync.ModelCacheV2ImplKt$modelCacheV2Impl$createFromDependencies$1$LibrariesByType: loaded 2 times (x 72B)
Class org.jetbrains.plugins.gradle.tooling.serialization.internal.IdeaProjectSerializationService$JavaHomePathGetter: loaded 2 times (x 75B)
Class org.gradle.api.internal.DefaultClassPathRegistry                                : loaded 2 times (x 76B)
Class com.google.gson.ToNumberPolicy                                                  : loaded 2 times (x 83B)
Class [Lcom.google.gson.ToNumberPolicy;                                               : loaded 2 times (x 69B)
Class com.google.common.cache.RemovalListener                                         : loaded 2 times (x 70B)
Class com.google.common.collect.AbstractMapBasedMultimap$WrappedCollection$WrappedIterator: loaded 2 times (x 84B)
Class com.google.common.base.Present                                                  : loaded 2 times (x 81B)
Class com.android.tools.idea.gradle.project.sync.SyncActionRunnerKt                   : loaded 2 times (x 71B)
Class com.intellij.gradle.toolingExtension.modelAction.GradleProjectLoadedModelFetchPhase: loaded 2 times (x 81B)
Class com.google.common.collect.AbstractMapBasedMultimap$WrappedList                  : loaded 2 times (x 205B)
Class com.google.gson.internal.reflect.ReflectionHelper$RecordNotSupportedHelper      : loaded 2 times (x 78B)
Class com.google.gson.JsonIOException                                                 : loaded 2 times (x 82B)
Class com.google.common.collect.Maps$8                                                : loaded 2 times (x 82B)
Class com.android.builder.model.Variant                                               : loaded 2 times (x 70B)
Class com.android.tools.idea.gradle.project.sync.ModelCacheKt                         : loaded 2 times (x 71B)
Class com.intellij.openapi.util.io.FileUtilRt$SymlinkResolver                         : loaded 2 times (x 70B)
Class com.android.tools.idea.gradle.model.IdeJavaLibraryImpl                          : loaded 2 times (x 92B)
Class com.android.tools.idea.gradle.model.IdeJavaCompileOptions                       : loaded 2 times (x 70B)
Class com.android.tools.idea.gradle.project.sync.ModelCacheV2ImplKt$modelCacheV2Impl$variantCoreFrom$9: loaded 2 times (x 129B)
Class com.google.common.collect.ImmutableMap$Builder                                  : loaded 2 times (x 82B)
Class com.android.tools.idea.gradle.model.IdeArtifactName$Companion                   : loaded 2 times (x 71B)
Class com.google.common.util.concurrent.AbstractFuture$Cancellation                   : loaded 2 times (x 72B)
Class com.google.common.base.NullnessCasts                                            : loaded 2 times (x 71B)
Class com.google.common.io.Files$2                                                    : loaded 2 times (x 76B)
Class com.google.common.io.AppendableWriter                                           : loaded 2 times (x 100B)
Class org.gradle.tooling.internal.adapter.ProtocolToModelAdapter$BeanMixInMethodInvoker: loaded 2 times (x 76B)
Class kotlin.Triple                                                                   : loaded 2 times (x 72B)
Class com.intellij.gradle.toolingExtension.impl.modelAction.GradleModelId             : loaded 2 times (x 72B)
Class com.android.builder.model.v2.ide.JUnitEngineInfo                                : loaded 2 times (x 70B)
Class org.jetbrains.kotlin.tooling.core.Extras                                        : loaded 2 times (x 70B)
Class [Lcom.google.common.collect.Iterators$EmptyModifiableIterator;                  : loaded 2 times (x 69B)
Class com.google.common.collect.Sets$SetView                                          : loaded 2 times (x 138B)
Class com.google.common.cache.LocalCache$StrongValueReference                         : loaded 2 times (x 90B)
Class com.google.common.util.concurrent.AbstractFuture$SynchronizedHelper             : loaded 2 times (x 78B)
Class org.jetbrains.plugins.gradle.tooling.serialization.internal.IdeaProjectSerializationService$1: loaded 2 times (x 76B)
Class org.jetbrains.plugins.gradle.model.GradleConvention                             : loaded 2 times (x 70B)
Class com.android.tools.idea.gradle.project.sync.LibraryIdentity$LibraryIdentityProvider: loaded 2 times (x 72B)
Class org.gradle.tooling.model.SourceDirectory                                        : loaded 2 times (x 70B)
Class com.intellij.openapi.util.io.FileUtilRt                                         : loaded 2 times (x 71B)
Class com.android.tools.idea.gradle.project.sync.AndroidModule$V2                     : loaded 2 times (x 88B)
Class ijJvmDebugger2_5q0m81kjp8kqb11g0z586nleg$_run_closure1                          : loaded 2 times (x 139B)
Class org.gradle.internal.impldep.com.google.common.base.Preconditions                : loaded 2 times (x 71B)
Class org.gradle.tooling.model.idea.IdeaSingleEntryLibraryDependency                  : loaded 2 times (x 70B)
Class org.gradle.tooling.model.ExternalDependency                                     : loaded 2 times (x 70B)
Class com.android.tools.idea.gradle.project.sync.ModelConsumerVersion                 : loaded 2 times (x 75B)
Class com.google.common.graph.SuccessorsFunction                                      : loaded 2 times (x 70B)
Class org.objectweb.asm.Type                                                          : loaded 2 times (x 72B)
Class com.google.gson.LongSerializationPolicy$1                                       : loaded 2 times (x 80B)
Class org.gradle.internal.classloader.VisitableURLClassLoader$InstrumentingVisitableURLClassLoader: loaded 2 times (x 123B)
Class org.jetbrains.plugins.gradle.tooling.serialization.internal.IdeaProjectSerializationService$2: loaded 2 times (x 77B)
Class com.google.common.cache.Cache                                                   : loaded 2 times (x 70B)
Class com.google.common.cache.LocalCache$Strength                                     : loaded 2 times (x 81B)
Class com.android.tools.idea.gradle.project.sync.AllVariantsSyncActionOptions         : loaded 2 times (x 73B)
Class com.android.tools.idea.gradle.model.impl.IdeProductFlavorImpl                   : loaded 2 times (x 101B)
Class com.google.common.base.Stopwatch                                                : loaded 2 times (x 72B)
Class org.jetbrains.plugins.gradle.model.GradleLightBuild                             : loaded 2 times (x 70B)
Class org.jetbrains.plugins.gradle.model.DefaultGradleLightProject                    : loaded 2 times (x 84B)
Class com.android.tools.idea.gradle.project.sync.AndroidModule$V1                     : loaded 2 times (x 88B)
Class com.intellij.openapi.util.SystemInfoRt                                          : loaded 2 times (x 71B)
Class com.intellij.openapi.diagnostic.Logger                                          : loaded 2 times (x 99B)
Class com.android.tools.idea.gradle.project.sync.DeliverableAndroidModule             : loaded 2 times (x 76B)
Class org.gradle.api.internal.classpath.UnknownModuleException                        : loaded 2 times (x 82B)
Class com.google.common.cache.Weigher                                                 : loaded 2 times (x 70B)
Class com.intellij.gradle.toolingExtension.impl.model.taskModel.GradleTaskModelProvider: loaded 2 times (x 78B)
Class com.google.common.collect.MapMakerInternalMap$StrongKeyDummyValueEntry$Helper   : loaded 2 times (x 79B)
Class com.google.common.io.Files$FileByteSink                                         : loaded 2 times (x 77B)
Class org.objectweb.asm.ByteVector                                                    : loaded 2 times (x 79B)
Class [Lcom.google.common.cache.CacheBuilder$NullListener;                            : loaded 2 times (x 69B)
Class com.google.gson.LongSerializationPolicy$2                                       : loaded 2 times (x 80B)
Class com.google.common.math.IntMath$1                                                : loaded 2 times (x 71B)
Class org.gradle.internal.classloader.VisitableURLClassLoader$Spec                    : loaded 2 times (x 74B)
Class org.gradle.internal.classpath.DefaultClassPath                                  : loaded 2 times (x 90B)
Class org.jetbrains.plugins.gradle.tooling.serialization.internal.IdeaProjectSerializationService$3: loaded 2 times (x 77B)
Class com.android.tools.idea.gradle.project.sync.AndroidExtraModelProvider            : loaded 2 times (x 79B)
Class org.gradle.tooling.internal.consumer.versioning.VersionDetails$R48VersionDetails: loaded 2 times (x 80B)
Class com.android.tools.idea.gradle.model.IdeAndroidLibrary                           : loaded 2 times (x 70B)
Class com.android.tools.idea.gradle.project.sync.BuildModelsAndMap                    : loaded 2 times (x 72B)
Class [Lcom.android.tools.idea.gradle.project.sync.AndroidModule$NativeModelVersion;  : loaded 2 times (x 69B)
Class com.android.tools.idea.gradle.model.impl.IdeAndroidProjectImpl$Companion        : loaded 2 times (x 71B)
Class com.android.tools.idea.gradle.model.impl.IdeAaptOptionsImpl                     : loaded 2 times (x 75B)
Class com.android.builder.model.v2.models.BasicTestSuite                              : loaded 2 times (x 70B)
Class [Lcom.android.tools.idea.gradle.model.IdeAaptOptions$Namespacing;               : loaded 2 times (x 69B)
Class com.android.tools.idea.gradle.model.impl.IdeDependencyCoreImpl                  : loaded 2 times (x 76B)
Class com.intellij.openapi.util.Comparing                                             : loaded 2 times (x 71B)
Class org.gradle.api.internal.classpath.Module                                        : loaded 2 times (x 70B)
Class com.google.common.collect.ImmutableMapEntrySet                                  : loaded 2 times (x 152B)
Class com.google.gson.internal.ObjectConstructor                                      : loaded 2 times (x 70B)
Class org.gradle.tooling.model.java.InstalledJdk                                      : loaded 2 times (x 70B)
Class com.android.ide.common.gradle.RC                                                : loaded 2 times (x 79B)
Class org.gradle.tooling.internal.consumer.versioning.VersionDetails$R26VersionDetails: loaded 2 times (x 80B)
Class com.google.common.base.AbstractIterator                                         : loaded 2 times (x 80B)
Class org.objectweb.asm.Symbol                                                        : loaded 2 times (x 73B)
Class com.intellij.openapi.diagnostic.Logger$Factory                                  : loaded 2 times (x 70B)
Class com.android.tools.idea.gradle.model.impl.IdeVariantCoreSerializable             : loaded 2 times (x 70B)
Class com.android.builder.model.v2.models.ndk.NativeBuildSystem                       : loaded 2 times (x 79B)
Class ijKotlinCoroutineJvmDebugInit2_1olfkkwxjlgu1be2ede06tci2$_run_closure1          : loaded 2 times (x 139B)
Class com.android.tools.idea.gradle.model.IdeCompositeBuildMap                        : loaded 2 times (x 70B)
Class org.gradle.tooling.model.cpp.CppBinary                                          : loaded 2 times (x 70B)
Class com.google.common.math.MathPreconditions                                        : loaded 2 times (x 71B)
Class com.google.common.io.Java8Compatibility                                         : loaded 2 times (x 71B)
Class com.google.common.io.Closer                                                     : loaded 2 times (x 78B)
Class com.google.common.base.CharMatcher$Ascii                                        : loaded 2 times (x 112B)
Class [Lcom.google.gson.Strictness;                                                   : loaded 2 times (x 69B)
Class com.google.gson.reflect.TypeToken                                               : loaded 2 times (x 75B)
Class com.google.common.collect.RegularImmutableMap$Values                            : loaded 2 times (x 207B)
Class org.gradle.internal.classloader.ClassLoaderSpec                                 : loaded 2 times (x 71B)
Class com.google.common.collect.ArrayListMultimapGwtSerializationDependencies         : loaded 2 times (x 172B)
Class com.google.common.collect.Multiset                                              : loaded 2 times (x 70B)
Class com.android.tools.idea.gradle.model.LibraryReference                            : loaded 2 times (x 72B)
Class com.android.tools.idea.gradle.model.IdeAaptOptions                              : loaded 2 times (x 70B)
Class com.android.builder.model.v2.ide.TestSuite                                      : loaded 2 times (x 70B)
Class com.google.common.collect.SortedLists$KeyAbsentBehavior$1                       : loaded 2 times (x 80B)
Class com.google.common.collect.ObjectArrays                                          : loaded 2 times (x 71B)
Class org.jetbrains.kotlin.idea.projectModel.KotlinTarget                             : loaded 2 times (x 70B)
Class org.jetbrains.kotlin.idea.gradleTooling.IdeaKpmProjectProvider                  : loaded 2 times (x 78B)
Class com.google.common.io.ByteSource$EmptyByteSource                                 : loaded 2 times (x 85B)
Class org.objectweb.asm.AnnotationWriter                                              : loaded 2 times (x 79B)
Class com.google.common.cache.CacheStats                                              : loaded 2 times (x 71B)
Class com.google.gson.internal.sql.SqlTimestampTypeAdapter$1                          : loaded 2 times (x 75B)
Class com.google.gson.JsonPrimitive                                                   : loaded 2 times (x 93B)
Class org.jetbrains.plugins.gradle.tooling.serialization.internal.IdeaProjectSerializationService$6: loaded 2 times (x 76B)
Class com.android.tools.idea.gradle.model.ResolverType                                : loaded 2 times (x 79B)
Class com.google.common.primitives.Ints                                               : loaded 2 times (x 71B)
Class [Lcom.android.tools.idea.gradle.model.ClasspathType;                            : loaded 2 times (x 69B)
Class [Lcom.android.builder.model.v2.models.ndk.NativeBuildSystem;                    : loaded 2 times (x 69B)
Class com.google.common.base.Absent                                                   : loaded 2 times (x 80B)
Class [Lcom.android.tools.idea.gradle.model.IdeArtifactName;                          : loaded 2 times (x 69B)
Class com.google.common.collect.SortedLists$KeyAbsentBehavior$2                       : loaded 2 times (x 80B)
Class com.google.common.collect.Cut$AboveAll                                          : loaded 2 times (x 88B)
Class org.gradle.tooling.internal.consumer.connection.InternalPhasedActionAdapter     : loaded 2 times (x 78B)
Class com.intellij.gradle.toolingExtension.impl.util.GradleTreeTraverserUtil          : loaded 2 times (x 71B)
Class com.android.tools.idea.gradle.model.impl.FileImplKt                             : loaded 2 times (x 71B)
Class kotlin.jvm.internal.KotlinGenericDeclaration                                    : loaded 2 times (x 70B)
Class com.android.tools.idea.gradle.project.sync.SyncCounters                         : loaded 2 times (x 72B)
Class org.jetbrains.plugins.gradle.model.DefaultBuildController                       : loaded 2 times (x 106B)
Class com.android.tools.idea.gradle.model.IdeCustomSourceDirectory                    : loaded 2 times (x 70B)
Class org.gradle.api.internal.classpath.DefaultModuleRegistry$DefaultModule           : loaded 2 times (x 86B)
Class com.intellij.gradle.toolingExtension.modelProvider.GradleClassBuildModelProvider: loaded 2 times (x 80B)
Class com.google.common.collect.Interners                                             : loaded 2 times (x 71B)
Class com.google.common.io.Closer$Suppressor                                          : loaded 2 times (x 70B)
Class com.google.common.io.LineProcessor                                              : loaded 2 times (x 70B)
Class com.google.common.collect.ImmutableMultisetGwtSerializationDependencies         : loaded 2 times (x 125B)
Class [Lcom.google.gson.ReflectionAccessFilter$FilterResult;                          : loaded 2 times (x 69B)
Class org.objectweb.asm.RecordComponentWriter                                         : loaded 2 times (x 78B)
Class com.google.common.util.concurrent.AbstractFuture$Listener                       : loaded 2 times (x 72B)
Class com.google.gson.JsonElement                                                     : loaded 2 times (x 92B)
Class Settings_gradle$1$1                                                             : loaded 2 times (x 74B)
Class org.jetbrains.plugins.gradle.tooling.serialization.internal.IdeaProjectSerializationService$7: loaded 2 times (x 76B)
Class com.android.tools.idea.gradle.project.sync.DeliverableJavaModule                : loaded 2 times (x 76B)
Class com.intellij.openapi.util.io.FileUtil                                           : loaded 2 times (x 71B)
Class com.google.common.collect.BiMap                                                 : loaded 2 times (x 70B)
Class com.google.common.collect.ImmutableMap$1                                        : loaded 2 times (x 81B)
Class com.android.builder.model.v2.ide.TestSuiteArtifact                              : loaded 2 times (x 70B)
Class com.google.common.collect.SortedLists$KeyAbsentBehavior$3                       : loaded 2 times (x 80B)
Class com.google.common.collect.IndexedImmutableSet                                   : loaded 2 times (x 152B)
Class com.intellij.gradle.toolingExtension.impl.modelAction.GradleDaemonModelHolder$1 : loaded 2 times (x 78B)
Class com.google.gson.TypeAdapter                                                     : loaded 2 times (x 73B)
Class com.google.gson.ToNumberStrategy                                                : loaded 2 times (x 70B)
Class org.objectweb.asm.FieldVisitor                                                  : loaded 2 times (x 77B)
Class com.android.tools.idea.gradle.project.sync.ModuleId                             : loaded 2 times (x 72B)
Class com.android.tools.idea.gradle.project.sync.AndroidExtraModelProviderImpl        : loaded 2 times (x 72B)
Class com.google.common.hash.Hashing$ChecksumType                                     : loaded 2 times (x 88B)
Class org.objectweb.asm.Attribute                                                     : loaded 2 times (x 77B)
Class com.google.common.base.Supplier                                                 : loaded 2 times (x 70B)
Class com.google.gson.internal.bind.CollectionTypeAdapterFactory                      : loaded 2 times (x 75B)
Class org.gradle.internal.classloader.VisitableURLClassLoader                         : loaded 2 times (x 117B)
Class org.jetbrains.plugins.gradle.tooling.serialization.internal.IdeaProjectSerializationService$8: loaded 2 times (x 76B)
Class com.android.tools.idea.gradle.model.IdeBuildType                                : loaded 2 times (x 70B)
Class com.android.tools.idea.gradle.project.sync.ArtifactRef                          : loaded 2 times (x 71B)
Class com.android.tools.idea.gradle.project.sync.VariantSelectionChange               : loaded 2 times (x 72B)
Class com.intellij.openapi.util.io.FileUtil$1                                         : loaded 2 times (x 77B)
Class com.android.tools.idea.gradle.project.sync.InternedModels$nameLibraries$IdeModelAndReferenceAndIdentity: loaded 2 times (x 75B)
Class com.android.tools.idea.gradle.project.sync.GradleModulesKt                      : loaded 2 times (x 71B)
Class org.jetbrains.plugins.gradle.tooling.serialization.internal.IdeaProjectSerializationService$WriteContext$FilePathComparator: loaded 2 times (x 91B)
Class org.gradle.internal.classloader.ClasspathUtil$1                                 : loaded 2 times (x 76B)
Class com.google.gson.internal.bind.ReflectiveTypeAdapterFactory$2                    : loaded 2 times (x 79B)
Class com.intellij.gradle.toolingExtension.impl.modelSerialization.ToolingSerializer  : loaded 2 times (x 72B)
Class com.google.common.cache.CacheLoader$UnsupportedLoadingOperationException        : loaded 2 times (x 82B)
Class org.objectweb.asm.ClassWriter                                                   : loaded 2 times (x 106B)
Class org.gradle.tooling.model.eclipse.EclipseProject                                 : loaded 2 times (x 70B)
Class com.google.common.collect.AbstractMapBasedMultimap$KeySet$1                     : loaded 2 times (x 82B)
Class com.google.common.collect.ImmutableList$SerializedForm                          : loaded 2 times (x 73B)
Class com.google.common.util.concurrent.AbstractFuture$Waiter                         : loaded 2 times (x 72B)
Class Settings_gradle                                                                 : loaded 2 times (x 128B)
Class [Lcom.google.common.hash.ImmutableSupplier;                                     : loaded 2 times (x 69B)
Class org.jetbrains.kotlin.gradle.idea.kpm.IdeaKpmProjectContainer                    : loaded 2 times (x 70B)
Class com.android.tools.idea.gradle.project.sync.IndexedModels                        : loaded 2 times (x 72B)
Class com.android.tools.idea.gradle.project.sync.MeasurementCheckpoint                : loaded 2 times (x 79B)
Class com.intellij.openapi.util.io.FileUtil$2                                         : loaded 2 times (x 82B)
Class com.android.tools.idea.gradle.model.IdeUnresolvedUnknownLibrary                 : loaded 2 times (x 70B)
Class com.android.ide.common.gradle.Special                                           : loaded 2 times (x 79B)
Class com.android.tools.idea.gradle.model.IdeAndroidProject                           : loaded 2 times (x 70B)
Class org.gradle.internal.InternalTransformer                                         : loaded 2 times (x 70B)
Class com.google.gson.internal.bind.ReflectiveTypeAdapterFactory$1                    : loaded 2 times (x 74B)
Class org.jetbrains.plugins.gradle.model.DefaultGradleLightBuild                      : loaded 2 times (x 82B)
Class com.android.tools.idea.gradle.project.sync.Modules                              : loaded 2 times (x 71B)
Class com.google.common.collect.HashBiMap                                             : loaded 2 times (x 143B)
Class com.google.common.collect.MapMakerInternalMap                                   : loaded 2 times (x 161B)
Class com.google.common.base.Strings                                                  : loaded 2 times (x 71B)
Class com.google.common.collect.Sets                                                  : loaded 2 times (x 71B)
Class org.objectweb.asm.Handler                                                       : loaded 2 times (x 72B)
Class com.google.common.base.Ticker                                                   : loaded 2 times (x 72B)
Class com.google.gson.internal.bind.TreeTypeAdapter                                   : loaded 2 times (x 75B)
Class com.google.gson.internal.sql.SqlTimeTypeAdapter                                 : loaded 2 times (x 74B)
Class com.android.builder.model.v2.ide.BasicTestSuiteArtifact                         : loaded 2 times (x 70B)
Class com.android.builder.model.v2.ide.TestSuiteTestInfo                              : loaded 2 times (x 70B)
Class com.android.tools.idea.gradle.model.impl.IdeUnresolvedLibraryTableImpl          : loaded 2 times (x 75B)
Class com.intellij.util.containers.UtilKt                                             : loaded 2 times (x 71B)
Class com.android.tools.idea.gradle.model.impl.IdeSourceProviderContainerImpl         : loaded 2 times (x 76B)
Class com.android.tools.idea.gradle.model.impl.IdeCustomSourceDirectoryImpl           : loaded 2 times (x 76B)
Class com.android.tools.idea.gradle.project.sync.BasicModulesKt                       : loaded 2 times (x 71B)
Class com.android.tools.idea.gradle.project.upgrade.AndroidGradlePluginCompatibility  : loaded 2 times (x 79B)
Class com.google.common.collect.Cut$AboveValue                                        : loaded 2 times (x 88B)
Class org.gradle.kotlin.dsl.VersionCatalogAccessorsKt                                 : loaded 2 times (x 71B)
Class com.android.tools.idea.gradle.project.sync.ModelVersions                        : loaded 2 times (x 72B)
Class com.google.gson.internal.bind.DefaultDateTypeAdapter$DateType                   : loaded 2 times (x 73B)
Class com.google.common.util.concurrent.UncheckedExecutionException                   : loaded 2 times (x 82B)
Class com.google.common.io.ByteSink$AsCharSink                                        : loaded 2 times (x 80B)
Class org.gradle.tooling.internal.consumer.converters.FixedBuildIdentifierProvider    : loaded 2 times (x 75B)
Class io.opentelemetry.context.ForwardingExecutorService                              : loaded 2 times (x 104B)
Class com.android.tools.idea.gradle.project.sync.SyncProjectActionOptions             : loaded 2 times (x 73B)
Class org.gradle.tooling.BuildController                                              : loaded 2 times (x 70B)
Class [Lcom.google.common.cache.LocalCache$Segment;                                   : loaded 2 times (x 69B)
Class [Lcom.google.common.cache.LocalCache$Strength;                                  : loaded 2 times (x 69B)
Class com.google.common.cache.CacheBuilder$1                                          : loaded 2 times (x 85B)
Class com.google.gson.internal.bind.TypeAdapters$20                                   : loaded 2 times (x 75B)
Class com.google.common.collect.ImmutableMap                                          : loaded 2 times (x 120B)
Class org.gradle.internal.classpath.DefaultClassPath$ImmutableUniqueList$Builder      : loaded 2 times (x 75B)
Class com.android.tools.idea.gradle.project.sync.HasBasicGradleProject                : loaded 2 times (x 70B)
Class com.google.common.util.concurrent.AbstractFuture$Trusted                        : loaded 2 times (x 70B)
Class com.google.common.base.Optional                                                 : loaded 2 times (x 80B)
Class org.jetbrains.kotlin.idea.gradleTooling.KotlinGradlePluginVersion               : loaded 2 times (x 70B)
Class com.android.tools.idea.gradle.project.sync.ModelCacheV2ImplKt$modelCacheV2Impl$createFromDependencies$1$LibraryWithDependencies: loaded 2 times (x 72B)
Class com.android.tools.idea.gradle.model.impl.IdeViewBindingOptionsImpl              : loaded 2 times (x 74B)
Class com.android.tools.idea.gradle.model.impl.IdeBuildImpl                           : loaded 2 times (x 76B)
Class com.google.gson.internal.sql.SqlTimeTypeAdapter$1                               : loaded 2 times (x 75B)
Class com.google.gson.internal.bind.MapTypeAdapterFactory$Adapter                     : loaded 2 times (x 74B)
Class com.google.common.util.concurrent.AbstractFuture$UnsafeAtomicHelper$1           : loaded 2 times (x 76B)
Class com.google.common.hash.AbstractHashFunction                                     : loaded 2 times (x 95B)
Class com.google.common.collect.MapMakerInternalMap$WeakValueReference                : loaded 2 times (x 70B)
Class com.google.common.cache.LocalCache                                              : loaded 2 times (x 187B)
Class com.google.common.cache.CacheBuilder$2                                          : loaded 2 times (x 79B)
Class com.google.gson.internal.bind.TypeAdapters$21                                   : loaded 2 times (x 75B)
Class com.google.gson.FieldNamingPolicy$1                                             : loaded 2 times (x 83B)
Class com.android.tools.idea.gradle.model.IdeBasicVariant                             : loaded 2 times (x 70B)
Class com.android.tools.idea.gradle.project.sync.VariantSelectionKt                   : loaded 2 times (x 71B)
Class com.android.tools.idea.gradle.model.impl.IdeJavaCompileOptionsImpl              : loaded 2 times (x 78B)
Class com.android.tools.idea.gradle.project.sync.AndroidProjectResult$V2Project       : loaded 2 times (x 77B)
Class com.android.ide.common.gradle.Component                                         : loaded 2 times (x 72B)
Class com.android.tools.idea.gradle.project.sync.LibraryIdentity$LibraryIdentityProvider$special$$inlined$thenBy$1: loaded 2 times (x 90B)
Class org.jetbrains.plugins.gradle.tooling.serialization.internal.IdeaProjectSerializationService$TestResourceDirectoriesGetter: loaded 2 times (x 75B)
Class com.google.common.cache.LocalCache$2                                            : loaded 2 times (x 142B)
Class com.google.common.collect.AbstractMultimap                                      : loaded 2 times (x 123B)
Class com.google.common.collect.Sets$ImprovedAbstractSet                              : loaded 2 times (x 135B)
Class com.google.common.collect.MapMakerInternalMap$AbstractStrongKeyEntry            : loaded 2 times (x 80B)
Class com.google.common.io.ByteSource$ByteArrayByteSource                             : loaded 2 times (x 85B)
Class com.android.ide.common.gradle.SNAPSHOT                                          : loaded 2 times (x 79B)
Class com.google.common.collect.AbstractMapEntry                                      : loaded 2 times (x 81B)
Class com.google.gson.internal.bind.TypeAdapterRuntimeTypeWrapper                     : loaded 2 times (x 74B)
Class com.google.common.collect.ArrayListMultimap                                     : loaded 2 times (x 172B)
Class com.google.common.cache.CacheBuilder$3                                          : loaded 2 times (x 72B)
Class com.google.gson.internal.bind.TypeAdapters$22                                   : loaded 2 times (x 75B)
Class com.google.gson.FieldNamingPolicy$2                                             : loaded 2 times (x 83B)
Class com.google.gson.internal.Excluder$1                                             : loaded 2 times (x 74B)
Class [Lcom.google.common.collect.AbstractMapEntry;                                   : loaded 2 times (x 69B)
Class com.google.common.collect.ImmutableEntry                                        : loaded 2 times (x 82B)
Class com.google.common.cache.LocalCache$1                                            : loaded 2 times (x 89B)
Class com.google.common.collect.SingletonImmutableBiMap                               : loaded 2 times (x 143B)
Class com.google.common.base.Ascii                                                    : loaded 2 times (x 71B)
Class com.google.common.collect.HashBiMap$BiEntry                                     : loaded 2 times (x 83B)
Class com.android.tools.idea.gradle.model.IdeAaptOptions$Namespacing                  : loaded 2 times (x 79B)
Class com.intellij.gradle.toolingExtension.impl.util.GradleExecutorServiceUtil        : loaded 2 times (x 71B)
Class com.android.tools.idea.gradle.model.IdeApiVersion                               : loaded 2 times (x 70B)
Class com.android.tools.idea.gradle.project.sync.VariantDependenciesCompat$AdjacencyList: loaded 2 times (x 72B)
Class org.gradle.internal.service.ServiceLocator                                      : loaded 2 times (x 70B)
Class com.google.gson.stream.JsonWriter                                               : loaded 2 times (x 98B)
Class [Lorg.objectweb.asm.Type;                                                       : loaded 2 times (x 69B)
Class org.gradle.tooling.model.eclipse.EclipseExternalDependency                      : loaded 2 times (x 70B)
Class org.gradle.tooling.internal.adapter.ProtocolToModelAdapter$TypeSpecificMappingAction: loaded 2 times (x 81B)
Class com.google.common.collect.Platform                                              : loaded 2 times (x 71B)
Class org.gradle.tooling.model.eclipse.HierarchicalEclipseProject                     : loaded 2 times (x 70B)
Class org.gradle.tooling.internal.consumer.versioning.VersionDetails$R35VersionDetails: loaded 2 times (x 80B)
Class com.google.gson.internal.Primitives                                             : loaded 2 times (x 71B)
Class com.google.common.base.Suppliers$MemoizingSupplier                              : loaded 2 times (x 79B)
Class com.google.gson.internal.bind.TypeAdapters$23                                   : loaded 2 times (x 75B)
Class com.google.gson.FieldNamingPolicy$3                                             : loaded 2 times (x 83B)
Class com.google.common.collect.CollectPreconditions                                  : loaded 2 times (x 71B)
Class sync_studio_tooling1_51kh3wy35c6lc6sx6qjahimsk                                  : loaded 2 times (x 179B)
Class org.gradle.tooling.internal.consumer.connection.ParameterAwareBuildControllerAdapter: loaded 2 times (x 112B)
Class com.android.tools.idea.gradle.project.sync.IdeModelFactoryV2Kt                  : loaded 2 times (x 71B)
Class com.android.tools.idea.gradle.project.sync.ModelConverter                       : loaded 2 times (x 71B)
Class com.android.tools.idea.gradle.project.sync.SyncActionRunnerKt$toMeasuringController$1: loaded 2 times (x 90B)
Class com.google.common.collect.TreeRangeSet$AsRanges                                 : loaded 2 times (x 149B)
Class com.android.tools.idea.gradle.project.sync.AndroidModule$NativeModelVersion     : loaded 2 times (x 79B)
Class com.android.tools.idea.gradle.project.sync.IdeModelWithPostProcessor            : loaded 2 times (x 72B)
Class com.android.tools.idea.gradle.model.impl.IdeModuleWellKnownSourceSet$Companion  : loaded 2 times (x 71B)
Class com.google.common.hash.ImmutableSupplier                                        : loaded 2 times (x 70B)
Class [Lcom.google.common.collect.MapMakerInternalMap$Strength;                       : loaded 2 times (x 69B)
Class [Lcom.google.common.io.FileWriteMode;                                           : loaded 2 times (x 69B)
Class com.google.gson.internal.bind.TypeAdapters$24                                   : loaded 2 times (x 75B)
Class com.google.gson.FieldNamingPolicy$4                                             : loaded 2 times (x 83B)
Class com.google.common.collect.SortedMapDifference                                   : loaded 2 times (x 70B)
Class ijJvmDebugger2_5q0m81kjp8kqb11g0z586nleg$_run_closure1$_closure2                : loaded 2 times (x 140B)
Class com.android.ide.common.gradle.Version$Companion$ParseState$NONNUMERIC           : loaded 2 times (x 74B)
Class com.android.tools.idea.gradle.project.sync.NativeVariantAbiResult$None          : loaded 2 times (x 71B)
Class com.android.tools.idea.gradle.project.sync.VariantSelectionChange$Companion     : loaded 2 times (x 71B)
Class com.android.tools.idea.gradle.project.sync.IdeAndroidModels                     : loaded 2 times (x 72B)
Class com.android.tools.idea.gradle.project.sync.SyncProjectActionWorker$populateAndroidModels$3$1: loaded 2 times (x 129B)
Class com.android.tools.idea.gradle.model.IdeUnresolvedArtifactLibrary                : loaded 2 times (x 70B)
Class com.android.tools.idea.gradle.model.IdeBuildTasksAndOutputInformation           : loaded 2 times (x 70B)
Class [Lcom.android.tools.idea.gradle.model.IdeAndroidProjectType;                    : loaded 2 times (x 69B)
Class com.google.gson.GsonBuilder                                                     : loaded 2 times (x 72B)
Class com.google.gson.internal.bind.DefaultDateTypeAdapter                            : loaded 2 times (x 74B)
Class com.google.common.base.MoreObjects                                              : loaded 2 times (x 71B)
Class org.jetbrains.kotlin.idea.gradleTooling.KotlinDslScriptModelProvider            : loaded 2 times (x 78B)
Class com.google.common.hash.HashCode$IntHashCode                                     : loaded 2 times (x 80B)
Class com.google.common.collect.MapMakerInternalMap$StrongKeyDummyValueSegment        : loaded 2 times (x 142B)
Class com.google.common.cache.LocalCache$WriteThroughEntry                            : loaded 2 times (x 79B)
Class com.google.common.cache.LocalCache$HashIterator                                 : loaded 2 times (x 86B)
Class com.google.common.io.Files                                                      : loaded 2 times (x 71B)
Class com.google.common.cache.LocalCache$EntryFactory                                 : loaded 2 times (x 83B)
Class com.google.gson.internal.bind.TypeAdapters$25                                   : loaded 2 times (x 75B)
Class com.google.gson.FieldNamingPolicy$5                                             : loaded 2 times (x 83B)
Class com.google.common.collect.BaseImmutableMultimap                                 : loaded 2 times (x 123B)
Class com.google.common.collect.EmptyImmutableListMultimap                            : loaded 2 times (x 176B)
Class org.gradle.tooling.internal.consumer.converters.IdeaProjectJavaLanguageSettingsMixin: loaded 2 times (x 73B)
Class com.android.tools.idea.gradle.project.sync.BuildInfo                            : loaded 2 times (x 72B)
Class com.android.tools.idea.gradle.model.impl.IdeModuleSourceSet                     : loaded 2 times (x 70B)
Class com.android.builder.model.v2.models.TestApkTestSuiteSource                      : loaded 2 times (x 70B)
Class com.android.tools.idea.gradle.project.sync.ModelCacheV2ImplKt                   : loaded 2 times (x 71B)
Class org.gradle.tooling.model.Task                                                   : loaded 2 times (x 70B)
Class com.android.tools.idea.gradle.model.IdeSigningConfig                            : loaded 2 times (x 70B)
Class com.android.tools.idea.gradle.model.IdeLibrary                                  : loaded 2 times (x 70B)
Class com.google.common.cache.CacheLoader$FunctionToCacheLoader                       : loaded 2 times (x 75B)
Class org.jetbrains.kotlin.tooling.core.HasMutableExtras                              : loaded 2 times (x 70B)
Class org.jetbrains.kotlin.idea.projectModel.ExtraFeatures                            : loaded 2 times (x 70B)
Class [Lcom.google.common.collect.MapMaker$Dummy;                                     : loaded 2 times (x 69B)
Class com.google.common.base.CharMatcher$Whitespace                                   : loaded 2 times (x 112B)
Class com.google.common.base.Splitter$1$1                                             : loaded 2 times (x 86B)
Class com.google.common.cache.LocalCache$AbstractReferenceEntry                       : loaded 2 times (x 107B)
Class com.google.gson.internal.bind.ArrayTypeAdapter                                  : loaded 2 times (x 74B)
Class com.google.gson.internal.bind.TypeAdapters$26                                   : loaded 2 times (x 75B)
Class com.google.gson.FieldNamingPolicy$6                                             : loaded 2 times (x 83B)
Class com.google.common.collect.ImmutableListMultimap                                 : loaded 2 times (x 176B)
Class com.android.tools.idea.gradle.model.impl.IdeBuildTasksAndOutputInformationImpl  : loaded 2 times (x 80B)
Class com.android.tools.idea.gradle.model.IdeMultiVariantData                         : loaded 2 times (x 70B)
Class com.android.tools.idea.gradle.project.sync.BuildTypeDef                         : loaded 2 times (x 72B)
Class com.android.tools.idea.gradle.project.sync.IdeModelFactoryV2                    : loaded 2 times (x 72B)
Class com.android.tools.idea.gradle.project.sync.SelectedVariants                     : loaded 2 times (x 72B)
Class com.intellij.gradle.toolingExtension.impl.modelSerialization.ToolingSerializer$1: loaded 2 times (x 76B)
Class com.android.tools.idea.gradle.model.IdeBuild                                    : loaded 2 times (x 70B)
Class com.android.tools.idea.gradle.project.sync.SyncActionRunner$Companion           : loaded 2 times (x 71B)
Class com.android.tools.idea.gradle.project.sync.SyncActionRunner                     : loaded 2 times (x 76B)
Class com.android.tools.idea.gradle.project.sync.ModelCache                           : loaded 2 times (x 70B)
Class com.android.tools.idea.gradle.model.impl.IdeDependenciesCoreImpl                : loaded 2 times (x 70B)
Class com.android.tools.idea.gradle.project.sync.AndroidProjectPathResolver           : loaded 2 times (x 70B)
Class com.android.tools.idea.gradle.project.sync.GradleSyncStudioFlags                : loaded 2 times (x 72B)
Class com.android.tools.idea.gradle.project.sync.VariantDiscovery$prepareRequestedOrDefaultModuleConfigurations$$inlined$sortedBy$1: loaded 2 times (x 89B)
Class com.intellij.gradle.toolingExtension.modelAction.GradleBuildFinishedModelFetchPhase: loaded 2 times (x 81B)
Class com.google.common.collect.ImmutableMapKeySet                                    : loaded 2 times (x 152B)
Class com.google.gson.internal.reflect.ReflectionHelper                               : loaded 2 times (x 71B)
Class org.objectweb.asm.SymbolTable                                                   : loaded 2 times (x 72B)
Class com.google.common.cache.CacheLoader$InvalidCacheLoadException                   : loaded 2 times (x 82B)
Class com.google.gson.internal.bind.TypeAdapters$27                                   : loaded 2 times (x 75B)
Class com.google.gson.FieldNamingPolicy$7                                             : loaded 2 times (x 83B)
Class org.gradle.internal.classloader.SystemClassLoaderSpec                           : loaded 2 times (x 71B)
Class com.android.tools.idea.gradle.model.IdeArtifactName$Companion$WhenMappings      : loaded 2 times (x 71B)
Class com.android.tools.idea.gradle.project.sync.AndroidArtifactRef                   : loaded 2 times (x 72B)
Class org.gradle.internal.classloader.InstrumentingClassLoader                        : loaded 2 times (x 70B)
Class org.gradle.internal.classpath.TransformedClassPath                              : loaded 2 times (x 96B)
Class com.google.gson.LongSerializationPolicy                                         : loaded 2 times (x 80B)
Class com.google.common.cache.CacheBuilder$NullListener                               : loaded 2 times (x 82B)
Class org.objectweb.asm.FieldWriter                                                   : loaded 2 times (x 78B)
Class com.google.common.collect.MapMaker$Dummy                                        : loaded 2 times (x 79B)
Class kotlin.coroutines.jvm.internal.CoroutineDumpState                               : loaded 2 times (x 71B)
Class org.gradle.tooling.model.idea.IdeaContentRoot                                   : loaded 2 times (x 70B)
Class com.android.tools.idea.gradle.model.IdeArtifactName                             : loaded 2 times (x 79B)
Class org.jetbrains.plugins.gradle.tooling.serialization.internal.IdeaProjectSerializationService$JdkGetter: loaded 2 times (x 75B)
Class com.google.common.cache.LocalCache$StrongEntry                                  : loaded 2 times (x 108B)
Class com.google.common.util.concurrent.AbstractFuture$TrustedFuture                  : loaded 2 times (x 114B)
Class com.google.common.cache.LoadingCache                                            : loaded 2 times (x 70B)
Class [Lcom.google.gson.LongSerializationPolicy;                                      : loaded 2 times (x 69B)
Class com.intellij.openapi.diagnostic.Logger$DefaultFactory                           : loaded 2 times (x 74B)
Class com.android.tools.idea.gradle.project.sync.LibraryIdentity$Companion            : loaded 2 times (x 71B)
Class com.android.tools.idea.gradle.model.impl.IdeModuleWellKnownSourceSet            : loaded 2 times (x 84B)
Class com.android.tools.idea.gradle.project.sync.InternedModels                       : loaded 2 times (x 72B)
Class com.android.tools.idea.gradle.project.sync.BasicV2AndroidModuleGradleProject    : loaded 2 times (x 73B)
Class org.jetbrains.plugins.gradle.tooling.serialization.internal.IdeaProjectSerializationService$ResourceDirectoriesGetter: loaded 2 times (x 75B)
Class com.google.common.collect.MapDifference                                         : loaded 2 times (x 70B)
Class com.google.common.cache.LocalCache$Strength$3                                   : loaded 2 times (x 81B)
Class com.google.common.base.Splitter$1                                               : loaded 2 times (x 77B)
Class com.google.common.collect.TransformedIterator                                   : loaded 2 times (x 80B)
Class com.google.common.collect.Interner                                              : loaded 2 times (x 70B)
Class org.gradle.tooling.internal.consumer.connection.NestedActionAwareBuildControllerAdapter: loaded 2 times (x 112B)
Class org.gradle.tooling.internal.consumer.versioning.VersionDetails$R51VersionDetails: loaded 2 times (x 80B)
Class org.gradle.tooling.model.gradle.GradleBuild                                     : loaded 2 times (x 70B)
Class com.google.common.collect.Interners$InternerImpl                                : loaded 2 times (x 75B)
Class org.gradle.tooling.internal.consumer.versioning.VersionDetails                  : loaded 2 times (x 80B)
Class com.google.common.io.ByteStreams$LimitedInputStream                             : loaded 2 times (x 92B)
Class com.google.common.base.Suppliers$NonSerializableMemoizingSupplier               : loaded 2 times (x 79B)
Class com.google.gson.internal.Streams$AppendableWriter                               : loaded 2 times (x 99B)
Class org.objectweb.asm.MethodWriter                                                  : loaded 2 times (x 106B)
Class [Lcom.google.common.cache.Weigher;                                              : loaded 2 times (x 69B)
Class com.google.gson.internal.bind.MapTypeAdapterFactory                             : loaded 2 times (x 75B)
Class com.google.gson.internal.bind.TypeAdapters$29                                   : loaded 2 times (x 75B)
Class com.google.gson.JsonNull                                                        : loaded 2 times (x 92B)
Class com.google.common.collect.RegularImmutableMap$BucketOverflowException           : loaded 2 times (x 82B)
Class com.google.common.io.ByteStreams                                                : loaded 2 times (x 71B)
Class com.intellij.openapi.util.Pair                                                  : loaded 2 times (x 72B)
Class com.google.common.collect.ComparisonChain$1                                     : loaded 2 times (x 81B)
Class com.android.tools.idea.gradle.model.IdeAndroidProjectType                       : loaded 2 times (x 79B)
Class com.android.tools.idea.gradle.project.sync.DeliverableGradleModule              : loaded 2 times (x 76B)
Class com.intellij.openapi.diagnostic.LogLevel                                        : loaded 2 times (x 79B)
Class com.android.tools.idea.gradle.model.IdeUnknownLibraryImpl                       : loaded 2 times (x 83B)
Class com.android.tools.idea.gradle.project.sync.ModelCacheV2ImplKt$modelCacheV2Impl$variantCoreFrom$15: loaded 2 times (x 129B)
Class com.android.tools.idea.gradle.project.sync.VariantDiscoveryKt                   : loaded 2 times (x 71B)
Class com.android.tools.idea.gradle.project.sync.HasAndroidVariantResolver            : loaded 2 times (x 70B)
Class com.android.tools.idea.gradle.project.sync.ModelResult$Context                  : loaded 2 times (x 70B)
Class com.google.common.collect.Cut                                                   : loaded 2 times (x 88B)
Class com.android.tools.idea.gradle.project.sync.DeliverableGradleModule$ModelConsumer: loaded 2 times (x 72B)
Class com.google.common.cache.LocalCache$Strength$2                                   : loaded 2 times (x 81B)
Class com.google.common.collect.AbstractMapBasedMultimap$RandomAccessWrappedList      : loaded 2 times (x 205B)
Class com.google.common.collect.ImmutableMultimap$1                                   : loaded 2 times (x 82B)
Class com.google.common.util.concurrent.SettableFuture                                : loaded 2 times (x 114B)
Class org.jetbrains.kotlin.idea.gradleTooling.IdeaKotlinDependenciesContainer         : loaded 2 times (x 70B)
Class org.jetbrains.plugins.gradle.model.ProjectImportModelProvider$GradleModelConsumer$1: loaded 2 times (x 77B)
Class com.android.tools.idea.gradle.project.sync.VariantDetails                       : loaded 2 times (x 72B)
Class com.android.tools.idea.gradle.model.impl.IdeVariantCoreImpl$Companion           : loaded 2 times (x 71B)
Class com.google.common.collect.Range$RangeLexOrdering                                : loaded 2 times (x 114B)
Class com.android.tools.idea.gradle.project.sync.AndroidExtraModelProviderKt$flattenDag$2: loaded 2 times (x 95B)
Class com.android.tools.idea.gradle.model.IdeVariantBuildInformation                  : loaded 2 times (x 70B)
Class com.google.common.cache.LocalCache$Strength$1                                   : loaded 2 times (x 81B)
Class org.objectweb.asm.ModuleVisitor                                                 : loaded 2 times (x 81B)
Class com.google.common.collect.Sets$4                                                : loaded 2 times (x 139B)
Class com.google.common.collect.MapMakerInternalMap$StrongValueEntry                  : loaded 2 times (x 70B)
Class com.google.common.io.ByteArrayDataInput                                         : loaded 2 times (x 70B)
Class com.google.common.hash.Hasher                                                   : loaded 2 times (x 70B)
Class com.google.common.collect.ImmutableMultimap$2                                   : loaded 2 times (x 81B)
Class com.google.common.collect.RegularImmutableBiMap                                 : loaded 2 times (x 149B)
Class com.google.common.cache.LocalCache$ValueReference                               : loaded 2 times (x 70B)
Class com.google.gson.internal.bind.DefaultDateTypeAdapter$DateType$1                 : loaded 2 times (x 73B)
Class com.android.tools.idea.gradle.model.IdeVariantHeader                            : loaded 2 times (x 70B)
Class org.gradle.internal.service.UnknownServiceException                             : loaded 2 times (x 83B)
Class org.jetbrains.plugins.gradle.model.tests.ExternalTestSourceMapping              : loaded 2 times (x 70B)
Class com.android.tools.idea.gradle.project.sync.VariantDependenciesCompat            : loaded 2 times (x 72B)
Class com.google.common.cache.LocalCache$LocalLoadingCache                            : loaded 2 times (x 134B)
Class com.android.tools.idea.gradle.model.IdeDependenciesInfo                         : loaded 2 times (x 70B)
Class com.google.common.util.concurrent.AbstractFuture$SafeAtomicHelper               : loaded 2 times (x 79B)
Class com.google.common.collect.Sets$3                                                : loaded 2 times (x 139B)
Class com.google.common.base.AbstractIterator$State                                   : loaded 2 times (x 79B)
Class com.google.common.collect.MapMakerInternalMap$Strength$2                        : loaded 2 times (x 80B)
Class com.android.tools.idea.gradle.project.sync.ModelProviderCachedData              : loaded 2 times (x 72B)
Class com.android.tools.idea.gradle.project.sync.SyncTestMode                         : loaded 2 times (x 79B)
Class org.jetbrains.plugins.gradle.model.ExternalSourceDirectorySet                   : loaded 2 times (x 70B)
Class com.google.common.hash.PrimitiveSink                                            : loaded 2 times (x 70B)
Class com.google.gson.internal.Streams                                                : loaded 2 times (x 71B)
Class com.google.common.base.PatternCompiler                                          : loaded 2 times (x 70B)
Class com.google.common.util.concurrent.AbstractFuture$Failure                        : loaded 2 times (x 72B)
Class com.google.common.base.Equivalence$Equals                                       : loaded 2 times (x 82B)
Class com.google.gson.internal.LazilyParsedNumber                                     : loaded 2 times (x 78B)
Class com.google.common.collect.Hashing                                               : loaded 2 times (x 71B)
Class com.android.tools.idea.gradle.project.sync.ModelCacheV2ImplKt$modelCacheV2Impl$variantCoreFrom$12: loaded 2 times (x 129B)
Class com.android.tools.idea.gradle.project.sync.ModelResult$Companion                : loaded 2 times (x 71B)
Class com.android.tools.idea.gradle.project.sync.AndroidProjectResultKt               : loaded 2 times (x 71B)
Class com.android.tools.idea.gradle.project.sync.ModuleConfiguration                  : loaded 2 times (x 72B)
Class org.gradle.api.internal.ClassPathProvider                                       : loaded 2 times (x 70B)
Class [Lcom.android.tools.idea.gradle.model.ResolverType;                             : loaded 2 times (x 69B)
Class com.android.tools.idea.gradle.project.sync.LibraryIdentity                      : loaded 2 times (x 72B)
Class com.android.tools.idea.gradle.model.IdeVariantCore                              : loaded 2 times (x 70B)
Class [Lorg.gradle.api.internal.ClassPathProvider;                                    : loaded 2 times (x 69B)
Class com.google.gson.FieldNamingStrategy                                             : loaded 2 times (x 70B)
Class com.android.tools.idea.gradle.project.upgrade.AndroidGradlePluginCompatibilityKt: loaded 2 times (x 71B)
Class com.android.tools.idea.gradle.project.sync.BasicIncompleteAndroidModule         : loaded 2 times (x 73B)
Class com.google.gson.JsonArray                                                       : loaded 2 times (x 100B)
Class com.google.common.collect.Sets$2                                                : loaded 2 times (x 139B)
Class com.android.tools.idea.gradle.project.sync.ActionToRun$toSafeController$1       : loaded 2 times (x 90B)
Class org.gradle.tooling.model.GradleTask                                             : loaded 2 times (x 70B)
Class com.google.common.collect.Maps$ViewCachingAbstractMap                           : loaded 2 times (x 125B)
Class com.google.common.collect.MapMakerInternalMap$Strength$1                        : loaded 2 times (x 80B)
Class com.google.common.hash.HashCode$BytesHashCode                                   : loaded 2 times (x 81B)
Class com.android.builder.model.AndroidProject                                        : loaded 2 times (x 70B)
Class com.google.common.collect.TreeRangeSet                                          : loaded 2 times (x 115B)
Class com.google.common.collect.ImmutableSetMultimap                                  : loaded 2 times (x 180B)
Class com.google.common.io.CharSink                                                   : loaded 2 times (x 79B)
Class org.objectweb.asm.Label                                                         : loaded 2 times (x 73B)
Class org.objectweb.asm.CurrentFrame                                                  : loaded 2 times (x 73B)
Class org.objectweb.asm.ClassTooLargeException                                        : loaded 2 times (x 83B)
Class com.google.gson.stream.JsonReader                                               : loaded 2 times (x 97B)
Class com.android.tools.idea.gradle.project.sync.DefaultVariantsKt$getDefaultVariant$$inlined$thenBy$2: loaded 2 times (x 90B)
Class com.android.tools.idea.gradle.model.impl.IdeAndroidProjectImpl                  : loaded 2 times (x 107B)
Class com.android.tools.idea.gradle.project.sync.VariantDiscovery                     : loaded 2 times (x 72B)
Class com.android.tools.idea.gradle.project.sync.DependencyGraphCompat                : loaded 2 times (x 71B)
Class org.gradle.api.internal.DefaultClassPathProvider                                : loaded 2 times (x 76B)
Class com.google.gson.FieldNamingPolicy                                               : loaded 2 times (x 83B)
Class com.android.tools.idea.gradle.project.sync.VariantNameResolutionKt$buildVariantNameResolver$1: loaded 2 times (x 75B)
Class com.android.tools.idea.gradle.model.impl.IdeVariantBuildInformationImpl         : loaded 2 times (x 76B)
Class com.google.gson.FormattingStyle                                                 : loaded 2 times (x 78B)
Class com.google.gson.internal.bind.TypeAdapters                                      : loaded 2 times (x 71B)
Class org.objectweb.asm.AnnotationVisitor                                             : loaded 2 times (x 78B)
Class com.google.common.collect.Sets$1                                                : loaded 2 times (x 139B)
Class com.intellij.gradle.toolingExtension.impl.util.GradleModelProviderUtil          : loaded 2 times (x 71B)
Class com.google.common.base.Splitter                                                 : loaded 2 times (x 72B)
Class org.gradle.tooling.internal.protocol.InternalFetchAwareBuildController          : loaded 2 times (x 70B)
Class com.google.common.hash.HashCode$LongHashCode                                    : loaded 2 times (x 80B)
Class com.google.common.io.ByteSource$AsCharSource                                    : loaded 2 times (x 86B)
Class com.google.common.collect.MapMakerInternalMap$InternalEntryHelper               : loaded 2 times (x 70B)
Class com.google.common.collect.Maps$IteratorBasedAbstractMap                         : loaded 2 times (x 125B)
Class com.google.common.collect.RangeGwtSerializationDependencies                     : loaded 2 times (x 71B)
Class com.google.common.collect.Table                                                 : loaded 2 times (x 70B)
Class com.google.gson.internal.reflect.ReflectionHelper$RecordSupportedHelper         : loaded 2 times (x 78B)
Class org.objectweb.asm.Frame                                                         : loaded 2 times (x 73B)
Class org.objectweb.asm.MethodVisitor                                                 : loaded 2 times (x 105B)
Class com.google.common.cache.LocalCache$EntryFactory$1                               : loaded 2 times (x 83B)
Class [Lcom.google.common.cache.RemovalListener;                                      : loaded 2 times (x 69B)
Class com.google.common.collect.Iterators$EmptyModifiableIterator                     : loaded 2 times (x 86B)
Class com.android.tools.idea.gradle.project.sync.SyncVariantResult                    : loaded 2 times (x 72B)
Class org.jetbrains.kotlin.idea.projectModel.KotlinSwiftExportModel                   : loaded 2 times (x 70B)
Class com.android.tools.idea.gradle.model.impl.IdeVectorDrawablesOptionsImpl          : loaded 2 times (x 75B)
Class org.jetbrains.kotlin.idea.gradleTooling.model.kapt.KaptSourceSetModel           : loaded 2 times (x 70B)
Class org.gradle.tooling.internal.consumer.converters.ConsumerTargetTypeProvider      : loaded 2 times (x 76B)
Class com.google.common.collect.Cut$BelowValue                                        : loaded 2 times (x 88B)
Class com.android.tools.idea.gradle.project.sync.JavaModule                           : loaded 2 times (x 78B)
Class com.android.tools.idea.gradle.project.sync.DefaultVariantsKt$getDefaultVariant$$inlined$thenBy$1: loaded 2 times (x 90B)
Class org.gradle.tooling.internal.consumer.versioning.VersionDetails$R28VersionDetails: loaded 2 times (x 80B)
Class com.android.builder.model.v2.models.TestSuiteDependenciesAdjacencyList          : loaded 2 times (x 70B)
Class com.google.common.cache.LocalCache$EntryFactory$2                               : loaded 2 times (x 83B)
Class com.google.gson.internal.bind.JsonAdapterAnnotationTypeAdapterFactory           : loaded 2 times (x 75B)
Class org.gradle.api.internal.classpath.GlobalCacheRootsProvider                      : loaded 2 times (x 70B)
Class [Lcom.android.tools.idea.gradle.model.impl.IdeModuleSourceSet;                  : loaded 2 times (x 69B)
Class com.google.common.collect.ImmutableEnumMap                                      : loaded 2 times (x 126B)
Class com.google.common.collect.ListMultimap                                          : loaded 2 times (x 70B)
Class com.google.common.collect.CollectSpliterators$1WithCharacteristics              : loaded 2 times (x 90B)
Class com.android.ide.common.gradle.Component$Companion                               : loaded 2 times (x 71B)
Class com.android.tools.idea.gradle.model.IdeLintOptions                              : loaded 2 times (x 70B)
Class com.android.tools.idea.gradle.project.sync.VariantAssetSourceProviderContext    : loaded 2 times (x 72B)
Class com.android.tools.idea.gradle.project.sync.DefaultVariantsKt$getDefaultVariant$$inlined$compareBy$1: loaded 2 times (x 90B)
Class com.android.builder.model.v2.dsl.ClassField                                     : loaded 2 times (x 70B)
Class com.google.common.collect.Cut$BelowAll                                          : loaded 2 times (x 88B)
Class com.android.tools.idea.gradle.project.sync.AndroidExtraModelProviderWorkerKt    : loaded 2 times (x 71B)
Class com.intellij.gradle.toolingExtension.modelAction.GradleModelFetchPhase$BuildFinished: loaded 2 times (x 70B)
Class org.jetbrains.plugins.gradle.tooling.util.ClassMap                              : loaded 2 times (x 72B)
Class org.jetbrains.kotlin.idea.projectModel.KotlinTarget$Companion                   : loaded 2 times (x 71B)
Class org.gradle.tooling.internal.adapter.ProtocolToModelAdapter$ClassMixInMethodInvoker: loaded 2 times (x 76B)
Class org.jetbrains.kotlin.idea.gradleTooling.AndroidAwareGradleModelProvider$populateModels$1: loaded 2 times (x 74B)
Class com.android.tools.idea.gradle.model.IdeBaseArtifactCore                         : loaded 2 times (x 70B)
Class com.google.common.collect.CollectCollectors                                     : loaded 2 times (x 71B)
Class org.objectweb.asm.ModuleWriter                                                  : loaded 2 times (x 82B)
Class com.google.common.cache.LocalCache$EntryFactory$3                               : loaded 2 times (x 83B)
Class com.google.common.base.Ticker$1                                                 : loaded 2 times (x 72B)
Class com.google.gson.internal.bind.NumberTypeAdapter                                 : loaded 2 times (x 74B)
Class com.google.common.collect.Maps$BiMapConverter                                   : loaded 2 times (x 90B)
Class com.google.common.collect.ImmutableMapEntrySet$RegularEntrySet                  : loaded 2 times (x 152B)
Class com.android.tools.idea.gradle.model.IdeViewBindingOptions                       : loaded 2 times (x 70B)
Class com.android.tools.idea.gradle.project.sync.SyncProjectActionWorker$populateAndroidModels$2$variantDiscovery$1: loaded 2 times (x 78B)
Class com.android.tools.idea.gradle.model.impl.IdeUnresolvedLibraryTable              : loaded 2 times (x 70B)
Class com.android.tools.idea.gradle.model.IdeAndroidLibraryImpl$Companion             : loaded 2 times (x 71B)
Class com.android.tools.idea.gradle.model.IdeAndroidArtifactCore                      : loaded 2 times (x 70B)
Class com.android.tools.idea.gradle.model.impl.IdeApiVersionImpl                      : loaded 2 times (x 77B)
Class com.android.tools.idea.gradle.project.sync.AndroidProjectResult$Companion       : loaded 2 times (x 71B)
Class sync_studio_tooling2_aotra5plzvsict769wn7cpgjw                                  : loaded 2 times (x 179B)
Class com.google.common.collect.SortedLists$KeyPresentBehavior$1                      : loaded 2 times (x 80B)
Class org.gradle.tooling.model.kotlin.dsl.EditorReportSeverity                        : loaded 2 times (x 79B)
Class com.intellij.gradle.toolingExtension.impl.modelAction.GradleDaemonModelHolder$ConvertedModel: loaded 2 times (x 72B)
Class org.gradle.tooling.internal.consumer.converters.EclipseExternalDependencyUnresolvedMixin: loaded 2 times (x 73B)
Class org.gradle.tooling.model.BuildableElement                                       : loaded 2 times (x 70B)
Class org.gradle.tooling.model.HasGradleProject                                       : loaded 2 times (x 70B)
Class org.gradle.tooling.internal.consumer.versioning.VersionDetails$R44VersionDetails: loaded 2 times (x 80B)
Class org.jetbrains.kotlin.idea.projectModel.KotlinPlatform                           : loaded 2 times (x 79B)
Class org.gradle.api.internal.classpath.EffectiveClassPath                            : loaded 2 times (x 90B)
Class com.google.common.collect.CollectSpliterators$1                                 : loaded 2 times (x 90B)
Class com.google.common.collect.SetMultimap                                           : loaded 2 times (x 70B)
Class com.google.common.cache.LocalCache$EntryFactory$4                               : loaded 2 times (x 83B)
Class com.google.gson.ToNumberPolicy$1                                                : loaded 2 times (x 83B)
Class [Lcom.google.gson.FieldNamingStrategy;                                          : loaded 2 times (x 69B)
Class com.google.gson.internal.Excluder                                               : loaded 2 times (x 75B)
Class com.google.common.collect.ImmutableSet$Builder                                  : loaded 2 times (x 85B)
Class [Lcom.google.common.collect.ImmutableMapEntry;                                  : loaded 2 times (x 69B)
Class com.android.tools.idea.gradle.model.IdeAndroidLibraryImplKt                     : loaded 2 times (x 71B)
Class com.android.tools.idea.gradle.model.IdeArtifactLibrary                          : loaded 2 times (x 70B)
Class com.google.gson.internal.bind.ObjectTypeAdapter                                 : loaded 2 times (x 74B)
Class com.android.tools.idea.gradle.model.impl.IdeLintOptionsImpl                     : loaded 2 times (x 103B)
Class com.android.tools.idea.gradle.model.IdeSourceProviderContainer                  : loaded 2 times (x 70B)
Class com.google.common.collect.SortedLists$KeyPresentBehavior$2                      : loaded 2 times (x 80B)
Class com.intellij.gradle.toolingExtension.impl.model.sourceSetDependencyModel.GradleSourceSetDependencyModelProvider: loaded 2 times (x 79B)
Class org.jetbrains.kotlin.gradle.idea.tcs.IdeaKotlinDependencyCoordinates            : loaded 2 times (x 70B)
Class com.intellij.gradle.toolingExtension.model.repositoryModel.RepositoryModel      : loaded 2 times (x 70B)
Class com.android.builder.model.v2.models.TestSuiteSource                             : loaded 2 times (x 70B)
Class org.gradle.tooling.model.build.BuildEnvironment                                 : loaded 2 times (x 70B)
Class com.intellij.gradle.toolingExtension.impl.model.sourceSetModel.GradleSourceSetModelProvider: loaded 2 times (x 79B)
Class com.google.common.io.ByteStreams$1                                              : loaded 2 times (x 85B)
Class com.google.gson.internal.ReflectionAccessFilterHelper                           : loaded 2 times (x 71B)
Class com.google.gson.internal.reflect.ReflectionHelper$RecordHelper                  : loaded 2 times (x 75B)
Class com.google.common.cache.LocalCache$EntryFactory$5                               : loaded 2 times (x 83B)
Class com.google.gson.ToNumberPolicy$2                                                : loaded 2 times (x 83B)
Class org.jetbrains.plugins.gradle.tooling.serialization.internal.IdeaProjectSerializationService$TargetBytecodeVersionGetter: loaded 2 times (x 75B)
Class com.android.tools.idea.gradle.model.IdeBuildTypeContainer                       : loaded 2 times (x 70B)
Class com.android.tools.idea.gradle.model.impl.IdeJavaArtifactCoreImpl                : loaded 2 times (x 91B)
Class org.gradle.internal.classloader.ClassLoaderVisitor                              : loaded 2 times (x 76B)
Class [Lcom.android.tools.idea.gradle.model.IdeTestOptions$Execution;                 : loaded 2 times (x 69B)
Class com.android.builder.model.v2.models.AssetsTestSuiteSource                       : loaded 2 times (x 70B)
Class com.google.gson.internal.bind.TypeAdapters$32                                   : loaded 2 times (x 76B)
Class com.google.common.collect.SortedLists$KeyPresentBehavior$3                      : loaded 2 times (x 80B)
Class org.gradle.internal.impldep.com.google.common.base.Present                      : loaded 2 times (x 81B)
Class org.gradle.tooling.internal.consumer.connection.HasCompatibilityMapping         : loaded 2 times (x 73B)
Class com.google.common.base.CharMatcher$None                                         : loaded 2 times (x 112B)
Class com.google.common.io.ByteSource$ConcatenatedByteSource                          : loaded 2 times (x 85B)
Class org.gradle.tooling.internal.consumer.connection.InternalBuildActionAdapter      : loaded 2 times (x 80B)
Class com.google.common.hash.AbstractHasher                                           : loaded 2 times (x 142B)
Class com.google.gson.internal.bind.ReflectiveTypeAdapterFactory$FieldsData           : loaded 2 times (x 72B)
Class com.google.common.cache.LocalCache$EntryFactory$6                               : loaded 2 times (x 83B)
Class com.google.gson.ToNumberPolicy$3                                                : loaded 2 times (x 83B)
Class org.gradle.internal.installation.CurrentGradleInstallationLocator               : loaded 2 times (x 71B)
Class org.gradle.tooling.model.kotlin.dsl.EditorPosition                              : loaded 2 times (x 70B)
Class com.android.tools.idea.gradle.project.sync.AllKotlinModels                      : loaded 2 times (x 72B)
Class com.android.tools.idea.gradle.model.IdePreResolvedModuleLibrary                 : loaded 2 times (x 70B)
Class com.google.common.collect.SortedLists                                           : loaded 2 times (x 71B)
Class [Lcom.google.common.collect.SortedLists$KeyPresentBehavior;                     : loaded 2 times (x 69B)
Class com.google.common.collect.SortedLists$KeyPresentBehavior$4                      : loaded 2 times (x 80B)
Class org.gradle.internal.classloader.DefaultClassLoaderFactory                       : loaded 2 times (x 82B)
Class org.gradle.tooling.model.idea.IdeaJavaLanguageSettings                          : loaded 2 times (x 70B)
Class org.jetbrains.plugins.gradle.tooling.serialization.internal.adapter.kotlin.dsl.InternalKotlinDslScriptsModel: loaded 2 times (x 76B)
Class org.gradle.tooling.internal.adapter.ProtocolToModelAdapter$ChainedMethodInvoker : loaded 2 times (x 76B)
Class com.google.gson.JsonSyntaxException                                             : loaded 2 times (x 82B)
Class com.google.gson.internal.bind.TypeAdapters$31                                   : loaded 2 times (x 76B)
Class com.google.gson.internal.bind.JsonAdapterAnnotationTypeAdapterFactory$DummyTypeAdapterFactory: loaded 2 times (x 75B)
Class com.google.common.io.ByteSource$SlicedByteSource                                : loaded 2 times (x 85B)
Class com.google.common.collect.ImmutableMultimap$Builder                             : loaded 2 times (x 86B)
Class com.google.common.collect.Maps$KeySet                                           : loaded 2 times (x 137B)
Class com.google.common.cache.LocalCache$EntryFactory$7                               : loaded 2 times (x 83B)
Class com.google.gson.ToNumberPolicy$4                                                : loaded 2 times (x 83B)
Class com.google.common.collect.ImmutableSet$EmptySetBuilderImpl                      : loaded 2 times (x 76B)
Class org.gradle.internal.service.DefaultServiceLocator                               : loaded 2 times (x 83B)
Class com.google.common.base.Suppliers                                                : loaded 2 times (x 71B)
Class [Lcom.google.common.cache.CacheBuilder$OneWeigher;                              : loaded 2 times (x 69B)
Class org.objectweb.asm.MethodTooLargeException                                       : loaded 2 times (x 83B)
Class com.google.common.base.Platform$JdkPatternCompiler                              : loaded 2 times (x 75B)
Class com.google.common.collect.MapMakerInternalMap$Strength                          : loaded 2 times (x 80B)
Class com.android.tools.idea.gradle.project.sync.VariantNameResolutionKt              : loaded 2 times (x 71B)
Class com.google.common.collect.MapMakerInternalMap$StrongKeyDummyValueEntry$LinkedStrongKeyDummyValueEntry: loaded 2 times (x 82B)
Class com.google.common.collect.SortedLists$KeyPresentBehavior$5                      : loaded 2 times (x 80B)
Class com.google.common.collect.ComparisonChain$InactiveComparisonChain               : loaded 2 times (x 80B)
Class com.intellij.gradle.toolingExtension.impl.modelAction.GradleDaemonModelHolder   : loaded 2 times (x 76B)
Class org.gradle.tooling.model.kotlin.dsl.EditorReport                                : loaded 2 times (x 70B)
Class org.jetbrains.plugins.gradle.model.FilePatternSet                               : loaded 2 times (x 70B)
Class org.jetbrains.plugins.gradle.model.GradleLightProject                           : loaded 2 times (x 70B)
Class com.android.tools.idea.gradle.model.IdeBaseConfig                               : loaded 2 times (x 70B)
Class com.android.tools.idea.gradle.project.sync.AdditionalClassifierArtifactsActionOptions: loaded 2 times (x 72B)
Class com.android.tools.idea.gradle.project.sync.GradleModelCollection                : loaded 2 times (x 70B)
Class com.google.common.collect.Maps$EntrySet                                         : loaded 2 times (x 136B)
Class com.google.common.collect.ImmutableMultimap$EntryCollection                     : loaded 2 times (x 128B)
Class com.google.common.cache.LocalCache$EntryFactory$8                               : loaded 2 times (x 83B)
Class com.google.gson.internal.sql.SqlTypesSupport                                    : loaded 2 times (x 71B)
Class com.google.gson.Gson                                                            : loaded 2 times (x 72B)
Class org.gradle.internal.installation.CurrentGradleInstallation                      : loaded 2 times (x 73B)
Class com.google.gson.TypeAdapterFactory                                              : loaded 2 times (x 70B)
Class com.google.gson.internal.bind.JsonTreeReader                                    : loaded 2 times (x 98B)
Class com.android.tools.idea.gradle.model.IdeUnknownLibrary                           : loaded 2 times (x 70B)
Class com.google.gson.internal.bind.TypeAdapters$30                                   : loaded 2 times (x 76B)
Class com.android.tools.idea.gradle.project.sync.LibraryIdentity$LibraryIdentityProvider$special$$inlined$compareBy$1: loaded 2 times (x 90B)
Class org.objectweb.asm.ClassVisitor                                                  : loaded 2 times (x 88B)
Class [Lorg.objectweb.asm.Symbol;                                                     : loaded 2 times (x 69B)
Class com.google.common.collect.TransformedListIterator                               : loaded 2 times (x 93B)
Class com.android.tools.idea.gradle.project.sync.GradleInjectedSyncActionRunner       : loaded 2 times (x 70B)
Class org.gradle.tooling.internal.consumer.converters.IdeaModuleDependencyTargetNameMixin: loaded 2 times (x 73B)
Class com.android.tools.idea.gradle.project.sync.AgpVersionsMismatch                  : loaded 2 times (x 82B)
Class [Lcom.android.tools.idea.gradle.project.sync.ModelFeature;                      : loaded 2 times (x 69B)
Class com.android.tools.idea.gradle.project.sync.ModelCache$V2                        : loaded 2 times (x 70B)
Class kotlin.jvm.internal.FunctionAdapter                                             : loaded 2 times (x 70B)
Class org.gradle.tooling.model.gradle.ProjectPublications                             : loaded 2 times (x 70B)
Class com.android.ide.common.gradle.Module$Companion                                  : loaded 2 times (x 71B)
Class org.jetbrains.kotlin.idea.projectModel.KotlinTargetJar                          : loaded 2 times (x 70B)
Class com.google.common.cache.CacheLoader$1                                           : loaded 2 times (x 75B)
Class com.google.gson.Gson$1                                                          : loaded 2 times (x 76B)
Class org.gradle.util.internal.GUtil                                                  : loaded 2 times (x 71B)
Class com.google.common.collect.ImmutableMap$MapViewOfValuesAsSingletonSets           : loaded 2 times (x 126B)
Class com.google.common.collect.RegularImmutableMap                                   : loaded 2 times (x 121B)
Class com.google.gson.stream.MalformedJsonException                                   : loaded 2 times (x 82B)
Class com.google.common.io.ByteArrayDataOutput                                        : loaded 2 times (x 70B)
Class org.gradle.tooling.internal.consumer.connection.ToolingParameterProxy           : loaded 2 times (x 76B)
Class com.android.tools.idea.gradle.project.sync.AndroidSdkBootClasspathUtilKt        : loaded 2 times (x 71B)
Class com.android.tools.idea.gradle.model.impl.IdeVariantCoreImpl                     : loaded 2 times (x 108B)
Class com.android.tools.idea.gradle.model.impl.IdeExtraSourceProviderImpl             : loaded 2 times (x 76B)
Class com.android.tools.idea.gradle.project.sync.VariantDef                           : loaded 2 times (x 72B)
Class com.android.tools.idea.gradle.project.sync.AgpVersionTooOld                     : loaded 2 times (x 82B)
Class com.android.tools.idea.gradle.project.sync.ClasspathIdentifier                  : loaded 2 times (x 72B)
Class com.android.tools.idea.gradle.project.sync.VariantDiscovery$toTraverseAction$1$1$moduleDependencies$1: loaded 2 times (x 129B)
Class org.gradle.api.internal.classpath.ManifestUtil                                  : loaded 2 times (x 71B)
Class com.google.gson.JsonObject                                                      : loaded 2 times (x 93B)
Class com.google.common.io.ByteSource                                                 : loaded 2 times (x 84B)
Class com.google.common.util.concurrent.AbstractFuture$SetFuture                      : loaded 2 times (x 75B)
Class com.google.common.cache.AbstractCache$StatsCounter                              : loaded 2 times (x 70B)
Class com.google.gson.Gson$2                                                          : loaded 2 times (x 76B)
Class com.google.common.util.concurrent.ExecutionError                                : loaded 2 times (x 82B)
Class com.google.common.collect.ImmutableEnumSet                                      : loaded 2 times (x 146B)
Class com.android.builder.model.v2.ide.TestSuiteTarget                                : loaded 2 times (x 70B)
Class com.google.common.collect.AbstractMapBasedMultimap$WrappedCollection            : loaded 2 times (x 124B)
Class com.intellij.gradle.toolingExtension.modelAction.GradleModelFetchPhase$ProjectLoaded: loaded 2 times (x 70B)
Class com.intellij.gradle.toolingExtension.modelProvider.GradleClassProjectModelProvider: loaded 2 times (x 80B)
Class com.android.tools.idea.gradle.model.impl.FileImpl                               : loaded 2 times (x 121B)
Class com.android.tools.idea.gradle.model.IdeVectorDrawablesOptions                   : loaded 2 times (x 70B)
Class org.gradle.tooling.internal.consumer.converters.IncludedBuildsMixin             : loaded 2 times (x 74B)
Class com.android.tools.idea.gradle.model.IdeSourceProvider                           : loaded 2 times (x 72B)
Class com.android.tools.idea.gradle.model.IdeTestOptions                              : loaded 2 times (x 70B)
Class com.intellij.openapi.diagnostic.DefaultLogger                                   : loaded 2 times (x 101B)
Class com.intellij.openapi.diagnostic.Attachment                                      : loaded 2 times (x 72B)
Class com.android.tools.idea.gradle.project.sync.GradleProject$ModelConsumer          : loaded 2 times (x 72B)
Class com.google.common.io.LineBuffer                                                 : loaded 2 times (x 75B)
Class com.google.common.collect.MapMakerInternalMap$1                                 : loaded 2 times (x 83B)
Class com.google.gson.internal.bind.ReflectiveTypeAdapterFactory$BoundField           : loaded 2 times (x 75B)
Class com.google.gson.Gson$3                                                          : loaded 2 times (x 75B)
Class org.gradle.internal.installation.GradleInstallation                             : loaded 2 times (x 75B)
Class org.gradle.internal.classloader.ClassLoaderHierarchy                            : loaded 2 times (x 70B)
Class com.android.tools.idea.gradle.project.sync.StandaloneDeliverableModel$Companion : loaded 2 times (x 71B)
Class com.android.tools.idea.gradle.project.sync.AgpCompatibilityKt                   : loaded 2 times (x 71B)
Class [Lcom.google.common.base.AbstractIterator$State;                                : loaded 2 times (x 69B)
Class com.google.common.io.FileWriteMode                                              : loaded 2 times (x 79B)
Class [Lcom.google.common.collect.MapMakerInternalMap$Segment;                        : loaded 2 times (x 69B)
Class org.gradle.tooling.model.gradle.BasicGradleProject                              : loaded 2 times (x 70B)
Class org.gradle.tooling.internal.adapter.ProtocolToModelAdapter$2                    : loaded 2 times (x 78B)
Class com.android.tools.idea.gradle.project.sync.HasLintJar                           : loaded 2 times (x 70B)
Class [Lcom.google.common.hash.Hashing$ChecksumType;                                  : loaded 2 times (x 69B)
Class com.google.common.base.Splitter$Strategy                                        : loaded 2 times (x 70B)
Class com.google.gson.internal.bind.DefaultDateTypeAdapter$1                          : loaded 2 times (x 75B)
Class com.google.gson.Gson$4                                                          : loaded 2 times (x 76B)
Class com.google.gson.internal.ConstructorConstructor                                 : loaded 2 times (x 72B)
Class com.google.common.collect.Iterables                                             : loaded 2 times (x 71B)
Class ijKotlinCoroutineJvmDebugInit2_1olfkkwxjlgu1be2ede06tci2$_run_closure1$_closure2: loaded 2 times (x 139B)
Class org.jetbrains.plugins.gradle.tooling.serialization.internal.IdeaProjectSerializationService$11: loaded 2 times (x 76B)
Class org.gradle.internal.classloader.FilteringClassLoader                            : loaded 2 times (x 105B)
Class com.google.common.collect.RegularImmutableMap$KeySet                            : loaded 2 times (x 152B)
Class com.google.gson.internal.bind.ObjectTypeAdapter$1                               : loaded 2 times (x 76B)
Class com.google.common.base.Equivalence$Identity                                     : loaded 2 times (x 82B)
Class com.google.common.base.PairwiseEquivalence                                      : loaded 2 times (x 83B)
Class com.google.gson.Gson$FutureTypeAdapter                                          : loaded 2 times (x 76B)
Class com.google.common.io.LineReader                                                 : loaded 2 times (x 72B)
Class org.jetbrains.plugins.gradle.model.ProjectImportModelProvider$GradleModelConsumer: loaded 2 times (x 70B)
Class com.android.tools.idea.gradle.project.sync.ModelFeature                         : loaded 2 times (x 79B)
Class com.android.tools.idea.gradle.model.impl.IdeBuildTypeImpl                       : loaded 2 times (x 93B)
Class com.android.tools.idea.gradle.model.impl.IdeAndroidArtifactCoreImpl             : loaded 2 times (x 103B)
Class com.android.tools.idea.gradle.project.sync.ArtifactDependenciesCompat           : loaded 2 times (x 72B)
Class org.gradle.tooling.model.internal.Exceptions                                    : loaded 2 times (x 71B)
Class com.android.tools.idea.gradle.project.sync.DependencyGraphCompat$AdjacencyList  : loaded 2 times (x 72B)
Class org.gradle.tooling.UnsupportedVersionException                                  : loaded 2 times (x 83B)
Class com.intellij.gradle.toolingExtension.impl.model.buildScriptClasspathModel.GradleBuildScriptClasspathModelProvider: loaded 2 times (x 79B)
Class com.intellij.gradle.toolingExtension.impl.modelAction.GradleModelFetchAction    : loaded 2 times (x 86B)
Class org.gradle.tooling.BuildAction                                                  : loaded 2 times (x 70B)
Class com.google.gson.ReflectionAccessFilter$FilterResult                             : loaded 2 times (x 79B)
Class com.google.gson.Gson$5                                                          : loaded 2 times (x 76B)

---------------  S Y S T E M  ---------------

OS:
 Windows 11 , 64 bit Build 26100 (10.0.26100.8875)
OS uptime: 1 days 20:17 hours
Hyper-V role detected

CPU: total 8 (initial active 8) (4 cores per cpu, 2 threads per core) family 6 model 142 stepping 12 microcode 0x100, cx8, cmov, fxsr, ht, mmx, 3dnowpref, sse, sse2, sse3, ssse3, sse4.1, sse4.2, popcnt, lzcnt, tsc, tscinvbit, avx, avx2, aes, erms, clmul, bmi1, bmi2, adx, fma, vzeroupper, clflush, clflushopt, hv, rdtscp, f16c
Processor Information for the first 8 processors :
  Max Mhz: 1896, Current Mhz: 1596, Mhz Limit: 1592

Memory: 4k page, system-wide physical 16190M (967M free)
TotalPageFile size 18238M (AvailPageFile size 5M)
current process WorkingSet (physical memory assigned to process): 1163M, peak: 1181M
current process commit charge ("private bytes"): 1199M, peak: 1230M

vm_info: OpenJDK 64-Bit Server VM (21.0.10+-14961533-b1163.108) for windows-amd64 JRE (21.0.10+-14961533-b1163.108), built on 2026-03-02T19:58:50Z by "builder" with MS VC++ 16.10 / 16.11 (VS2019)

END.
